site,url,http_status,indexable,meta_robots,x_robots,canonical,in_sitemap,incoming_links,language,page_type,bing_status,recommended_state,reason
roomfeng.win,https://roomfeng.win/,200,True,,,https://roomfeng.win/,True,1451,zh,Homepage,UNKNOWN (supplied aggregate only),KEEP_INDEXABLE,current HTTP/robots eligibility; quality and search indexing separate
roomfeng.win,https://roomfeng.win/about/,200,True,,,https://roomfeng.win/about/,True,1414,zh,Content,UNKNOWN (supplied aggregate only),KEEP_INDEXABLE,current HTTP/robots eligibility; quality and search indexing separate
roomfeng.win,https://roomfeng.win/changelog/,200,True,,,https://roomfeng.win/changelog/,True,1414,zh,Content,UNKNOWN (supplied aggregate only),KEEP_INDEXABLE,current HTTP/robots eligibility; quality and search indexing separate
roomfeng.win,https://roomfeng.win/contact/,200,True,,,https://roomfeng.win/contact/,True,1414,zh,Content,UNKNOWN (supplied aggregate only),KEEP_INDEXABLE,current HTTP/robots eligibility; quality and search indexing separate
roomfeng.win,https://roomfeng.win/disclaimer/,200,True,,,https://roomfeng.win/disclaimer/,True,1414,zh,Content,UNKNOWN (supplied aggregate only),KEEP_INDEXABLE,current HTTP/robots eligibility; quality and search indexing separate
roomfeng.win,https://roomfeng.win/en/,200,True,,,https://roomfeng.win/en/,True,1451,en,Homepage,UNKNOWN (supplied aggregate only),KEEP_INDEXABLE,current HTTP/robots eligibility; quality and search indexing separate
roomfeng.win,https://roomfeng.win/privacy/,200,True,,,https://roomfeng.win/privacy/,True,1414,zh,Content,UNKNOWN (supplied aggregate only),KEEP_INDEXABLE,current HTTP/robots eligibility; quality and search indexing separate
roomfeng.win,https://roomfeng.win/support/,200,True,,,https://roomfeng.win/support/,True,1413,zh,Content,UNKNOWN (supplied aggregate only),KEEP_INDEXABLE,current HTTP/robots eligibility; quality and search indexing separate
roomfeng.win,https://roomfeng.win/terms/,200,True,,,https://roomfeng.win/terms/,True,1414,zh,Content,UNKNOWN (supplied aggregate only),KEEP_INDEXABLE,current HTTP/robots eligibility; quality and search indexing separate
roomfeng.win,https://roomfeng.win/zh/bed-desk-wardrobe-layout/,200,True,,,https://roomfeng.win/zh/bed-desk-wardrobe-layout/,True,99,zh,Content,UNKNOWN (supplied aggregate only),KEEP_INDEXABLE,current HTTP/robots eligibility; quality and search indexing separate
roomfeng.win,https://roomfeng.win/zh/bed-door-fix-selector/,200,True,,,https://roomfeng.win/zh/bed-door-fix-selector/,True,42,zh,Content,UNKNOWN (supplied aggregate only),KEEP_INDEXABLE,current HTTP/robots eligibility; quality and search indexing separate
roomfeng.win,https://roomfeng.win/zh/blog/,200,True,,,https://roomfeng.win/zh/blog/,True,1413,zh,Blog,UNKNOWN (supplied aggregate only),KEEP_INDEXABLE,current HTTP/robots eligibility; quality and search indexing separate
roomfeng.win,https://roomfeng.win/zh/blog/beam-over-desk-bed-layout/,200,True,,,https://roomfeng.win/zh/blog/beam-over-desk-bed-layout/,True,12,zh,Blog,UNKNOWN (supplied aggregate only),KEEP_INDEXABLE,current HTTP/robots eligibility; quality and search indexing separate
roomfeng.win,https://roomfeng.win/zh/blog/bed-facing-door-feng-shui/,200,True,,,https://roomfeng.win/zh/blog/bed-facing-door-feng-shui/,True,51,zh,Blog,UNKNOWN (supplied aggregate only),KEEP_INDEXABLE,current HTTP/robots eligibility; quality and search indexing separate
roomfeng.win,https://roomfeng.win/zh/blog/bed-size-room-guide/,200,True,,,https://roomfeng.win/zh/blog/bed-size-room-guide/,True,40,zh,Blog,UNKNOWN (supplied aggregate only),KEEP_INDEXABLE,current HTTP/robots eligibility; quality and search indexing separate
roomfeng.win,https://roomfeng.win/zh/blog/room-circulation-width-guide/,200,True,,,https://roomfeng.win/zh/blog/room-circulation-width-guide/,True,671,zh,Blog,UNKNOWN (supplied aggregate only),KEEP_INDEXABLE,current HTTP/robots eligibility; quality and search indexing separate
roomfeng.win,https://roomfeng.win/zh/blog/small-room-storage-zones/,200,True,,,https://roomfeng.win/zh/blog/small-room-storage-zones/,True,50,zh,Blog,UNKNOWN (supplied aggregate only),KEEP_INDEXABLE,current HTTP/robots eligibility; quality and search indexing separate
roomfeng.win,https://roomfeng.win/zh/blog/tiny-room-layout-under-5-ping/,200,True,,,https://roomfeng.win/zh/blog/tiny-room-layout-under-5-ping/,True,19,zh,Blog,UNKNOWN (supplied aggregate only),KEEP_INDEXABLE,current HTTP/robots eligibility; quality and search indexing separate
roomfeng.win,https://roomfeng.win/zh/category/bedroom/,200,True,,,https://roomfeng.win/zh/category/bedroom/,True,173,zh,Category,UNKNOWN (supplied aggregate only),KEEP_INDEXABLE,current HTTP/robots eligibility; quality and search indexing separate
roomfeng.win,https://roomfeng.win/zh/category/faq/,200,True,,,https://roomfeng.win/zh/category/faq/,True,30,zh,Category,UNKNOWN (supplied aggregate only),KEEP_INDEXABLE,current HTTP/robots eligibility; quality and search indexing separate
roomfeng.win,https://roomfeng.win/zh/category/feng-shui/,200,True,,,https://roomfeng.win/zh/category/feng-shui/,True,964,zh,Category,UNKNOWN (supplied aggregate only),KEEP_INDEXABLE,current HTTP/robots eligibility; quality and search indexing separate
roomfeng.win,https://roomfeng.win/zh/category/living-room/,200,True,,,https://roomfeng.win/zh/category/living-room/,True,30,zh,Category,UNKNOWN (supplied aggregate only),KEEP_INDEXABLE,current HTTP/robots eligibility; quality and search indexing separate
roomfeng.win,https://roomfeng.win/zh/category/moving/,200,True,,,https://roomfeng.win/zh/category/moving/,True,34,zh,Category,UNKNOWN (supplied aggregate only),KEEP_INDEXABLE,current HTTP/robots eligibility; quality and search indexing separate
roomfeng.win,https://roomfeng.win/zh/category/room-planning/,200,True,,,https://roomfeng.win/zh/category/room-planning/,True,196,zh,Category,UNKNOWN (supplied aggregate only),KEEP_INDEXABLE,current HTTP/robots eligibility; quality and search indexing separate
roomfeng.win,https://roomfeng.win/zh/category/small-room/,200,True,,,https://roomfeng.win/zh/category/small-room/,True,98,zh,Category,UNKNOWN (supplied aggregate only),KEEP_INDEXABLE,current HTTP/robots eligibility; quality and search indexing separate
roomfeng.win,https://roomfeng.win/zh/category/storage/,200,True,,,https://roomfeng.win/zh/category/storage/,True,45,zh,Category,UNKNOWN (supplied aggregate only),KEEP_INDEXABLE,current HTTP/robots eligibility; quality and search indexing separate
roomfeng.win,https://roomfeng.win/zh/category/tutorial/,200,True,,,https://roomfeng.win/zh/category/tutorial/,True,30,zh,Category,UNKNOWN (supplied aggregate only),KEEP_INDEXABLE,current HTTP/robots eligibility; quality and search indexing separate
roomfeng.win,https://roomfeng.win/zh/desk-placement-feng-shui/,200,True,,,https://roomfeng.win/zh/desk-placement-feng-shui/,True,48,zh,Content,UNKNOWN (supplied aggregate only),KEEP_INDEXABLE,current HTTP/robots eligibility; quality and search indexing separate
roomfeng.win,https://roomfeng.win/zh/feng-shui-bedroom-checker/,200,True,,,https://roomfeng.win/zh/feng-shui-bedroom-checker/,True,123,zh,Content,UNKNOWN (supplied aggregate only),KEEP_INDEXABLE,current HTTP/robots eligibility; quality and search indexing separate
roomfeng.win,https://roomfeng.win/zh/furniture-fit-checker/,200,True,,,https://roomfeng.win/zh/furniture-fit-checker/,True,1413,zh,Content,UNKNOWN (supplied aggregate only),KEEP_INDEXABLE,current HTTP/robots eligibility; quality and search indexing separate
roomfeng.win,https://roomfeng.win/zh/moving-furniture-size-check/,200,True,,,https://roomfeng.win/zh/moving-furniture-size-check/,True,1413,zh,Content,UNKNOWN (supplied aggregate only),KEEP_INDEXABLE,current HTTP/robots eligibility; quality and search indexing separate
roomfeng.win,https://roomfeng.win/zh/room-furniture-size-advisor/,200,True,,,https://roomfeng.win/zh/room-furniture-size-advisor/,True,26,zh,Content,UNKNOWN (supplied aggregate only),KEEP_INDEXABLE,current HTTP/robots eligibility; quality and search indexing separate
roomfeng.win,https://roomfeng.win/zh/room-layout-planner/,200,True,,,https://roomfeng.win/zh/room-layout-planner/,True,1414,zh,Content,UNKNOWN (supplied aggregate only),KEEP_INDEXABLE,current HTTP/robots eligibility; quality and search indexing separate
roomfeng.win,https://roomfeng.win/zh/room-size-layout-templates/,200,True,,,https://roomfeng.win/zh/room-size-layout-templates/,True,1413,zh,Content,UNKNOWN (supplied aggregate only),KEEP_INDEXABLE,current HTTP/robots eligibility; quality and search indexing separate
roomfeng.win,https://roomfeng.win/zh/small-bedroom-layout/,200,True,,,https://roomfeng.win/zh/small-bedroom-layout/,True,146,zh,Content,UNKNOWN (supplied aggregate only),KEEP_INDEXABLE,current HTTP/robots eligibility; quality and search indexing separate
roomfeng.win,https://roomfeng.win/zh/small-room-storage-planner/,200,True,,,https://roomfeng.win/zh/small-room-storage-planner/,True,75,zh,Content,UNKNOWN (supplied aggregate only),KEEP_INDEXABLE,current HTTP/robots eligibility; quality and search indexing separate
roomfeng.win,https://roomfeng.win/cdn-cgi/l/email-protection,404,False,"noindex, nofollow",,,False,11,en-US,Content,UNKNOWN (supplied aggregate only),ERROR,current HTTP error; inspect source before repair
roomfeng.win,https://roomfeng.win/en/about/,200,True,,,https://roomfeng.win/en/about/,True,45,en,Content,UNKNOWN (supplied aggregate only),KEEP_INDEXABLE,current HTTP/robots eligibility; quality and search indexing separate
roomfeng.win,https://roomfeng.win/en/apartment-furniture-planner/,200,True,,,https://roomfeng.win/en/apartment-furniture-planner/,True,8,en,Content,UNKNOWN (supplied aggregate only),KEEP_INDEXABLE,current HTTP/robots eligibility; quality and search indexing separate
roomfeng.win,https://roomfeng.win/en/awkward-living-room-layout/,200,True,,,https://roomfeng.win/en/awkward-living-room-layout/,True,4,en,Content,UNKNOWN (supplied aggregate only),KEEP_INDEXABLE,current HTTP/robots eligibility; quality and search indexing separate
roomfeng.win,https://roomfeng.win/en/bed-desk-wardrobe-layout/,200,True,,,https://roomfeng.win/en/bed-desk-wardrobe-layout/,True,6,en,Content,UNKNOWN (supplied aggregate only),KEEP_INDEXABLE,current HTTP/robots eligibility; quality and search indexing separate
roomfeng.win,https://roomfeng.win/en/bed-facing-door-feng-shui/,200,True,,,https://roomfeng.win/en/bed-facing-door-feng-shui/,True,4,en,Content,UNKNOWN (supplied aggregate only),KEEP_INDEXABLE,current HTTP/robots eligibility; quality and search indexing separate
roomfeng.win,https://roomfeng.win/en/bed-room-fit-calculator/,200,True,,,https://roomfeng.win/en/bed-room-fit-calculator/,True,7,en,Content,UNKNOWN (supplied aggregate only),KEEP_INDEXABLE,current HTTP/robots eligibility; quality and search indexing separate
roomfeng.win,https://roomfeng.win/en/changelog/,200,True,,,https://roomfeng.win/en/changelog/,True,45,en,Content,UNKNOWN (supplied aggregate only),KEEP_INDEXABLE,current HTTP/robots eligibility; quality and search indexing separate
roomfeng.win,https://roomfeng.win/en/contact/,200,True,,,https://roomfeng.win/en/contact/,True,45,en,Content,UNKNOWN (supplied aggregate only),KEEP_INDEXABLE,current HTTP/robots eligibility; quality and search indexing separate
roomfeng.win,https://roomfeng.win/en/disclaimer/,200,True,,,https://roomfeng.win/en/disclaimer/,True,45,en,Content,UNKNOWN (supplied aggregate only),KEEP_INDEXABLE,current HTTP/robots eligibility; quality and search indexing separate
roomfeng.win,https://roomfeng.win/en/feng-shui-bed-placement/,200,True,,,https://roomfeng.win/en/feng-shui-bed-placement/,True,4,en,Content,UNKNOWN (supplied aggregate only),KEEP_INDEXABLE,current HTTP/robots eligibility; quality and search indexing separate
roomfeng.win,https://roomfeng.win/en/furniture-fit-calculator/,200,True,,,https://roomfeng.win/en/furniture-fit-calculator/,True,7,en,Content,UNKNOWN (supplied aggregate only),KEEP_INDEXABLE,current HTTP/robots eligibility; quality and search indexing separate
roomfeng.win,https://roomfeng.win/en/furniture-fit-checker/,200,True,,,https://roomfeng.win/en/furniture-fit-checker/,True,44,en,Content,UNKNOWN (supplied aggregate only),KEEP_INDEXABLE,current HTTP/robots eligibility; quality and search indexing separate
roomfeng.win,https://roomfeng.win/en/layout-guides/10x10-bedroom-layout/,200,True,,,https://roomfeng.win/en/layout-guides/10x10-bedroom-layout/,True,44,en,Content,UNKNOWN (supplied aggregate only),KEEP_INDEXABLE,current HTTP/robots eligibility; quality and search indexing separate
roomfeng.win,https://roomfeng.win/en/living-room-layout-with-fireplace-and-tv/,200,True,,,https://roomfeng.win/en/living-room-layout-with-fireplace-and-tv/,True,4,en,Content,UNKNOWN (supplied aggregate only),KEEP_INDEXABLE,current HTTP/robots eligibility; quality and search indexing separate
roomfeng.win,https://roomfeng.win/en/long-narrow-living-room-layout/,200,True,,,https://roomfeng.win/en/long-narrow-living-room-layout/,True,4,en,Content,UNKNOWN (supplied aggregate only),KEEP_INDEXABLE,current HTTP/robots eligibility; quality and search indexing separate
roomfeng.win,https://roomfeng.win/en/mirror-facing-bed-feng-shui/,200,True,,,https://roomfeng.win/en/mirror-facing-bed-feng-shui/,True,4,en,Content,UNKNOWN (supplied aggregate only),KEEP_INDEXABLE,current HTTP/robots eligibility; quality and search indexing separate
roomfeng.win,https://roomfeng.win/en/moving-furniture-size-check/,200,True,,,https://roomfeng.win/en/moving-furniture-size-check/,True,44,en,Content,UNKNOWN (supplied aggregate only),KEEP_INDEXABLE,current HTTP/robots eligibility; quality and search indexing separate
roomfeng.win,https://roomfeng.win/en/privacy/,200,True,,,https://roomfeng.win/en/privacy/,True,45,en,Content,UNKNOWN (supplied aggregate only),KEEP_INDEXABLE,current HTTP/robots eligibility; quality and search indexing separate
roomfeng.win,https://roomfeng.win/en/room-layout-planner/,200,True,,,https://roomfeng.win/en/room-layout-planner/,True,45,en,Content,UNKNOWN (supplied aggregate only),KEEP_INDEXABLE,current HTTP/robots eligibility; quality and search indexing separate
roomfeng.win,https://roomfeng.win/en/room-size-layout-templates/,200,True,,,https://roomfeng.win/en/room-size-layout-templates/,True,44,en,Content,UNKNOWN (supplied aggregate only),KEEP_INDEXABLE,current HTTP/robots eligibility; quality and search indexing separate
roomfeng.win,https://roomfeng.win/en/small-bedroom-layout-planner/,200,True,,,https://roomfeng.win/en/small-bedroom-layout-planner/,True,7,en,Content,UNKNOWN (supplied aggregate only),KEEP_INDEXABLE,current HTTP/robots eligibility; quality and search indexing separate
roomfeng.win,https://roomfeng.win/en/studio-apartment-layout/,200,True,,,https://roomfeng.win/en/studio-apartment-layout/,True,9,en,Content,UNKNOWN (supplied aggregate only),KEEP_INDEXABLE,current HTTP/robots eligibility; quality and search indexing separate
roomfeng.win,https://roomfeng.win/en/terms/,200,True,,,https://roomfeng.win/en/terms/,True,45,en,Content,UNKNOWN (supplied aggregate only),KEEP_INDEXABLE,current HTTP/robots eligibility; quality and search indexing separate
roomfeng.win,https://roomfeng.win/zh/beam-layout-fix-check/,200,True,,,https://roomfeng.win/zh/beam-layout-fix-check/,True,24,zh,Content,UNKNOWN (supplied aggregate only),KEEP_INDEXABLE,current HTTP/robots eligibility; quality and search indexing separate
roomfeng.win,https://roomfeng.win/zh/bedroom-feng-shui-layout/,200,True,,,https://roomfeng.win/zh/bedroom-feng-shui-layout/,True,54,zh,Content,UNKNOWN (supplied aggregate only),KEEP_INDEXABLE,current HTTP/robots eligibility; quality and search indexing separate
roomfeng.win,https://roomfeng.win/zh/blog/10/,200,True,,,https://roomfeng.win/zh/blog/10/,True,27,zh,Blog,UNKNOWN (supplied aggregate only),KEEP_INDEXABLE,current HTTP/robots eligibility; quality and search indexing separate
roomfeng.win,https://roomfeng.win/zh/blog/11/,200,True,,,https://roomfeng.win/zh/blog/11/,True,27,zh,Blog,UNKNOWN (supplied aggregate only),KEEP_INDEXABLE,current HTTP/robots eligibility; quality and search indexing separate
roomfeng.win,https://roomfeng.win/zh/blog/12/,200,True,,,https://roomfeng.win/zh/blog/12/,True,27,zh,Blog,UNKNOWN (supplied aggregate only),KEEP_INDEXABLE,current HTTP/robots eligibility; quality and search indexing separate
roomfeng.win,https://roomfeng.win/zh/blog/13/,200,True,,,https://roomfeng.win/zh/blog/13/,True,27,zh,Blog,UNKNOWN (supplied aggregate only),KEEP_INDEXABLE,current HTTP/robots eligibility; quality and search indexing separate
roomfeng.win,https://roomfeng.win/zh/blog/14/,200,True,,,https://roomfeng.win/zh/blog/14/,True,27,zh,Blog,UNKNOWN (supplied aggregate only),KEEP_INDEXABLE,current HTTP/robots eligibility; quality and search indexing separate
roomfeng.win,https://roomfeng.win/zh/blog/15/,200,True,,,https://roomfeng.win/zh/blog/15/,True,27,zh,Blog,UNKNOWN (supplied aggregate only),KEEP_INDEXABLE,current HTTP/robots eligibility; quality and search indexing separate
roomfeng.win,https://roomfeng.win/zh/blog/16/,200,True,,,https://roomfeng.win/zh/blog/16/,True,27,zh,Blog,UNKNOWN (supplied aggregate only),KEEP_INDEXABLE,current HTTP/robots eligibility; quality and search indexing separate
roomfeng.win,https://roomfeng.win/zh/blog/17/,200,True,,,https://roomfeng.win/zh/blog/17/,True,27,zh,Blog,UNKNOWN (supplied aggregate only),KEEP_INDEXABLE,current HTTP/robots eligibility; quality and search indexing separate
roomfeng.win,https://roomfeng.win/zh/blog/18/,200,True,,,https://roomfeng.win/zh/blog/18/,True,27,zh,Blog,UNKNOWN (supplied aggregate only),KEEP_INDEXABLE,current HTTP/robots eligibility; quality and search indexing separate
roomfeng.win,https://roomfeng.win/zh/blog/19/,200,True,,,https://roomfeng.win/zh/blog/19/,True,27,zh,Blog,UNKNOWN (supplied aggregate only),KEEP_INDEXABLE,current HTTP/robots eligibility; quality and search indexing separate
roomfeng.win,https://roomfeng.win/zh/blog/2/,200,True,,,https://roomfeng.win/zh/blog/2/,True,27,zh,Blog,UNKNOWN (supplied aggregate only),KEEP_INDEXABLE,current HTTP/robots eligibility; quality and search indexing separate
roomfeng.win,https://roomfeng.win/zh/blog/20/,200,True,,,https://roomfeng.win/zh/blog/20/,True,27,zh,Blog,UNKNOWN (supplied aggregate only),KEEP_INDEXABLE,current HTTP/robots eligibility; quality and search indexing separate
roomfeng.win,https://roomfeng.win/zh/blog/21/,200,True,,,https://roomfeng.win/zh/blog/21/,True,27,zh,Blog,UNKNOWN (supplied aggregate only),KEEP_INDEXABLE,current HTTP/robots eligibility; quality and search indexing separate
roomfeng.win,https://roomfeng.win/zh/blog/22/,200,True,,,https://roomfeng.win/zh/blog/22/,True,27,zh,Blog,UNKNOWN (supplied aggregate only),KEEP_INDEXABLE,current HTTP/robots eligibility; quality and search indexing separate
roomfeng.win,https://roomfeng.win/zh/blog/23/,200,True,,,https://roomfeng.win/zh/blog/23/,True,27,zh,Blog,UNKNOWN (supplied aggregate only),KEEP_INDEXABLE,current HTTP/robots eligibility; quality and search indexing separate
roomfeng.win,https://roomfeng.win/zh/blog/24/,200,True,,,https://roomfeng.win/zh/blog/24/,True,27,zh,Blog,UNKNOWN (supplied aggregate only),KEEP_INDEXABLE,current HTTP/robots eligibility; quality and search indexing separate
roomfeng.win,https://roomfeng.win/zh/blog/25/,200,True,,,https://roomfeng.win/zh/blog/25/,True,27,zh,Blog,UNKNOWN (supplied aggregate only),KEEP_INDEXABLE,current HTTP/robots eligibility; quality and search indexing separate
roomfeng.win,https://roomfeng.win/zh/blog/26/,200,True,,,https://roomfeng.win/zh/blog/26/,True,27,zh,Blog,UNKNOWN (supplied aggregate only),KEEP_INDEXABLE,current HTTP/robots eligibility; quality and search indexing separate
roomfeng.win,https://roomfeng.win/zh/blog/27/,200,True,,,https://roomfeng.win/zh/blog/27/,True,27,zh,Blog,UNKNOWN (supplied aggregate only),KEEP_INDEXABLE,current HTTP/robots eligibility; quality and search indexing separate
roomfeng.win,https://roomfeng.win/zh/blog/3/,200,True,,,https://roomfeng.win/zh/blog/3/,True,27,zh,Blog,UNKNOWN (supplied aggregate only),KEEP_INDEXABLE,current HTTP/robots eligibility; quality and search indexing separate
roomfeng.win,https://roomfeng.win/zh/blog/4/,200,True,,,https://roomfeng.win/zh/blog/4/,True,27,zh,Blog,UNKNOWN (supplied aggregate only),KEEP_INDEXABLE,current HTTP/robots eligibility; quality and search indexing separate
roomfeng.win,https://roomfeng.win/zh/blog/5/,200,True,,,https://roomfeng.win/zh/blog/5/,True,27,zh,Blog,UNKNOWN (supplied aggregate only),KEEP_INDEXABLE,current HTTP/robots eligibility; quality and search indexing separate
roomfeng.win,https://roomfeng.win/zh/blog/6/,200,True,,,https://roomfeng.win/zh/blog/6/,True,27,zh,Blog,UNKNOWN (supplied aggregate only),KEEP_INDEXABLE,current HTTP/robots eligibility; quality and search indexing separate
roomfeng.win,https://roomfeng.win/zh/blog/7/,200,True,,,https://roomfeng.win/zh/blog/7/,True,27,zh,Blog,UNKNOWN (supplied aggregate only),KEEP_INDEXABLE,current HTTP/robots eligibility; quality and search indexing separate
roomfeng.win,https://roomfeng.win/zh/blog/8/,200,True,,,https://roomfeng.win/zh/blog/8/,True,27,zh,Blog,UNKNOWN (supplied aggregate only),KEEP_INDEXABLE,current HTTP/robots eligibility; quality and search indexing separate
roomfeng.win,https://roomfeng.win/zh/blog/9/,200,True,,,https://roomfeng.win/zh/blog/9/,True,27,zh,Blog,UNKNOWN (supplied aggregate only),KEEP_INDEXABLE,current HTTP/robots eligibility; quality and search indexing separate
roomfeng.win,https://roomfeng.win/zh/blog/air-conditioner-bedroom-layout/,200,True,,,https://roomfeng.win/zh/blog/air-conditioner-bedroom-layout/,True,28,zh,Blog,UNKNOWN (supplied aggregate only),KEEP_INDEXABLE,current HTTP/robots eligibility; quality and search indexing separate
roomfeng.win,https://roomfeng.win/zh/blog/bathroom-toilet-ventilation-feng-shui/,200,True,,,https://roomfeng.win/zh/blog/bathroom-toilet-ventilation-feng-shui/,True,37,zh,Blog,UNKNOWN (supplied aggregate only),KEEP_INDEXABLE,current HTTP/robots eligibility; quality and search indexing separate
roomfeng.win,https://roomfeng.win/zh/blog/beam-over-desk-workspace-guide/,200,True,,,https://roomfeng.win/zh/blog/beam-over-desk-workspace-guide/,True,6,zh,Blog,UNKNOWN (supplied aggregate only),KEEP_INDEXABLE,current HTTP/robots eligibility; quality and search indexing separate
roomfeng.win,https://roomfeng.win/zh/blog/bed-against-wall-bed-frame-drawer-feng-shui/,200,True,,,https://roomfeng.win/zh/blog/bed-against-wall-bed-frame-drawer-feng-shui/,True,6,zh,Blog,UNKNOWN (supplied aggregate only),KEEP_INDEXABLE,current HTTP/robots eligibility; quality and search indexing separate
roomfeng.win,https://roomfeng.win/zh/blog/bed-against-wall-bedside-cleaning-feng-shui/,200,True,,,https://roomfeng.win/zh/blog/bed-against-wall-bedside-cleaning-feng-shui/,True,15,zh,Blog,UNKNOWN (supplied aggregate only),KEEP_INDEXABLE,current HTTP/robots eligibility; quality and search indexing separate
roomfeng.win,https://roomfeng.win/zh/blog/bed-against-wall-bedside-storage-feng-shui/,200,True,,,https://roomfeng.win/zh/blog/bed-against-wall-bedside-storage-feng-shui/,True,7,zh,Blog,UNKNOWN (supplied aggregate only),KEEP_INDEXABLE,current HTTP/robots eligibility; quality and search indexing separate
roomfeng.win,https://roomfeng.win/zh/blog/bed-against-wall-bedside-table-route-feng-shui/,200,True,,,https://roomfeng.win/zh/blog/bed-against-wall-bedside-table-route-feng-shui/,True,10,zh,Blog,UNKNOWN (supplied aggregate only),KEEP_INDEXABLE,current HTTP/robots eligibility; quality and search indexing separate
roomfeng.win,https://roomfeng.win/zh/blog/bed-against-wall-charging-cable-feng-shui/,200,True,,,https://roomfeng.win/zh/blog/bed-against-wall-charging-cable-feng-shui/,True,5,zh,Blog,UNKNOWN (supplied aggregate only),KEEP_INDEXABLE,current HTTP/robots eligibility; quality and search indexing separate
roomfeng.win,https://roomfeng.win/zh/blog/bed-against-wall-child-safety-feng-shui/,200,True,,,https://roomfeng.win/zh/blog/bed-against-wall-child-safety-feng-shui/,True,4,zh,Blog,UNKNOWN (supplied aggregate only),KEEP_INDEXABLE,current HTTP/robots eligibility; quality and search indexing separate
roomfeng.win,https://roomfeng.win/zh/blog/bed-against-wall-doorway-route-feng-shui/,200,True,,,https://roomfeng.win/zh/blog/bed-against-wall-doorway-route-feng-shui/,True,10,zh,Blog,UNKNOWN (supplied aggregate only),KEEP_INDEXABLE,current HTTP/robots eligibility; quality and search indexing separate
roomfeng.win,https://roomfeng.win/zh/blog/bed-against-wall-double-bed-exit-feng-shui/,200,True,,,https://roomfeng.win/zh/blog/bed-against-wall-double-bed-exit-feng-shui/,True,16,zh,Blog,UNKNOWN (supplied aggregate only),KEEP_INDEXABLE,current HTTP/robots eligibility; quality and search indexing separate
roomfeng.win,https://roomfeng.win/zh/blog/bed-against-wall-elder-care-feng-shui/,200,True,,,https://roomfeng.win/zh/blog/bed-against-wall-elder-care-feng-shui/,True,3,zh,Blog,UNKNOWN (supplied aggregate only),KEEP_INDEXABLE,current HTTP/robots eligibility; quality and search indexing separate
roomfeng.win,https://roomfeng.win/zh/blog/bed-against-wall-folding-bed-feng-shui/,200,True,,,https://roomfeng.win/zh/blog/bed-against-wall-folding-bed-feng-shui/,True,3,zh,Blog,UNKNOWN (supplied aggregate only),KEEP_INDEXABLE,current HTTP/robots eligibility; quality and search indexing separate
roomfeng.win,https://roomfeng.win/zh/blog/bed-against-wall-headboard-gap-feng-shui/,200,True,,,https://roomfeng.win/zh/blog/bed-against-wall-headboard-gap-feng-shui/,True,7,zh,Blog,UNKNOWN (supplied aggregate only),KEEP_INDEXABLE,current HTTP/robots eligibility; quality and search indexing separate
roomfeng.win,https://roomfeng.win/zh/blog/bed-against-wall-mattress-lift-feng-shui/,200,True,,,https://roomfeng.win/zh/blog/bed-against-wall-mattress-lift-feng-shui/,True,4,zh,Blog,UNKNOWN (supplied aggregate only),KEEP_INDEXABLE,current HTTP/robots eligibility; quality and search indexing separate
roomfeng.win,https://roomfeng.win/zh/blog/bed-against-wall-move-in-checklist-feng-shui/,200,True,,,https://roomfeng.win/zh/blog/bed-against-wall-move-in-checklist-feng-shui/,True,3,zh,Blog,UNKNOWN (supplied aggregate only),KEEP_INDEXABLE,current HTTP/robots eligibility; quality and search indexing separate
roomfeng.win,https://roomfeng.win/zh/blog/bed-against-wall-night-light-feng-shui/,200,True,,,https://roomfeng.win/zh/blog/bed-against-wall-night-light-feng-shui/,True,8,zh,Blog,UNKNOWN (supplied aggregate only),KEEP_INDEXABLE,current HTTP/robots eligibility; quality and search indexing separate
roomfeng.win,https://roomfeng.win/zh/blog/bed-against-wall-pet-route-feng-shui/,200,True,,,https://roomfeng.win/zh/blog/bed-against-wall-pet-route-feng-shui/,True,3,zh,Blog,UNKNOWN (supplied aggregate only),KEEP_INDEXABLE,current HTTP/robots eligibility; quality and search indexing separate
roomfeng.win,https://roomfeng.win/zh/blog/bed-against-wall-rental-move-feng-shui/,200,True,,,https://roomfeng.win/zh/blog/bed-against-wall-rental-move-feng-shui/,True,6,zh,Blog,UNKNOWN (supplied aggregate only),KEEP_INDEXABLE,current HTTP/robots eligibility; quality and search indexing separate
roomfeng.win,https://roomfeng.win/zh/blog/bed-against-wall-seasonal-reset-feng-shui/,200,True,,,https://roomfeng.win/zh/blog/bed-against-wall-seasonal-reset-feng-shui/,True,3,zh,Blog,UNKNOWN (supplied aggregate only),KEEP_INDEXABLE,current HTTP/robots eligibility; quality and search indexing separate
roomfeng.win,https://roomfeng.win/zh/blog/bed-against-wall-shared-bedroom-feng-shui/,200,True,,,https://roomfeng.win/zh/blog/bed-against-wall-shared-bedroom-feng-shui/,True,3,zh,Blog,UNKNOWN (supplied aggregate only),KEEP_INDEXABLE,current HTTP/robots eligibility; quality and search indexing separate
roomfeng.win,https://roomfeng.win/zh/blog/bed-against-wall-small-room-turning-feng-shui/,200,True,,,https://roomfeng.win/zh/blog/bed-against-wall-small-room-turning-feng-shui/,True,10,zh,Blog,UNKNOWN (supplied aggregate only),KEEP_INDEXABLE,current HTTP/robots eligibility; quality and search indexing separate
roomfeng.win,https://roomfeng.win/zh/blog/bed-against-wall-wardrobe-sweep-feng-shui/,200,True,,,https://roomfeng.win/zh/blog/bed-against-wall-wardrobe-sweep-feng-shui/,True,6,zh,Blog,UNKNOWN (supplied aggregate only),KEEP_INDEXABLE,current HTTP/robots eligibility; quality and search indexing separate
roomfeng.win,https://roomfeng.win/zh/blog/bed-against-wall-window-curtain-feng-shui/,200,True,,,https://roomfeng.win/zh/blog/bed-against-wall-window-curtain-feng-shui/,True,7,zh,Blog,UNKNOWN (supplied aggregate only),KEEP_INDEXABLE,current HTTP/robots eligibility; quality and search indexing separate
roomfeng.win,https://roomfeng.win/zh/blog/bed-facing-door-air-conditioner-route-feng-shui/,200,True,,,https://roomfeng.win/zh/blog/bed-facing-door-air-conditioner-route-feng-shui/,True,3,zh,Blog,UNKNOWN (supplied aggregate only),KEEP_INDEXABLE,current HTTP/robots eligibility; quality and search indexing separate
roomfeng.win,https://roomfeng.win/zh/blog/bed-facing-door-bed-foot-drawer-feng-shui/,200,True,,,https://roomfeng.win/zh/blog/bed-facing-door-bed-foot-drawer-feng-shui/,True,5,zh,Blog,UNKNOWN (supplied aggregate only),KEEP_INDEXABLE,current HTTP/robots eligibility; quality and search indexing separate
roomfeng.win,https://roomfeng.win/zh/blog/bed-facing-door-bedside-exit-feng-shui/,200,True,,,https://roomfeng.win/zh/blog/bed-facing-door-bedside-exit-feng-shui/,True,17,zh,Blog,UNKNOWN (supplied aggregate only),KEEP_INDEXABLE,current HTTP/robots eligibility; quality and search indexing separate
roomfeng.win,https://roomfeng.win/zh/blog/bed-facing-door-bedside-table-clearance-feng-shui/,200,True,,,https://roomfeng.win/zh/blog/bed-facing-door-bedside-table-clearance-feng-shui/,True,4,zh,Blog,UNKNOWN (supplied aggregate only),KEEP_INDEXABLE,current HTTP/robots eligibility; quality and search indexing separate
roomfeng.win,https://roomfeng.win/zh/blog/bed-facing-door-children-room-safety-feng-shui/,200,True,,,https://roomfeng.win/zh/blog/bed-facing-door-children-room-safety-feng-shui/,True,6,zh,Blog,UNKNOWN (supplied aggregate only),KEEP_INDEXABLE,current HTTP/robots eligibility; quality and search indexing separate
roomfeng.win,https://roomfeng.win/zh/blog/bed-facing-door-curtain-sightline-feng-shui/,200,True,,,https://roomfeng.win/zh/blog/bed-facing-door-curtain-sightline-feng-shui/,True,10,zh,Blog,UNKNOWN (supplied aggregate only),KEEP_INDEXABLE,current HTTP/robots eligibility; quality and search indexing separate
roomfeng.win,https://roomfeng.win/zh/blog/bed-facing-door-elderly-route-feng-shui/,200,True,,,https://roomfeng.win/zh/blog/bed-facing-door-elderly-route-feng-shui/,True,3,zh,Blog,UNKNOWN (supplied aggregate only),KEEP_INDEXABLE,current HTTP/robots eligibility; quality and search indexing separate
roomfeng.win,https://roomfeng.win/zh/blog/bed-facing-door-folding-screen-stability-feng-shui/,200,True,,,https://roomfeng.win/zh/blog/bed-facing-door-folding-screen-stability-feng-shui/,True,3,zh,Blog,UNKNOWN (supplied aggregate only),KEEP_INDEXABLE,current HTTP/robots eligibility; quality and search indexing separate
roomfeng.win,https://roomfeng.win/zh/blog/bed-facing-door-home-office-zoning-feng-shui/,200,True,,,https://roomfeng.win/zh/blog/bed-facing-door-home-office-zoning-feng-shui/,True,4,zh,Blog,UNKNOWN (supplied aggregate only),KEEP_INDEXABLE,current HTTP/robots eligibility; quality and search indexing separate
roomfeng.win,https://roomfeng.win/zh/blog/bed-facing-door-mirror-sightline-feng-shui/,200,True,,,https://roomfeng.win/zh/blog/bed-facing-door-mirror-sightline-feng-shui/,True,3,zh,Blog,UNKNOWN (supplied aggregate only),KEEP_INDEXABLE,current HTTP/robots eligibility; quality and search indexing separate
roomfeng.win,https://roomfeng.win/zh/blog/bed-facing-door-night-light-feng-shui/,200,True,,,https://roomfeng.win/zh/blog/bed-facing-door-night-light-feng-shui/,True,6,zh,Blog,UNKNOWN (supplied aggregate only),KEEP_INDEXABLE,current HTTP/robots eligibility; quality and search indexing separate
roomfeng.win,https://roomfeng.win/zh/blog/bed-facing-door-pet-route-feng-shui/,200,True,,,https://roomfeng.win/zh/blog/bed-facing-door-pet-route-feng-shui/,True,3,zh,Blog,UNKNOWN (supplied aggregate only),KEEP_INDEXABLE,current HTTP/robots eligibility; quality and search indexing separate
roomfeng.win,https://roomfeng.win/zh/blog/bed-facing-door-rental-no-drill-feng-shui/,200,True,,,https://roomfeng.win/zh/blog/bed-facing-door-rental-no-drill-feng-shui/,True,5,zh,Blog,UNKNOWN (supplied aggregate only),KEEP_INDEXABLE,current HTTP/robots eligibility; quality and search indexing separate
roomfeng.win,https://roomfeng.win/zh/blog/bed-facing-door-roommate-schedule-feng-shui/,200,True,,,https://roomfeng.win/zh/blog/bed-facing-door-roommate-schedule-feng-shui/,True,4,zh,Blog,UNKNOWN (supplied aggregate only),KEEP_INDEXABLE,current HTTP/robots eligibility; quality and search indexing separate
roomfeng.win,https://roomfeng.win/zh/blog/bed-facing-door-shared-bedroom-feng-shui/,200,True,,,https://roomfeng.win/zh/blog/bed-facing-door-shared-bedroom-feng-shui/,True,5,zh,Blog,UNKNOWN (supplied aggregate only),KEEP_INDEXABLE,current HTTP/robots eligibility; quality and search indexing separate
roomfeng.win,https://roomfeng.win/zh/blog/bed-facing-door-sliding-door-track-feng-shui/,200,True,,,https://roomfeng.win/zh/blog/bed-facing-door-sliding-door-track-feng-shui/,True,3,zh,Blog,UNKNOWN (supplied aggregate only),KEEP_INDEXABLE,current HTTP/robots eligibility; quality and search indexing separate
roomfeng.win,https://roomfeng.win/zh/blog/bed-facing-door-studio-layout-feng-shui/,200,True,,,https://roomfeng.win/zh/blog/bed-facing-door-studio-layout-feng-shui/,True,10,zh,Blog,UNKNOWN (supplied aggregate only),KEEP_INDEXABLE,current HTTP/robots eligibility; quality and search indexing separate
roomfeng.win,https://roomfeng.win/zh/blog/bed-facing-door-two-door-bedroom-feng-shui/,200,True,,,https://roomfeng.win/zh/blog/bed-facing-door-two-door-bedroom-feng-shui/,True,3,zh,Blog,UNKNOWN (supplied aggregate only),KEEP_INDEXABLE,current HTTP/robots eligibility; quality and search indexing separate
roomfeng.win,https://roomfeng.win/zh/blog/bed-facing-door-wardrobe-route-feng-shui/,200,True,,,https://roomfeng.win/zh/blog/bed-facing-door-wardrobe-route-feng-shui/,True,3,zh,Blog,UNKNOWN (supplied aggregate only),KEEP_INDEXABLE,current HTTP/robots eligibility; quality and search indexing separate
roomfeng.win,https://roomfeng.win/zh/blog/bed-facing-door-window-blinds-feng-shui/,200,True,,,https://roomfeng.win/zh/blog/bed-facing-door-window-blinds-feng-shui/,True,5,zh,Blog,UNKNOWN (supplied aggregate only),KEEP_INDEXABLE,current HTTP/robots eligibility; quality and search indexing separate
roomfeng.win,https://roomfeng.win/zh/blog/bed-head-against-wall-bed-frame-centering-feng-shui/,200,True,,,https://roomfeng.win/zh/blog/bed-head-against-wall-bed-frame-centering-feng-shui/,True,4,zh,Blog,UNKNOWN (supplied aggregate only),KEEP_INDEXABLE,current HTTP/robots eligibility; quality and search indexing separate
roomfeng.win,https://roomfeng.win/zh/blog/bed-head-against-wall-bedframe-vibration-feng-shui/,200,True,,,https://roomfeng.win/zh/blog/bed-head-against-wall-bedframe-vibration-feng-shui/,True,3,zh,Blog,UNKNOWN (supplied aggregate only),KEEP_INDEXABLE,current HTTP/robots eligibility; quality and search indexing separate
roomfeng.win,https://roomfeng.win/zh/blog/bed-head-against-wall-bedside-access-feng-shui/,200,True,,,https://roomfeng.win/zh/blog/bed-head-against-wall-bedside-access-feng-shui/,True,20,zh,Blog,UNKNOWN (supplied aggregate only),KEEP_INDEXABLE,current HTTP/robots eligibility; quality and search indexing separate
roomfeng.win,https://roomfeng.win/zh/blog/bed-head-against-wall/,200,True,,,https://roomfeng.win/zh/blog/bed-head-against-wall/,True,55,zh,Blog,UNKNOWN (supplied aggregate only),KEEP_INDEXABLE,current HTTP/robots eligibility; quality and search indexing separate
roomfeng.win,https://roomfeng.win/zh/blog/bed-head-direction/,200,True,,,https://roomfeng.win/zh/blog/bed-head-direction/,True,3,zh,Blog,UNKNOWN (supplied aggregate only),KEEP_INDEXABLE,current HTTP/robots eligibility; quality and search indexing separate
roomfeng.win,https://roomfeng.win/zh/blog/bed-size-room-bed-frame-mattress-gap-feng-shui/,200,True,,,https://roomfeng.win/zh/blog/bed-size-room-bed-frame-mattress-gap-feng-shui/,True,11,zh,Blog,UNKNOWN (supplied aggregate only),KEEP_INDEXABLE,current HTTP/robots eligibility; quality and search indexing separate
roomfeng.win,https://roomfeng.win/zh/blog/bed-size-room-bed-orientation-door-window-feng-shui/,200,True,,,https://roomfeng.win/zh/blog/bed-size-room-bed-orientation-door-window-feng-shui/,True,4,zh,Blog,UNKNOWN (supplied aggregate only),KEEP_INDEXABLE,current HTTP/robots eligibility; quality and search indexing separate
roomfeng.win,https://roomfeng.win/zh/blog/bed-size-room-bedside-lamp-clearance-feng-shui/,200,True,,,https://roomfeng.win/zh/blog/bed-size-room-bedside-lamp-clearance-feng-shui/,True,4,zh,Blog,UNKNOWN (supplied aggregate only),KEEP_INDEXABLE,current HTTP/robots eligibility; quality and search indexing separate
roomfeng.win,https://roomfeng.win/zh/blog/bed-size-room-bedside-table-footprint-feng-shui/,200,True,,,https://roomfeng.win/zh/blog/bed-size-room-bedside-table-footprint-feng-shui/,True,7,zh,Blog,UNKNOWN (supplied aggregate only),KEEP_INDEXABLE,current HTTP/robots eligibility; quality and search indexing separate
roomfeng.win,https://roomfeng.win/zh/blog/bed-size-room-bunk-bed-ceiling-clearance-feng-shui/,200,True,,,https://roomfeng.win/zh/blog/bed-size-room-bunk-bed-ceiling-clearance-feng-shui/,True,3,zh,Blog,UNKNOWN (supplied aggregate only),KEEP_INDEXABLE,current HTTP/robots eligibility; quality and search indexing separate
roomfeng.win,https://roomfeng.win/zh/blog/bed-size-room-child-bed-transition-feng-shui/,200,True,,,https://roomfeng.win/zh/blog/bed-size-room-child-bed-transition-feng-shui/,True,4,zh,Blog,UNKNOWN (supplied aggregate only),KEEP_INDEXABLE,current HTTP/robots eligibility; quality and search indexing separate
roomfeng.win,https://roomfeng.win/zh/blog/bed-size-room-daybed-wall-clearance-feng-shui/,200,True,,,https://roomfeng.win/zh/blog/bed-size-room-daybed-wall-clearance-feng-shui/,True,6,zh,Blog,UNKNOWN (supplied aggregate only),KEEP_INDEXABLE,current HTTP/robots eligibility; quality and search indexing separate
roomfeng.win,https://roomfeng.win/zh/blog/bed-size-room-desk-bed-sharing-feng-shui/,200,True,,,https://roomfeng.win/zh/blog/bed-size-room-desk-bed-sharing-feng-shui/,True,3,zh,Blog,UNKNOWN (supplied aggregate only),KEEP_INDEXABLE,current HTTP/robots eligibility; quality and search indexing separate
roomfeng.win,https://roomfeng.win/zh/blog/bed-size-room-double-bed-walkway-feng-shui/,200,True,,,https://roomfeng.win/zh/blog/bed-size-room-double-bed-walkway-feng-shui/,True,13,zh,Blog,UNKNOWN (supplied aggregate only),KEEP_INDEXABLE,current HTTP/robots eligibility; quality and search indexing separate
roomfeng.win,https://roomfeng.win/zh/blog/bed-size-room-footboard-clearance-feng-shui/,200,True,,,https://roomfeng.win/zh/blog/bed-size-room-footboard-clearance-feng-shui/,True,3,zh,Blog,UNKNOWN (supplied aggregate only),KEEP_INDEXABLE,current HTTP/robots eligibility; quality and search indexing separate
roomfeng.win,https://roomfeng.win/zh/blog/bed-size-room-guest-bedroom-flexibility-feng-shui/,200,True,,,https://roomfeng.win/zh/blog/bed-size-room-guest-bedroom-flexibility-feng-shui/,True,3,zh,Blog,UNKNOWN (supplied aggregate only),KEEP_INDEXABLE,current HTTP/robots eligibility; quality and search indexing separate
roomfeng.win,https://roomfeng.win/zh/blog/bed-size-room-lift-storage-footprint-feng-shui/,200,True,,,https://roomfeng.win/zh/blog/bed-size-room-lift-storage-footprint-feng-shui/,True,5,zh,Blog,UNKNOWN (supplied aggregate only),KEEP_INDEXABLE,current HTTP/robots eligibility; quality and search indexing separate
roomfeng.win,https://roomfeng.win/zh/blog/bed-size-room-mattress-height-entry-feng-shui/,200,True,,,https://roomfeng.win/zh/blog/bed-size-room-mattress-height-entry-feng-shui/,True,5,zh,Blog,UNKNOWN (supplied aggregate only),KEEP_INDEXABLE,current HTTP/robots eligibility; quality and search indexing separate
roomfeng.win,https://roomfeng.win/zh/blog/bed-size-room-pet-bed-footprint-feng-shui/,200,True,,,https://roomfeng.win/zh/blog/bed-size-room-pet-bed-footprint-feng-shui/,True,4,zh,Blog,UNKNOWN (supplied aggregate only),KEEP_INDEXABLE,current HTTP/robots eligibility; quality and search indexing separate
roomfeng.win,https://roomfeng.win/zh/blog/bed-size-room-rental-bed-disassembly-feng-shui/,200,True,,,https://roomfeng.win/zh/blog/bed-size-room-rental-bed-disassembly-feng-shui/,True,5,zh,Blog,UNKNOWN (supplied aggregate only),KEEP_INDEXABLE,current HTTP/robots eligibility; quality and search indexing separate
roomfeng.win,https://roomfeng.win/zh/blog/bed-size-room-single-bed-footprint-feng-shui/,200,True,,,https://roomfeng.win/zh/blog/bed-size-room-single-bed-footprint-feng-shui/,True,8,zh,Blog,UNKNOWN (supplied aggregate only),KEEP_INDEXABLE,current HTTP/robots eligibility; quality and search indexing separate
roomfeng.win,https://roomfeng.win/zh/blog/bed-size-room-tall-sleeper-length-feng-shui/,200,True,,,https://roomfeng.win/zh/blog/bed-size-room-tall-sleeper-length-feng-shui/,True,4,zh,Blog,UNKNOWN (supplied aggregate only),KEEP_INDEXABLE,current HTTP/robots eligibility; quality and search indexing separate
roomfeng.win,https://roomfeng.win/zh/blog/bed-size-room-two-person-turning-feng-shui/,200,True,,,https://roomfeng.win/zh/blog/bed-size-room-two-person-turning-feng-shui/,True,6,zh,Blog,UNKNOWN (supplied aggregate only),KEEP_INDEXABLE,current HTTP/robots eligibility; quality and search indexing separate
roomfeng.win,https://roomfeng.win/zh/blog/bed-size-room-wardrobe-door-sweep-feng-shui/,200,True,,,https://roomfeng.win/zh/blog/bed-size-room-wardrobe-door-sweep-feng-shui/,True,4,zh,Blog,UNKNOWN (supplied aggregate only),KEEP_INDEXABLE,current HTTP/robots eligibility; quality and search indexing separate
roomfeng.win,https://roomfeng.win/zh/blog/bed-size-room-window-side-access-feng-shui/,200,True,,,https://roomfeng.win/zh/blog/bed-size-room-window-side-access-feng-shui/,True,6,zh,Blog,UNKNOWN (supplied aggregate only),KEEP_INDEXABLE,current HTTP/robots eligibility; quality and search indexing separate
roomfeng.win,https://roomfeng.win/zh/blog/bed-under-window-solutions/,200,True,,,https://roomfeng.win/zh/blog/bed-under-window-solutions/,True,25,zh,Blog,UNKNOWN (supplied aggregate only),KEEP_INDEXABLE,current HTTP/robots eligibility; quality and search indexing separate
roomfeng.win,https://roomfeng.win/zh/blog/bedroom-air-conditioner-air-purifier-placement-feng-shui/,200,True,,,https://roomfeng.win/zh/blog/bedroom-air-conditioner-air-purifier-placement-feng-shui/,True,3,zh,Blog,UNKNOWN (supplied aggregate only),KEEP_INDEXABLE,current HTTP/robots eligibility; quality and search indexing separate
roomfeng.win,https://roomfeng.win/zh/blog/bedroom-air-conditioner-bedside-route-feng-shui/,200,True,,,https://roomfeng.win/zh/blog/bedroom-air-conditioner-bedside-route-feng-shui/,True,7,zh,Blog,UNKNOWN (supplied aggregate only),KEEP_INDEXABLE,current HTTP/robots eligibility; quality and search indexing separate
roomfeng.win,https://roomfeng.win/zh/blog/bedroom-air-conditioner-ceiling-direction-feng-shui/,200,True,,,https://roomfeng.win/zh/blog/bedroom-air-conditioner-ceiling-direction-feng-shui/,True,8,zh,Blog,UNKNOWN (supplied aggregate only),KEEP_INDEXABLE,current HTTP/robots eligibility; quality and search indexing separate
roomfeng.win,https://roomfeng.win/zh/blog/bedroom-air-conditioner-cleaning-ladder-feng-shui/,200,True,,,https://roomfeng.win/zh/blog/bedroom-air-conditioner-cleaning-ladder-feng-shui/,True,3,zh,Blog,UNKNOWN (supplied aggregate only),KEEP_INDEXABLE,current HTTP/robots eligibility; quality and search indexing separate
roomfeng.win,https://roomfeng.win/zh/blog/bedroom-air-conditioner-condensation-bed-feng-shui/,200,True,,,https://roomfeng.win/zh/blog/bedroom-air-conditioner-condensation-bed-feng-shui/,True,7,zh,Blog,UNKNOWN (supplied aggregate only),KEEP_INDEXABLE,current HTTP/robots eligibility; quality and search indexing separate
roomfeng.win,https://roomfeng.win/zh/blog/bedroom-air-conditioner-curtain-airflow-feng-shui/,200,True,,,https://roomfeng.win/zh/blog/bedroom-air-conditioner-curtain-airflow-feng-shui/,True,5,zh,Blog,UNKNOWN (supplied aggregate only),KEEP_INDEXABLE,current HTTP/robots eligibility; quality and search indexing separate
roomfeng.win,https://roomfeng.win/zh/blog/bedroom-air-conditioner-dehumidifier-coordination-feng-shui/,200,True,,,https://roomfeng.win/zh/blog/bedroom-air-conditioner-dehumidifier-coordination-feng-shui/,True,5,zh,Blog,UNKNOWN (supplied aggregate only),KEEP_INDEXABLE,current HTTP/robots eligibility; quality and search indexing separate
roomfeng.win,https://roomfeng.win/zh/blog/bedroom-air-conditioner-desk-bed-zoning-feng-shui/,200,True,,,https://roomfeng.win/zh/blog/bedroom-air-conditioner-desk-bed-zoning-feng-shui/,True,5,zh,Blog,UNKNOWN (supplied aggregate only),KEEP_INDEXABLE,current HTTP/robots eligibility; quality and search indexing separate
roomfeng.win,https://roomfeng.win/zh/blog/bedroom-air-conditioner-drainage-route-feng-shui/,200,True,,,https://roomfeng.win/zh/blog/bedroom-air-conditioner-drainage-route-feng-shui/,True,7,zh,Blog,UNKNOWN (supplied aggregate only),KEEP_INDEXABLE,current HTTP/robots eligibility; quality and search indexing separate
roomfeng.win,https://roomfeng.win/zh/blog/bedroom-air-conditioner-fan-coordination-feng-shui/,200,True,,,https://roomfeng.win/zh/blog/bedroom-air-conditioner-fan-coordination-feng-shui/,True,3,zh,Blog,UNKNOWN (supplied aggregate only),KEEP_INDEXABLE,current HTTP/robots eligibility; quality and search indexing separate
roomfeng.win,https://roomfeng.win/zh/blog/bedroom-air-conditioner-filter-access-feng-shui/,200,True,,,https://roomfeng.win/zh/blog/bedroom-air-conditioner-filter-access-feng-shui/,True,9,zh,Blog,UNKNOWN (supplied aggregate only),KEEP_INDEXABLE,current HTTP/robots eligibility; quality and search indexing separate
roomfeng.win,https://roomfeng.win/zh/blog/bedroom-air-conditioner-humidity-meter-feng-shui/,200,True,,,https://roomfeng.win/zh/blog/bedroom-air-conditioner-humidity-meter-feng-shui/,True,8,zh,Blog,UNKNOWN (supplied aggregate only),KEEP_INDEXABLE,current HTTP/robots eligibility; quality and search indexing separate
roomfeng.win,https://roomfeng.win/zh/blog/bedroom-air-conditioner-move-in-checklist-feng-shui/,200,True,,,https://roomfeng.win/zh/blog/bedroom-air-conditioner-move-in-checklist-feng-shui/,True,3,zh,Blog,UNKNOWN (supplied aggregate only),KEEP_INDEXABLE,current HTTP/robots eligibility; quality and search indexing separate
roomfeng.win,https://roomfeng.win/zh/blog/bedroom-air-conditioner-night-noise-feng-shui/,200,True,,,https://roomfeng.win/zh/blog/bedroom-air-conditioner-night-noise-feng-shui/,True,6,zh,Blog,UNKNOWN (supplied aggregate only),KEEP_INDEXABLE,current HTTP/robots eligibility; quality and search indexing separate
roomfeng.win,https://roomfeng.win/zh/blog/bedroom-air-conditioner-power-outlet-feng-shui/,200,True,,,https://roomfeng.win/zh/blog/bedroom-air-conditioner-power-outlet-feng-shui/,True,10,zh,Blog,UNKNOWN (supplied aggregate only),KEEP_INDEXABLE,current HTTP/robots eligibility; quality and search indexing separate
roomfeng.win,https://roomfeng.win/zh/blog/bedroom-air-conditioner-rental-no-drill-feng-shui/,200,True,,,https://roomfeng.win/zh/blog/bedroom-air-conditioner-rental-no-drill-feng-shui/,True,9,zh,Blog,UNKNOWN (supplied aggregate only),KEEP_INDEXABLE,current HTTP/robots eligibility; quality and search indexing separate
roomfeng.win,https://roomfeng.win/zh/blog/bedroom-air-conditioner-return-air-clearance-feng-shui/,200,True,,,https://roomfeng.win/zh/blog/bedroom-air-conditioner-return-air-clearance-feng-shui/,True,8,zh,Blog,UNKNOWN (supplied aggregate only),KEEP_INDEXABLE,current HTTP/robots eligibility; quality and search indexing separate
roomfeng.win,https://roomfeng.win/zh/blog/bedroom-air-conditioner-seasonal-shutdown-feng-shui/,200,True,,,https://roomfeng.win/zh/blog/bedroom-air-conditioner-seasonal-shutdown-feng-shui/,True,6,zh,Blog,UNKNOWN (supplied aggregate only),KEEP_INDEXABLE,current HTTP/robots eligibility; quality and search indexing separate
roomfeng.win,https://roomfeng.win/zh/blog/bedroom-air-conditioner-sidewall-bed-feng-shui/,200,True,,,https://roomfeng.win/zh/blog/bedroom-air-conditioner-sidewall-bed-feng-shui/,True,6,zh,Blog,UNKNOWN (supplied aggregate only),KEEP_INDEXABLE,current HTTP/robots eligibility; quality and search indexing separate
roomfeng.win,https://roomfeng.win/zh/blog/bedroom-air-conditioner-small-room-layout-feng-shui/,200,True,,,https://roomfeng.win/zh/blog/bedroom-air-conditioner-small-room-layout-feng-shui/,True,5,zh,Blog,UNKNOWN (supplied aggregate only),KEEP_INDEXABLE,current HTTP/robots eligibility; quality and search indexing separate
roomfeng.win,https://roomfeng.win/zh/blog/bedroom-air-conditioner-wardrobe-clearance-feng-shui/,200,True,,,https://roomfeng.win/zh/blog/bedroom-air-conditioner-wardrobe-clearance-feng-shui/,True,5,zh,Blog,UNKNOWN (supplied aggregate only),KEEP_INDEXABLE,current HTTP/robots eligibility; quality and search indexing separate
roomfeng.win,https://roomfeng.win/zh/blog/bedroom-air-conditioner-window-seal-feng-shui/,200,True,,,https://roomfeng.win/zh/blog/bedroom-air-conditioner-window-seal-feng-shui/,True,3,zh,Blog,UNKNOWN (supplied aggregate only),KEEP_INDEXABLE,current HTTP/robots eligibility; quality and search indexing separate
roomfeng.win,https://roomfeng.win/zh/blog/bedroom-air-conditioner-window-ventilation-feng-shui/,200,True,,,https://roomfeng.win/zh/blog/bedroom-air-conditioner-window-ventilation-feng-shui/,True,7,zh,Blog,UNKNOWN (supplied aggregate only),KEEP_INDEXABLE,current HTTP/robots eligibility; quality and search indexing separate
roomfeng.win,https://roomfeng.win/zh/blog/bedroom-feng-shui-checklist/,200,True,,,https://roomfeng.win/zh/blog/bedroom-feng-shui-checklist/,True,15,zh,Blog,UNKNOWN (supplied aggregate only),KEEP_INDEXABLE,current HTTP/robots eligibility; quality and search indexing separate
roomfeng.win,https://roomfeng.win/zh/blog/bedroom-layout-before-buying-furniture/,200,True,,,https://roomfeng.win/zh/blog/bedroom-layout-before-buying-furniture/,True,9,zh,Blog,UNKNOWN (supplied aggregate only),KEEP_INDEXABLE,current HTTP/robots eligibility; quality and search indexing separate
roomfeng.win,https://roomfeng.win/zh/blog/bedroom-lighting-guide/,200,True,,,https://roomfeng.win/zh/blog/bedroom-lighting-guide/,True,31,zh,Blog,UNKNOWN (supplied aggregate only),KEEP_INDEXABLE,current HTTP/robots eligibility; quality and search indexing separate
roomfeng.win,https://roomfeng.win/zh/blog/bunk-bed-small-room-layout/,200,True,,,https://roomfeng.win/zh/blog/bunk-bed-small-room-layout/,True,7,zh,Blog,UNKNOWN (supplied aggregate only),KEEP_INDEXABLE,current HTTP/robots eligibility; quality and search indexing separate
roomfeng.win,https://roomfeng.win/zh/blog/desk-facing-door-layout/,200,True,,,https://roomfeng.win/zh/blog/desk-facing-door-layout/,True,39,zh,Blog,UNKNOWN (supplied aggregate only),KEEP_INDEXABLE,current HTTP/robots eligibility; quality and search indexing separate
roomfeng.win,https://roomfeng.win/zh/blog/desk-placement-bed-sleep-separation-feng-shui/,200,True,,,https://roomfeng.win/zh/blog/desk-placement-bed-sleep-separation-feng-shui/,True,11,zh,Blog,UNKNOWN (supplied aggregate only),KEEP_INDEXABLE,current HTTP/robots eligibility; quality and search indexing separate
roomfeng.win,https://roomfeng.win/zh/blog/desk-placement-chair-turning-feng-shui/,200,True,,,https://roomfeng.win/zh/blog/desk-placement-chair-turning-feng-shui/,True,14,zh,Blog,UNKNOWN (supplied aggregate only),KEEP_INDEXABLE,current HTTP/robots eligibility; quality and search indexing separate
roomfeng.win,https://roomfeng.win/zh/blog/desk-placement-corner-depth-feng-shui/,200,True,,,https://roomfeng.win/zh/blog/desk-placement-corner-depth-feng-shui/,True,5,zh,Blog,UNKNOWN (supplied aggregate only),KEEP_INDEXABLE,current HTTP/robots eligibility; quality and search indexing separate
roomfeng.win,https://roomfeng.win/zh/blog/desk-placement-curtain-light-control-feng-shui/,200,True,,,https://roomfeng.win/zh/blog/desk-placement-curtain-light-control-feng-shui/,True,5,zh,Blog,UNKNOWN (supplied aggregate only),KEEP_INDEXABLE,current HTTP/robots eligibility; quality and search indexing separate
roomfeng.win,https://roomfeng.win/zh/blog/desk-placement-desk-lamp-shadow-feng-shui/,200,True,,,https://roomfeng.win/zh/blog/desk-placement-desk-lamp-shadow-feng-shui/,True,6,zh,Blog,UNKNOWN (supplied aggregate only),KEEP_INDEXABLE,current HTTP/robots eligibility; quality and search indexing separate
roomfeng.win,https://roomfeng.win/zh/blog/desk-placement-document-privacy-feng-shui/,200,True,,,https://roomfeng.win/zh/blog/desk-placement-document-privacy-feng-shui/,True,5,zh,Blog,UNKNOWN (supplied aggregate only),KEEP_INDEXABLE,current HTTP/robots eligibility; quality and search indexing separate
roomfeng.win,https://roomfeng.win/zh/blog/desk-placement-door-exit-route-feng-shui/,200,True,,,https://roomfeng.win/zh/blog/desk-placement-door-exit-route-feng-shui/,True,4,zh,Blog,UNKNOWN (supplied aggregate only),KEEP_INDEXABLE,current HTTP/robots eligibility; quality and search indexing separate
roomfeng.win,https://roomfeng.win/zh/blog/desk-placement-doorway-privacy-feng-shui/,200,True,,,https://roomfeng.win/zh/blog/desk-placement-doorway-privacy-feng-shui/,True,8,zh,Blog,UNKNOWN (supplied aggregate only),KEEP_INDEXABLE,current HTTP/robots eligibility; quality and search indexing separate
roomfeng.win,https://roomfeng.win/zh/blog/desk-placement-end-of-day-reset-feng-shui/,200,True,,,https://roomfeng.win/zh/blog/desk-placement-end-of-day-reset-feng-shui/,True,7,zh,Blog,UNKNOWN (supplied aggregate only),KEEP_INDEXABLE,current HTTP/robots eligibility; quality and search indexing separate
roomfeng.win,https://roomfeng.win/zh/blog/desk-placement-floor-cable-boundary-feng-shui/,200,True,,,https://roomfeng.win/zh/blog/desk-placement-floor-cable-boundary-feng-shui/,True,8,zh,Blog,UNKNOWN (supplied aggregate only),KEEP_INDEXABLE,current HTTP/robots eligibility; quality and search indexing separate
roomfeng.win,https://roomfeng.win/zh/blog/desk-placement-laptop-dock-height-feng-shui/,200,True,,,https://roomfeng.win/zh/blog/desk-placement-laptop-dock-height-feng-shui/,True,4,zh,Blog,UNKNOWN (supplied aggregate only),KEEP_INDEXABLE,current HTTP/robots eligibility; quality and search indexing separate
roomfeng.win,https://roomfeng.win/zh/blog/desk-placement-monitor-depth-feng-shui/,200,True,,,https://roomfeng.win/zh/blog/desk-placement-monitor-depth-feng-shui/,True,14,zh,Blog,UNKNOWN (supplied aggregate only),KEEP_INDEXABLE,current HTTP/robots eligibility; quality and search indexing separate
roomfeng.win,https://roomfeng.win/zh/blog/desk-placement-plant-humidity-feng-shui/,200,True,,,https://roomfeng.win/zh/blog/desk-placement-plant-humidity-feng-shui/,True,4,zh,Blog,UNKNOWN (supplied aggregate only),KEEP_INDEXABLE,current HTTP/robots eligibility; quality and search indexing separate
roomfeng.win,https://roomfeng.win/zh/blog/desk-placement-printer-ventilation-feng-shui/,200,True,,,https://roomfeng.win/zh/blog/desk-placement-printer-ventilation-feng-shui/,True,4,zh,Blog,UNKNOWN (supplied aggregate only),KEEP_INDEXABLE,current HTTP/robots eligibility; quality and search indexing separate
roomfeng.win,https://roomfeng.win/zh/blog/desk-placement-rental-no-drill-feng-shui/,200,True,,,https://roomfeng.win/zh/blog/desk-placement-rental-no-drill-feng-shui/,True,5,zh,Blog,UNKNOWN (supplied aggregate only),KEEP_INDEXABLE,current HTTP/robots eligibility; quality and search indexing separate
roomfeng.win,https://roomfeng.win/zh/blog/desk-placement-shared-desk-schedule-feng-shui/,200,True,,,https://roomfeng.win/zh/blog/desk-placement-shared-desk-schedule-feng-shui/,True,7,zh,Blog,UNKNOWN (supplied aggregate only),KEEP_INDEXABLE,current HTTP/robots eligibility; quality and search indexing separate
roomfeng.win,https://roomfeng.win/zh/blog/desk-placement-standing-desk-clearance-feng-shui/,200,True,,,https://roomfeng.win/zh/blog/desk-placement-standing-desk-clearance-feng-shui/,True,4,zh,Blog,UNKNOWN (supplied aggregate only),KEEP_INDEXABLE,current HTTP/robots eligibility; quality and search indexing separate
roomfeng.win,https://roomfeng.win/zh/blog/desk-placement-wall-support-feng-shui/,200,True,,,https://roomfeng.win/zh/blog/desk-placement-wall-support-feng-shui/,True,10,zh,Blog,UNKNOWN (supplied aggregate only),KEEP_INDEXABLE,current HTTP/robots eligibility; quality and search indexing separate
roomfeng.win,https://roomfeng.win/zh/blog/desk-placement-wardrobe-door-sweep-feng-shui/,200,True,,,https://roomfeng.win/zh/blog/desk-placement-wardrobe-door-sweep-feng-shui/,True,5,zh,Blog,UNKNOWN (supplied aggregate only),KEEP_INDEXABLE,current HTTP/robots eligibility; quality and search indexing separate
roomfeng.win,https://roomfeng.win/zh/blog/desk-placement-window-glare-feng-shui/,200,True,,,https://roomfeng.win/zh/blog/desk-placement-window-glare-feng-shui/,True,15,zh,Blog,UNKNOWN (supplied aggregate only),KEEP_INDEXABLE,current HTTP/robots eligibility; quality and search indexing separate
roomfeng.win,https://roomfeng.win/zh/blog/dining-table-beam-feng-shui/,200,True,,,https://roomfeng.win/zh/blog/dining-table-beam-feng-shui/,True,11,zh,Blog,UNKNOWN (supplied aggregate only),KEEP_INDEXABLE,current HTTP/robots eligibility; quality and search indexing separate
roomfeng.win,https://roomfeng.win/zh/blog/door-window-room-layout/,200,True,,,https://roomfeng.win/zh/blog/door-window-room-layout/,True,6,zh,Blog,UNKNOWN (supplied aggregate only),KEEP_INDEXABLE,current HTTP/robots eligibility; quality and search indexing separate
roomfeng.win,https://roomfeng.win/zh/blog/dresser-nightstand-layout/,200,True,,,https://roomfeng.win/zh/blog/dresser-nightstand-layout/,True,6,zh,Blog,UNKNOWN (supplied aggregate only),KEEP_INDEXABLE,current HTTP/robots eligibility; quality and search indexing separate
roomfeng.win,https://roomfeng.win/zh/blog/entryway-shoe-cabinet-feng-shui/,200,True,,,https://roomfeng.win/zh/blog/entryway-shoe-cabinet-feng-shui/,True,34,zh,Blog,UNKNOWN (supplied aggregate only),KEEP_INDEXABLE,current HTTP/robots eligibility; quality and search indexing separate
roomfeng.win,https://roomfeng.win/zh/blog/first-apartment-room-layout/,200,True,,,https://roomfeng.win/zh/blog/first-apartment-room-layout/,True,6,zh,Blog,UNKNOWN (supplied aggregate only),KEEP_INDEXABLE,current HTTP/robots eligibility; quality and search indexing separate
roomfeng.win,https://roomfeng.win/zh/blog/floor-plan-before-moving-guide/,200,True,,,https://roomfeng.win/zh/blog/floor-plan-before-moving-guide/,True,4,zh,Blog,UNKNOWN (supplied aggregate only),KEEP_INDEXABLE,current HTTP/robots eligibility; quality and search indexing separate
roomfeng.win,https://roomfeng.win/zh/blog/furniture-measurement-checklist/,200,True,,,https://roomfeng.win/zh/blog/furniture-measurement-checklist/,True,17,zh,Blog,UNKNOWN (supplied aggregate only),KEEP_INDEXABLE,current HTTP/robots eligibility; quality and search indexing separate
roomfeng.win,https://roomfeng.win/zh/blog/home-office-desk-facing-door-doorway-bag-drop-zone-feng-shui/,200,True,,,https://roomfeng.win/zh/blog/home-office-desk-facing-door-doorway-bag-drop-zone-feng-shui/,True,5,zh,Blog,UNKNOWN (supplied aggregate only),KEEP_INDEXABLE,current HTTP/robots eligibility; quality and search indexing separate
roomfeng.win,https://roomfeng.win/zh/blog/humid-bedroom-layout/,200,True,,,https://roomfeng.win/zh/blog/humid-bedroom-layout/,True,23,zh,Blog,UNKNOWN (supplied aggregate only),KEEP_INDEXABLE,current HTTP/robots eligibility; quality and search indexing separate
roomfeng.win,https://roomfeng.win/zh/blog/ikea-style-small-room-planning/,200,True,,,https://roomfeng.win/zh/blog/ikea-style-small-room-planning/,True,3,zh,Blog,UNKNOWN (supplied aggregate only),KEEP_INDEXABLE,current HTTP/robots eligibility; quality and search indexing separate
roomfeng.win,https://roomfeng.win/zh/blog/kitchen-countertop-zoning-feng-shui/,200,True,,,https://roomfeng.win/zh/blog/kitchen-countertop-zoning-feng-shui/,True,43,zh,Blog,UNKNOWN (supplied aggregate only),KEEP_INDEXABLE,current HTTP/robots eligibility; quality and search indexing separate
roomfeng.win,https://roomfeng.win/zh/blog/kitchen-fridge-feng-shui/,200,True,,,https://roomfeng.win/zh/blog/kitchen-fridge-feng-shui/,True,14,zh,Blog,UNKNOWN (supplied aggregate only),KEEP_INDEXABLE,current HTTP/robots eligibility; quality and search indexing separate
roomfeng.win,https://roomfeng.win/zh/blog/kitchen-sink-feng-shui/,200,True,,,https://roomfeng.win/zh/blog/kitchen-sink-feng-shui/,True,44,zh,Blog,UNKNOWN (supplied aggregate only),KEEP_INDEXABLE,current HTTP/robots eligibility; quality and search indexing separate
roomfeng.win,https://roomfeng.win/zh/blog/l-shaped-room-layout/,200,True,,,https://roomfeng.win/zh/blog/l-shaped-room-layout/,True,4,zh,Blog,UNKNOWN (supplied aggregate only),KEEP_INDEXABLE,current HTTP/robots eligibility; quality and search indexing separate
roomfeng.win,https://roomfeng.win/zh/blog/living-room-coffee-table-feng-shui/,200,True,,,https://roomfeng.win/zh/blog/living-room-coffee-table-feng-shui/,True,27,zh,Blog,UNKNOWN (supplied aggregate only),KEEP_INDEXABLE,current HTTP/robots eligibility; quality and search indexing separate
roomfeng.win,https://roomfeng.win/zh/blog/living-room-wall-clock-feng-shui/,200,True,,,https://roomfeng.win/zh/blog/living-room-wall-clock-feng-shui/,True,5,zh,Blog,UNKNOWN (supplied aggregate only),KEEP_INDEXABLE,current HTTP/robots eligibility; quality and search indexing separate
roomfeng.win,https://roomfeng.win/zh/blog/loft-bed-small-room/,200,True,,,https://roomfeng.win/zh/blog/loft-bed-small-room/,True,4,zh,Blog,UNKNOWN (supplied aggregate only),KEEP_INDEXABLE,current HTTP/robots eligibility; quality and search indexing separate
roomfeng.win,https://roomfeng.win/zh/blog/long-narrow-bedroom-layout/,200,True,,,https://roomfeng.win/zh/blog/long-narrow-bedroom-layout/,True,7,zh,Blog,UNKNOWN (supplied aggregate only),KEEP_INDEXABLE,current HTTP/robots eligibility; quality and search indexing separate
roomfeng.win,https://roomfeng.win/zh/blog/mattress-on-floor/,200,True,,,https://roomfeng.win/zh/blog/mattress-on-floor/,True,3,zh,Blog,UNKNOWN (supplied aggregate only),KEEP_INDEXABLE,current HTTP/robots eligibility; quality and search indexing separate
roomfeng.win,https://roomfeng.win/zh/blog/minimalist-bedroom-layout/,200,True,,,https://roomfeng.win/zh/blog/minimalist-bedroom-layout/,True,7,zh,Blog,UNKNOWN (supplied aggregate only),KEEP_INDEXABLE,current HTTP/robots eligibility; quality and search indexing separate
roomfeng.win,https://roomfeng.win/zh/blog/mirror-facing-bed-bedroom/,200,True,,,https://roomfeng.win/zh/blog/mirror-facing-bed-bedroom/,True,16,zh,Blog,UNKNOWN (supplied aggregate only),KEEP_INDEXABLE,current HTTP/robots eligibility; quality and search indexing separate
roomfeng.win,https://roomfeng.win/zh/blog/moving-furniture-checklist/,200,True,,,https://roomfeng.win/zh/blog/moving-furniture-checklist/,True,8,zh,Blog,UNKNOWN (supplied aggregate only),KEEP_INDEXABLE,current HTTP/robots eligibility; quality and search indexing separate
roomfeng.win,https://roomfeng.win/zh/blog/nordic-small-room-layout/,200,True,,,https://roomfeng.win/zh/blog/nordic-small-room-layout/,True,7,zh,Blog,UNKNOWN (supplied aggregate only),KEEP_INDEXABLE,current HTTP/robots eligibility; quality and search indexing separate
roomfeng.win,https://roomfeng.win/zh/blog/north-facing-room-layout/,200,True,,,https://roomfeng.win/zh/blog/north-facing-room-layout/,True,9,zh,Blog,UNKNOWN (supplied aggregate only),KEEP_INDEXABLE,current HTTP/robots eligibility; quality and search indexing separate
roomfeng.win,https://roomfeng.win/zh/blog/pet-friendly-room-layout/,200,True,,,https://roomfeng.win/zh/blog/pet-friendly-room-layout/,True,9,zh,Blog,UNKNOWN (supplied aggregate only),KEEP_INDEXABLE,current HTTP/robots eligibility; quality and search indexing separate
roomfeng.win,https://roomfeng.win/zh/blog/plug-outlet-room-layout/,200,True,,,https://roomfeng.win/zh/blog/plug-outlet-room-layout/,True,15,zh,Blog,UNKNOWN (supplied aggregate only),KEEP_INDEXABLE,current HTTP/robots eligibility; quality and search indexing separate
roomfeng.win,https://roomfeng.win/zh/blog/rental-room-layout-planning/,200,True,,,https://roomfeng.win/zh/blog/rental-room-layout-planning/,True,12,zh,Blog,UNKNOWN (supplied aggregate only),KEEP_INDEXABLE,current HTTP/robots eligibility; quality and search indexing separate
roomfeng.win,https://roomfeng.win/zh/blog/renter-no-drill-storage/,200,True,,,https://roomfeng.win/zh/blog/renter-no-drill-storage/,True,22,zh,Blog,UNKNOWN (supplied aggregate only),KEEP_INDEXABLE,current HTTP/robots eligibility; quality and search indexing separate
roomfeng.win,https://roomfeng.win/zh/blog/room-layout-faq/,200,True,,,https://roomfeng.win/zh/blog/room-layout-faq/,True,3,zh,Blog,UNKNOWN (supplied aggregate only),KEEP_INDEXABLE,current HTTP/robots eligibility; quality and search indexing separate
roomfeng.win,https://roomfeng.win/zh/blog/room-layout-for-couples-renting/,200,True,,,https://roomfeng.win/zh/blog/room-layout-for-couples-renting/,True,6,zh,Blog,UNKNOWN (supplied aggregate only),KEEP_INDEXABLE,current HTTP/robots eligibility; quality and search indexing separate
roomfeng.win,https://roomfeng.win/zh/blog/room-layout-for-small-business-studio/,200,True,,,https://roomfeng.win/zh/blog/room-layout-for-small-business-studio/,True,3,zh,Blog,UNKNOWN (supplied aggregate only),KEEP_INDEXABLE,current HTTP/robots eligibility; quality and search indexing separate
roomfeng.win,https://roomfeng.win/zh/blog/room-layout-mistakes/,200,True,,,https://roomfeng.win/zh/blog/room-layout-mistakes/,True,13,zh,Blog,UNKNOWN (supplied aggregate only),KEEP_INDEXABLE,current HTTP/robots eligibility; quality and search indexing separate
roomfeng.win,https://roomfeng.win/zh/blog/seasonal-room-reset-guide/,200,True,,,https://roomfeng.win/zh/blog/seasonal-room-reset-guide/,True,8,zh,Blog,UNKNOWN (supplied aggregate only),KEEP_INDEXABLE,current HTTP/robots eligibility; quality and search indexing separate
roomfeng.win,https://roomfeng.win/zh/blog/sleep-quality-bedroom-layout/,200,True,,,https://roomfeng.win/zh/blog/sleep-quality-bedroom-layout/,True,17,zh,Blog,UNKNOWN (supplied aggregate only),KEEP_INDEXABLE,current HTTP/robots eligibility; quality and search indexing separate
roomfeng.win,https://roomfeng.win/zh/blog/small-5-ping-air-conditioner-route-feng-shui/,200,True,,,https://roomfeng.win/zh/blog/small-5-ping-air-conditioner-route-feng-shui/,True,7,zh,Blog,UNKNOWN (supplied aggregate only),KEEP_INDEXABLE,current HTTP/robots eligibility; quality and search indexing separate
roomfeng.win,https://roomfeng.win/zh/blog/small-5-ping-bed-walkway-feng-shui/,200,True,,,https://roomfeng.win/zh/blog/small-5-ping-bed-walkway-feng-shui/,True,26,zh,Blog,UNKNOWN (supplied aggregate only),KEEP_INDEXABLE,current HTTP/robots eligibility; quality and search indexing separate
roomfeng.win,https://roomfeng.win/zh/blog/small-5-ping-bed-window-curtain-feng-shui/,200,True,,,https://roomfeng.win/zh/blog/small-5-ping-bed-window-curtain-feng-shui/,True,15,zh,Blog,UNKNOWN (supplied aggregate only),KEEP_INDEXABLE,current HTTP/robots eligibility; quality and search indexing separate
roomfeng.win,https://roomfeng.win/zh/blog/small-5-ping-bedframe-floor-cleaning-feng-shui/,200,True,,,https://roomfeng.win/zh/blog/small-5-ping-bedframe-floor-cleaning-feng-shui/,True,3,zh,Blog,UNKNOWN (supplied aggregate only),KEEP_INDEXABLE,current HTTP/robots eligibility; quality and search indexing separate
roomfeng.win,https://roomfeng.win/zh/blog/small-5-ping-bedside-curtain-cord-feng-shui/,200,True,,,https://roomfeng.win/zh/blog/small-5-ping-bedside-curtain-cord-feng-shui/,True,3,zh,Blog,UNKNOWN (supplied aggregate only),KEEP_INDEXABLE,current HTTP/robots eligibility; quality and search indexing separate
roomfeng.win,https://roomfeng.win/zh/blog/small-5-ping-bedside-lighting-feng-shui/,200,True,,,https://roomfeng.win/zh/blog/small-5-ping-bedside-lighting-feng-shui/,True,10,zh,Blog,UNKNOWN (supplied aggregate only),KEEP_INDEXABLE,current HTTP/robots eligibility; quality and search indexing separate
roomfeng.win,https://roomfeng.win/zh/blog/small-5-ping-bedside-outlet-access-feng-shui/,200,True,,,https://roomfeng.win/zh/blog/small-5-ping-bedside-outlet-access-feng-shui/,True,3,zh,Blog,UNKNOWN (supplied aggregate only),KEEP_INDEXABLE,current HTTP/robots eligibility; quality and search indexing separate
roomfeng.win,https://roomfeng.win/zh/blog/small-5-ping-bedside-table-footprint-feng-shui/,200,True,,,https://roomfeng.win/zh/blog/small-5-ping-bedside-table-footprint-feng-shui/,True,8,zh,Blog,UNKNOWN (supplied aggregate only),KEEP_INDEXABLE,current HTTP/robots eligibility; quality and search indexing separate
roomfeng.win,https://roomfeng.win/zh/blog/small-5-ping-cleaning-tool-access-feng-shui/,200,True,,,https://roomfeng.win/zh/blog/small-5-ping-cleaning-tool-access-feng-shui/,True,7,zh,Blog,UNKNOWN (supplied aggregate only),KEEP_INDEXABLE,current HTTP/robots eligibility; quality and search indexing separate
roomfeng.win,https://roomfeng.win/zh/blog/small-5-ping-compact-chair-turning-feng-shui/,200,True,,,https://roomfeng.win/zh/blog/small-5-ping-compact-chair-turning-feng-shui/,True,5,zh,Blog,UNKNOWN (supplied aggregate only),KEEP_INDEXABLE,current HTTP/robots eligibility; quality and search indexing separate
roomfeng.win,https://roomfeng.win/zh/blog/small-5-ping-desk-window-light-feng-shui/,200,True,,,https://roomfeng.win/zh/blog/small-5-ping-desk-window-light-feng-shui/,True,12,zh,Blog,UNKNOWN (supplied aggregate only),KEEP_INDEXABLE,current HTTP/robots eligibility; quality and search indexing separate
roomfeng.win,https://roomfeng.win/zh/blog/small-5-ping-doorway-mirror-glare-feng-shui/,200,True,,,https://roomfeng.win/zh/blog/small-5-ping-doorway-mirror-glare-feng-shui/,True,3,zh,Blog,UNKNOWN (supplied aggregate only),KEEP_INDEXABLE,current HTTP/robots eligibility; quality and search indexing separate
roomfeng.win,https://roomfeng.win/zh/blog/small-5-ping-doorway-night-noise-feng-shui/,200,True,,,https://roomfeng.win/zh/blog/small-5-ping-doorway-night-noise-feng-shui/,True,7,zh,Blog,UNKNOWN (supplied aggregate only),KEEP_INDEXABLE,current HTTP/robots eligibility; quality and search indexing separate
roomfeng.win,https://roomfeng.win/zh/blog/small-5-ping-entry-storage-turning-feng-shui/,200,True,,,https://roomfeng.win/zh/blog/small-5-ping-entry-storage-turning-feng-shui/,True,13,zh,Blog,UNKNOWN (supplied aggregate only),KEEP_INDEXABLE,current HTTP/robots eligibility; quality and search indexing separate
roomfeng.win,https://roomfeng.win/zh/blog/small-5-ping-fan-airflow-bed-feng-shui/,200,True,,,https://roomfeng.win/zh/blog/small-5-ping-fan-airflow-bed-feng-shui/,True,3,zh,Blog,UNKNOWN (supplied aggregate only),KEEP_INDEXABLE,current HTTP/robots eligibility; quality and search indexing separate
roomfeng.win,https://roomfeng.win/zh/blog/small-5-ping-floorplan-visitor-route-feng-shui/,200,True,,,https://roomfeng.win/zh/blog/small-5-ping-floorplan-visitor-route-feng-shui/,True,4,zh,Blog,UNKNOWN (supplied aggregate only),KEEP_INDEXABLE,current HTTP/robots eligibility; quality and search indexing separate
roomfeng.win,https://roomfeng.win/zh/blog/small-5-ping-floorplan-zones-feng-shui/,200,True,,,https://roomfeng.win/zh/blog/small-5-ping-floorplan-zones-feng-shui/,True,32,zh,Blog,UNKNOWN (supplied aggregate only),KEEP_INDEXABLE,current HTTP/robots eligibility; quality and search indexing separate
roomfeng.win,https://roomfeng.win/zh/blog/small-5-ping-folding-desk-clearance-feng-shui/,200,True,,,https://roomfeng.win/zh/blog/small-5-ping-folding-desk-clearance-feng-shui/,True,6,zh,Blog,UNKNOWN (supplied aggregate only),KEEP_INDEXABLE,current HTTP/robots eligibility; quality and search indexing separate
roomfeng.win,https://roomfeng.win/zh/blog/small-5-ping-laundry-basket-ventilation-feng-shui/,200,True,,,https://roomfeng.win/zh/blog/small-5-ping-laundry-basket-ventilation-feng-shui/,True,6,zh,Blog,UNKNOWN (supplied aggregate only),KEEP_INDEXABLE,current HTTP/robots eligibility; quality and search indexing separate
roomfeng.win,https://roomfeng.win/zh/blog/small-5-ping-mirror-sightline-feng-shui/,200,True,,,https://roomfeng.win/zh/blog/small-5-ping-mirror-sightline-feng-shui/,True,4,zh,Blog,UNKNOWN (supplied aggregate only),KEEP_INDEXABLE,current HTTP/robots eligibility; quality and search indexing separate
roomfeng.win,https://roomfeng.win/zh/blog/small-5-ping-monitor-cable-floor-feng-shui/,200,True,,,https://roomfeng.win/zh/blog/small-5-ping-monitor-cable-floor-feng-shui/,True,6,zh,Blog,UNKNOWN (supplied aggregate only),KEEP_INDEXABLE,current HTTP/robots eligibility; quality and search indexing separate
roomfeng.win,https://roomfeng.win/zh/blog/small-5-ping-move-in-measurement-feng-shui/,200,True,,,https://roomfeng.win/zh/blog/small-5-ping-move-in-measurement-feng-shui/,True,3,zh,Blog,UNKNOWN (supplied aggregate only),KEEP_INDEXABLE,current HTTP/robots eligibility; quality and search indexing separate
roomfeng.win,https://roomfeng.win/zh/blog/small-5-ping-noise-buffer-bedroom-feng-shui/,200,True,,,https://roomfeng.win/zh/blog/small-5-ping-noise-buffer-bedroom-feng-shui/,True,4,zh,Blog,UNKNOWN (supplied aggregate only),KEEP_INDEXABLE,current HTTP/robots eligibility; quality and search indexing separate
roomfeng.win,https://roomfeng.win/zh/blog/small-5-ping-pet-bed-footprint-feng-shui/,200,True,,,https://roomfeng.win/zh/blog/small-5-ping-pet-bed-footprint-feng-shui/,True,4,zh,Blog,UNKNOWN (supplied aggregate only),KEEP_INDEXABLE,current HTTP/robots eligibility; quality and search indexing separate
roomfeng.win,https://roomfeng.win/zh/blog/small-5-ping-plant-humidity-window-feng-shui/,200,True,,,https://roomfeng.win/zh/blog/small-5-ping-plant-humidity-window-feng-shui/,True,5,zh,Blog,UNKNOWN (supplied aggregate only),KEEP_INDEXABLE,current HTTP/robots eligibility; quality and search indexing separate
roomfeng.win,https://roomfeng.win/zh/blog/small-5-ping-power-outlet-bed-desk-feng-shui/,200,True,,,https://roomfeng.win/zh/blog/small-5-ping-power-outlet-bed-desk-feng-shui/,True,5,zh,Blog,UNKNOWN (supplied aggregate only),KEEP_INDEXABLE,current HTTP/robots eligibility; quality and search indexing separate
roomfeng.win,https://roomfeng.win/zh/blog/small-5-ping-reading-corner-light-feng-shui/,200,True,,,https://roomfeng.win/zh/blog/small-5-ping-reading-corner-light-feng-shui/,True,4,zh,Blog,UNKNOWN (supplied aggregate only),KEEP_INDEXABLE,current HTTP/robots eligibility; quality and search indexing separate
roomfeng.win,https://roomfeng.win/zh/blog/small-5-ping-rental-no-drill-layout-feng-shui/,200,True,,,https://roomfeng.win/zh/blog/small-5-ping-rental-no-drill-layout-feng-shui/,True,4,zh,Blog,UNKNOWN (supplied aggregate only),KEEP_INDEXABLE,current HTTP/robots eligibility; quality and search indexing separate
roomfeng.win,https://roomfeng.win/zh/blog/small-5-ping-rug-edge-trip-clearance-feng-shui/,200,True,,,https://roomfeng.win/zh/blog/small-5-ping-rug-edge-trip-clearance-feng-shui/,True,5,zh,Blog,UNKNOWN (supplied aggregate only),KEEP_INDEXABLE,current HTTP/robots eligibility; quality and search indexing separate
roomfeng.win,https://roomfeng.win/zh/blog/small-5-ping-seasonal-storage-reset-feng-shui/,200,True,,,https://roomfeng.win/zh/blog/small-5-ping-seasonal-storage-reset-feng-shui/,True,4,zh,Blog,UNKNOWN (supplied aggregate only),KEEP_INDEXABLE,current HTTP/robots eligibility; quality and search indexing separate
roomfeng.win,https://roomfeng.win/zh/blog/small-5-ping-shared-bedroom-zoning-feng-shui/,200,True,,,https://roomfeng.win/zh/blog/small-5-ping-shared-bedroom-zoning-feng-shui/,True,9,zh,Blog,UNKNOWN (supplied aggregate only),KEEP_INDEXABLE,current HTTP/robots eligibility; quality and search indexing separate
roomfeng.win,https://roomfeng.win/zh/blog/small-5-ping-shared-storage-divider-feng-shui/,200,True,,,https://roomfeng.win/zh/blog/small-5-ping-shared-storage-divider-feng-shui/,True,3,zh,Blog,UNKNOWN (supplied aggregate only),KEEP_INDEXABLE,current HTTP/robots eligibility; quality and search indexing separate
roomfeng.win,https://roomfeng.win/zh/blog/small-5-ping-storage-height-reach-feng-shui/,200,True,,,https://roomfeng.win/zh/blog/small-5-ping-storage-height-reach-feng-shui/,True,8,zh,Blog,UNKNOWN (supplied aggregate only),KEEP_INDEXABLE,current HTTP/robots eligibility; quality and search indexing separate
roomfeng.win,https://roomfeng.win/zh/blog/small-5-ping-two-person-turning-feng-shui/,200,True,,,https://roomfeng.win/zh/blog/small-5-ping-two-person-turning-feng-shui/,True,5,zh,Blog,UNKNOWN (supplied aggregate only),KEEP_INDEXABLE,current HTTP/robots eligibility; quality and search indexing separate
roomfeng.win,https://roomfeng.win/zh/blog/small-5-ping-wall-moisture-furniture-gap-feng-shui/,200,True,,,https://roomfeng.win/zh/blog/small-5-ping-wall-moisture-furniture-gap-feng-shui/,True,3,zh,Blog,UNKNOWN (supplied aggregate only),KEEP_INDEXABLE,current HTTP/robots eligibility; quality and search indexing separate
roomfeng.win,https://roomfeng.win/zh/blog/small-5-ping-window-airflow-cleaning-feng-shui/,200,True,,,https://roomfeng.win/zh/blog/small-5-ping-window-airflow-cleaning-feng-shui/,True,5,zh,Blog,UNKNOWN (supplied aggregate only),KEEP_INDEXABLE,current HTTP/robots eligibility; quality and search indexing separate
roomfeng.win,https://roomfeng.win/zh/blog/small-5-ping-window-blind-opening-feng-shui/,200,True,,,https://roomfeng.win/zh/blog/small-5-ping-window-blind-opening-feng-shui/,True,6,zh,Blog,UNKNOWN (supplied aggregate only),KEEP_INDEXABLE,current HTTP/robots eligibility; quality and search indexing separate
roomfeng.win,https://roomfeng.win/zh/blog/small-5-ping-window-condensation-bed-feng-shui/,200,True,,,https://roomfeng.win/zh/blog/small-5-ping-window-condensation-bed-feng-shui/,True,8,zh,Blog,UNKNOWN (supplied aggregate only),KEEP_INDEXABLE,current HTTP/robots eligibility; quality and search indexing separate
roomfeng.win,https://roomfeng.win/zh/blog/small-5-ping-window-sill-storage-feng-shui/,200,True,,,https://roomfeng.win/zh/blog/small-5-ping-window-sill-storage-feng-shui/,True,3,zh,Blog,UNKNOWN (supplied aggregate only),KEEP_INDEXABLE,current HTTP/robots eligibility; quality and search indexing separate
roomfeng.win,https://roomfeng.win/zh/blog/small-bedroom-bed-placement/,200,True,,,https://roomfeng.win/zh/blog/small-bedroom-bed-placement/,True,13,zh,Blog,UNKNOWN (supplied aggregate only),KEEP_INDEXABLE,current HTTP/robots eligibility; quality and search indexing separate
roomfeng.win,https://roomfeng.win/zh/blog/small-room-bedside-bookcase-bed-clearance-feng-shui/,200,True,,,https://roomfeng.win/zh/blog/small-room-bedside-bookcase-bed-clearance-feng-shui/,True,7,zh,Blog,UNKNOWN (supplied aggregate only),KEEP_INDEXABLE,current HTTP/robots eligibility; quality and search indexing separate
roomfeng.win,https://roomfeng.win/zh/blog/small-room-bedside-bookcase-corner-clearance-feng-shui/,200,True,,,https://roomfeng.win/zh/blog/small-room-bedside-bookcase-corner-clearance-feng-shui/,True,5,zh,Blog,UNKNOWN (supplied aggregate only),KEEP_INDEXABLE,current HTTP/robots eligibility; quality and search indexing separate
roomfeng.win,https://roomfeng.win/zh/blog/small-room-bedside-bookcase-doorway-clearance-feng-shui/,200,True,,,https://roomfeng.win/zh/blog/small-room-bedside-bookcase-doorway-clearance-feng-shui/,True,8,zh,Blog,UNKNOWN (supplied aggregate only),KEEP_INDEXABLE,current HTTP/robots eligibility; quality and search indexing separate
roomfeng.win,https://roomfeng.win/zh/blog/small-room-bedside-bookcase-doorway-sightline-feng-shui/,200,True,,,https://roomfeng.win/zh/blog/small-room-bedside-bookcase-doorway-sightline-feng-shui/,True,4,zh,Blog,UNKNOWN (supplied aggregate only),KEEP_INDEXABLE,current HTTP/robots eligibility; quality and search indexing separate
roomfeng.win,https://roomfeng.win/zh/blog/small-room-bedside-bookcase-drawer-clearance-feng-shui/,200,True,,,https://roomfeng.win/zh/blog/small-room-bedside-bookcase-drawer-clearance-feng-shui/,True,5,zh,Blog,UNKNOWN (supplied aggregate only),KEEP_INDEXABLE,current HTTP/robots eligibility; quality and search indexing separate
roomfeng.win,https://roomfeng.win/zh/blog/small-room-bedside-bookcase-outlet-access-feng-shui/,200,True,,,https://roomfeng.win/zh/blog/small-room-bedside-bookcase-outlet-access-feng-shui/,True,3,zh,Blog,UNKNOWN (supplied aggregate only),KEEP_INDEXABLE,current HTTP/robots eligibility; quality and search indexing separate
roomfeng.win,https://roomfeng.win/zh/blog/small-room-bedside-bookcase-shelf-height-feng-shui/,200,True,,,https://roomfeng.win/zh/blog/small-room-bedside-bookcase-shelf-height-feng-shui/,True,6,zh,Blog,UNKNOWN (supplied aggregate only),KEEP_INDEXABLE,current HTTP/robots eligibility; quality and search indexing separate
roomfeng.win,https://roomfeng.win/zh/blog/small-room-clothes-rack-doorway-clearance-feng-shui/,200,True,,,https://roomfeng.win/zh/blog/small-room-clothes-rack-doorway-clearance-feng-shui/,True,7,zh,Blog,UNKNOWN (supplied aggregate only),KEEP_INDEXABLE,current HTTP/robots eligibility; quality and search indexing separate
roomfeng.win,https://roomfeng.win/zh/blog/small-room-drawer-unit-doorway-clearance-feng-shui/,200,True,,,https://roomfeng.win/zh/blog/small-room-drawer-unit-doorway-clearance-feng-shui/,True,8,zh,Blog,UNKNOWN (supplied aggregate only),KEEP_INDEXABLE,current HTTP/robots eligibility; quality and search indexing separate
roomfeng.win,https://roomfeng.win/zh/blog/small-room-floor-mirror-doorway-clearance-feng-shui/,200,True,,,https://roomfeng.win/zh/blog/small-room-floor-mirror-doorway-clearance-feng-shui/,True,4,zh,Blog,UNKNOWN (supplied aggregate only),KEEP_INDEXABLE,current HTTP/robots eligibility; quality and search indexing separate
roomfeng.win,https://roomfeng.win/zh/blog/small-room-folding-table-doorway-clearance-feng-shui/,200,True,,,https://roomfeng.win/zh/blog/small-room-folding-table-doorway-clearance-feng-shui/,True,5,zh,Blog,UNKNOWN (supplied aggregate only),KEEP_INDEXABLE,current HTTP/robots eligibility; quality and search indexing separate
roomfeng.win,https://roomfeng.win/zh/blog/small-room-laundry-basket-doorway-clearance-feng-shui/,200,True,,,https://roomfeng.win/zh/blog/small-room-laundry-basket-doorway-clearance-feng-shui/,True,3,zh,Blog,UNKNOWN (supplied aggregate only),KEEP_INDEXABLE,current HTTP/robots eligibility; quality and search indexing separate
roomfeng.win,https://roomfeng.win/zh/blog/small-room-storage-bedding-folding-humidity-feng-shui/,200,True,,,https://roomfeng.win/zh/blog/small-room-storage-bedding-folding-humidity-feng-shui/,True,5,zh,Blog,UNKNOWN (supplied aggregate only),KEEP_INDEXABLE,current HTTP/robots eligibility; quality and search indexing separate
roomfeng.win,https://roomfeng.win/zh/blog/small-room-storage-bedside-basket-lid-feng-shui/,200,True,,,https://roomfeng.win/zh/blog/small-room-storage-bedside-basket-lid-feng-shui/,True,3,zh,Blog,UNKNOWN (supplied aggregate only),KEEP_INDEXABLE,current HTTP/robots eligibility; quality and search indexing separate
roomfeng.win,https://roomfeng.win/zh/blog/small-room-storage-bedside-basket-reach-feng-shui/,200,True,,,https://roomfeng.win/zh/blog/small-room-storage-bedside-basket-reach-feng-shui/,True,15,zh,Blog,UNKNOWN (supplied aggregate only),KEEP_INDEXABLE,current HTTP/robots eligibility; quality and search indexing separate
roomfeng.win,https://roomfeng.win/zh/blog/small-room-storage-bedside-box-bottom-cleaning-feng-shui/,200,True,,,https://roomfeng.win/zh/blog/small-room-storage-bedside-box-bottom-cleaning-feng-shui/,True,3,zh,Blog,UNKNOWN (supplied aggregate only),KEEP_INDEXABLE,current HTTP/robots eligibility; quality and search indexing separate
roomfeng.win,https://roomfeng.win/zh/blog/small-room-storage-bedside-charging-cable-feng-shui/,200,True,,,https://roomfeng.win/zh/blog/small-room-storage-bedside-charging-cable-feng-shui/,True,8,zh,Blog,UNKNOWN (supplied aggregate only),KEEP_INDEXABLE,current HTTP/robots eligibility; quality and search indexing separate
roomfeng.win,https://roomfeng.win/zh/blog/small-room-storage-books-desk-load-feng-shui/,200,True,,,https://roomfeng.win/zh/blog/small-room-storage-books-desk-load-feng-shui/,True,10,zh,Blog,UNKNOWN (supplied aggregate only),KEEP_INDEXABLE,current HTTP/robots eligibility; quality and search indexing separate
roomfeng.win,https://roomfeng.win/zh/blog/small-room-storage-cable-repair-kit-label-feng-shui/,200,True,,,https://roomfeng.win/zh/blog/small-room-storage-cable-repair-kit-label-feng-shui/,True,3,zh,Blog,UNKNOWN (supplied aggregate only),KEEP_INDEXABLE,current HTTP/robots eligibility; quality and search indexing separate
roomfeng.win,https://roomfeng.win/zh/blog/small-room-storage-child-items-reach-safety-feng-shui/,200,True,,,https://roomfeng.win/zh/blog/small-room-storage-child-items-reach-safety-feng-shui/,True,5,zh,Blog,UNKNOWN (supplied aggregate only),KEEP_INDEXABLE,current HTTP/robots eligibility; quality and search indexing separate
roomfeng.win,https://roomfeng.win/zh/blog/small-room-storage-cleaning-tools-access-feng-shui/,200,True,,,https://roomfeng.win/zh/blog/small-room-storage-cleaning-tools-access-feng-shui/,True,13,zh,Blog,UNKNOWN (supplied aggregate only),KEEP_INDEXABLE,current HTTP/robots eligibility; quality and search indexing separate
roomfeng.win,https://roomfeng.win/zh/blog/small-room-storage-electronics-charging-zone-feng-shui/,200,True,,,https://roomfeng.win/zh/blog/small-room-storage-electronics-charging-zone-feng-shui/,True,9,zh,Blog,UNKNOWN (supplied aggregate only),KEEP_INDEXABLE,current HTTP/robots eligibility; quality and search indexing separate
roomfeng.win,https://roomfeng.win/zh/blog/small-room-storage-entryway-return-routine-feng-shui/,200,True,,,https://roomfeng.win/zh/blog/small-room-storage-entryway-return-routine-feng-shui/,True,5,zh,Blog,UNKNOWN (supplied aggregate only),KEEP_INDEXABLE,current HTTP/robots eligibility; quality and search indexing separate
roomfeng.win,https://roomfeng.win/zh/blog/small-room-storage-folded-clothes-drawer-capacity-feng-shui/,200,True,,,https://roomfeng.win/zh/blog/small-room-storage-folded-clothes-drawer-capacity-feng-shui/,True,6,zh,Blog,UNKNOWN (supplied aggregate only),KEEP_INDEXABLE,current HTTP/robots eligibility; quality and search indexing separate
roomfeng.win,https://roomfeng.win/zh/blog/small-room-storage-folding-chair-wall-clearance-feng-shui/,200,True,,,https://roomfeng.win/zh/blog/small-room-storage-folding-chair-wall-clearance-feng-shui/,True,4,zh,Blog,UNKNOWN (supplied aggregate only),KEEP_INDEXABLE,current HTTP/robots eligibility; quality and search indexing separate
roomfeng.win,https://roomfeng.win/zh/blog/small-room-storage-hanging-clothes-door-clearance-feng-shui/,200,True,,,https://roomfeng.win/zh/blog/small-room-storage-hanging-clothes-door-clearance-feng-shui/,True,8,zh,Blog,UNKNOWN (supplied aggregate only),KEEP_INDEXABLE,current HTTP/robots eligibility; quality and search indexing separate
roomfeng.win,https://roomfeng.win/zh/blog/small-room-storage-hobby-supplies-sort-feng-shui/,200,True,,,https://roomfeng.win/zh/blog/small-room-storage-hobby-supplies-sort-feng-shui/,True,5,zh,Blog,UNKNOWN (supplied aggregate only),KEEP_INDEXABLE,current HTTP/robots eligibility; quality and search indexing separate
roomfeng.win,https://roomfeng.win/zh/blog/small-room-storage-important-documents-fire-route-feng-shui/,200,True,,,https://roomfeng.win/zh/blog/small-room-storage-important-documents-fire-route-feng-shui/,True,7,zh,Blog,UNKNOWN (supplied aggregate only),KEEP_INDEXABLE,current HTTP/robots eligibility; quality and search indexing separate
roomfeng.win,https://roomfeng.win/zh/blog/small-room-storage-laundry-basket-ventilation-feng-shui/,200,True,,,https://roomfeng.win/zh/blog/small-room-storage-laundry-basket-ventilation-feng-shui/,True,8,zh,Blog,UNKNOWN (supplied aggregate only),KEEP_INDEXABLE,current HTTP/robots eligibility; quality and search indexing separate
roomfeng.win,https://roomfeng.win/zh/blog/small-room-storage-lift-up-bed-opening-feng-shui/,200,True,,,https://roomfeng.win/zh/blog/small-room-storage-lift-up-bed-opening-feng-shui/,True,4,zh,Blog,UNKNOWN (supplied aggregate only),KEEP_INDEXABLE,current HTTP/robots eligibility; quality and search indexing separate
roomfeng.win,https://roomfeng.win/zh/blog/small-room-storage-luggage-rotation-clearance-feng-shui/,200,True,,,https://roomfeng.win/zh/blog/small-room-storage-luggage-rotation-clearance-feng-shui/,True,9,zh,Blog,UNKNOWN (supplied aggregate only),KEEP_INDEXABLE,current HTTP/robots eligibility; quality and search indexing separate
roomfeng.win,https://roomfeng.win/zh/blog/small-room-storage-medicine-cabinet-reach-feng-shui/,200,True,,,https://roomfeng.win/zh/blog/small-room-storage-medicine-cabinet-reach-feng-shui/,True,3,zh,Blog,UNKNOWN (supplied aggregate only),KEEP_INDEXABLE,current HTTP/robots eligibility; quality and search indexing separate
roomfeng.win,https://roomfeng.win/zh/blog/small-room-storage-mirror-box-breakage-clearance-feng-shui/,200,True,,,https://roomfeng.win/zh/blog/small-room-storage-mirror-box-breakage-clearance-feng-shui/,True,3,zh,Blog,UNKNOWN (supplied aggregate only),KEEP_INDEXABLE,current HTTP/robots eligibility; quality and search indexing separate
roomfeng.win,https://roomfeng.win/zh/blog/small-room-storage-pet-supplies-floor-zone-feng-shui/,200,True,,,https://roomfeng.win/zh/blog/small-room-storage-pet-supplies-floor-zone-feng-shui/,True,4,zh,Blog,UNKNOWN (supplied aggregate only),KEEP_INDEXABLE,current HTTP/robots eligibility; quality and search indexing separate
roomfeng.win,https://roomfeng.win/zh/blog/small-room-storage-photo-equipment-case-clearance-feng-shui/,200,True,,,https://roomfeng.win/zh/blog/small-room-storage-photo-equipment-case-clearance-feng-shui/,True,4,zh,Blog,UNKNOWN (supplied aggregate only),KEEP_INDEXABLE,current HTTP/robots eligibility; quality and search indexing separate
roomfeng.win,https://roomfeng.win/zh/blog/small-room-storage-priority-map-feng-shui/,200,True,,,https://roomfeng.win/zh/blog/small-room-storage-priority-map-feng-shui/,True,5,zh,Blog,UNKNOWN (supplied aggregate only),KEEP_INDEXABLE,current HTTP/robots eligibility; quality and search indexing separate
roomfeng.win,https://roomfeng.win/zh/blog/small-room-storage-recycling-bag-odor-feng-shui/,200,True,,,https://roomfeng.win/zh/blog/small-room-storage-recycling-bag-odor-feng-shui/,True,3,zh,Blog,UNKNOWN (supplied aggregate only),KEEP_INDEXABLE,current HTTP/robots eligibility; quality and search indexing separate
roomfeng.win,https://roomfeng.win/zh/blog/small-room-storage-seasonal-fan-dehumidifier-zone-feng-shui/,200,True,,,https://roomfeng.win/zh/blog/small-room-storage-seasonal-fan-dehumidifier-zone-feng-shui/,True,3,zh,Blog,UNKNOWN (supplied aggregate only),KEEP_INDEXABLE,current HTTP/robots eligibility; quality and search indexing separate
roomfeng.win,https://roomfeng.win/zh/blog/small-room-storage-shoes-entryway-capacity-feng-shui/,200,True,,,https://roomfeng.win/zh/blog/small-room-storage-shoes-entryway-capacity-feng-shui/,True,8,zh,Blog,UNKNOWN (supplied aggregate only),KEEP_INDEXABLE,current HTTP/robots eligibility; quality and search indexing separate
roomfeng.win,https://roomfeng.win/zh/blog/small-room-storage-underbed-cleaning-clearance-feng-shui/,200,True,,,https://roomfeng.win/zh/blog/small-room-storage-underbed-cleaning-clearance-feng-shui/,True,6,zh,Blog,UNKNOWN (supplied aggregate only),KEEP_INDEXABLE,current HTTP/robots eligibility; quality and search indexing separate
roomfeng.win,https://roomfeng.win/zh/blog/sofa-bedroom-layout/,200,True,,,https://roomfeng.win/zh/blog/sofa-bedroom-layout/,True,4,zh,Blog,UNKNOWN (supplied aggregate only),KEEP_INDEXABLE,current HTTP/robots eligibility; quality and search indexing separate
roomfeng.win,https://roomfeng.win/zh/blog/square-bedroom-layout/,200,True,,,https://roomfeng.win/zh/blog/square-bedroom-layout/,True,27,zh,Blog,UNKNOWN (supplied aggregate only),KEEP_INDEXABLE,current HTTP/robots eligibility; quality and search indexing separate
roomfeng.win,https://roomfeng.win/zh/blog/student-room-layout-guide/,200,True,,,https://roomfeng.win/zh/blog/student-room-layout-guide/,True,9,zh,Blog,UNKNOWN (supplied aggregate only),KEEP_INDEXABLE,current HTTP/robots eligibility; quality and search indexing separate
roomfeng.win,https://roomfeng.win/zh/blog/studio-zoning-layout/,200,True,,,https://roomfeng.win/zh/blog/studio-zoning-layout/,True,15,zh,Blog,UNKNOWN (supplied aggregate only),KEEP_INDEXABLE,current HTTP/robots eligibility; quality and search indexing separate
roomfeng.win,https://roomfeng.win/zh/blog/tatami-platform-bedroom/,200,True,,,https://roomfeng.win/zh/blog/tatami-platform-bedroom/,True,5,zh,Blog,UNKNOWN (supplied aggregate only),KEEP_INDEXABLE,current HTTP/robots eligibility; quality and search indexing separate
roomfeng.win,https://roomfeng.win/zh/blog/tv-facing-bed-bedroom/,200,True,,,https://roomfeng.win/zh/blog/tv-facing-bed-bedroom/,True,3,zh,Blog,UNKNOWN (supplied aggregate only),KEEP_INDEXABLE,current HTTP/robots eligibility; quality and search indexing separate
roomfeng.win,https://roomfeng.win/zh/blog/under-bed-storage-feng-shui/,200,True,,,https://roomfeng.win/zh/blog/under-bed-storage-feng-shui/,True,17,zh,Blog,UNKNOWN (supplied aggregate only),KEEP_INDEXABLE,current HTTP/robots eligibility; quality and search indexing separate
roomfeng.win,https://roomfeng.win/zh/blog/wardrobe-door-types/,200,True,,,https://roomfeng.win/zh/blog/wardrobe-door-types/,True,11,zh,Blog,UNKNOWN (supplied aggregate only),KEEP_INDEXABLE,current HTTP/robots eligibility; quality and search indexing separate
roomfeng.win,https://roomfeng.win/zh/blog/wardrobe-placement-bedroom/,200,True,,,https://roomfeng.win/zh/blog/wardrobe-placement-bedroom/,True,18,zh,Blog,UNKNOWN (supplied aggregate only),KEEP_INDEXABLE,current HTTP/robots eligibility; quality and search indexing separate
roomfeng.win,https://roomfeng.win/zh/category/bedroom/2/,200,True,,,https://roomfeng.win/zh/category/bedroom/2/,True,3,zh,Category,UNKNOWN (supplied aggregate only),KEEP_INDEXABLE,current HTTP/robots eligibility; quality and search indexing separate
roomfeng.win,https://roomfeng.win/zh/category/bedroom/3/,200,True,,,https://roomfeng.win/zh/category/bedroom/3/,True,3,zh,Category,UNKNOWN (supplied aggregate only),KEEP_INDEXABLE,current HTTP/robots eligibility; quality and search indexing separate
roomfeng.win,https://roomfeng.win/zh/category/feng-shui/10/,200,True,,,https://roomfeng.win/zh/category/feng-shui/10/,True,19,zh,Category,UNKNOWN (supplied aggregate only),KEEP_INDEXABLE,current HTTP/robots eligibility; quality and search indexing separate
roomfeng.win,https://roomfeng.win/zh/category/feng-shui/11/,200,True,,,https://roomfeng.win/zh/category/feng-shui/11/,True,19,zh,Category,UNKNOWN (supplied aggregate only),KEEP_INDEXABLE,current HTTP/robots eligibility; quality and search indexing separate
roomfeng.win,https://roomfeng.win/zh/category/feng-shui/12/,200,True,,,https://roomfeng.win/zh/category/feng-shui/12/,True,19,zh,Category,UNKNOWN (supplied aggregate only),KEEP_INDEXABLE,current HTTP/robots eligibility; quality and search indexing separate
roomfeng.win,https://roomfeng.win/zh/category/feng-shui/13/,200,True,,,https://roomfeng.win/zh/category/feng-shui/13/,True,19,zh,Category,UNKNOWN (supplied aggregate only),KEEP_INDEXABLE,current HTTP/robots eligibility; quality and search indexing separate
roomfeng.win,https://roomfeng.win/zh/category/feng-shui/14/,200,True,,,https://roomfeng.win/zh/category/feng-shui/14/,True,19,zh,Category,UNKNOWN (supplied aggregate only),KEEP_INDEXABLE,current HTTP/robots eligibility; quality and search indexing separate
roomfeng.win,https://roomfeng.win/zh/category/feng-shui/15/,200,True,,,https://roomfeng.win/zh/category/feng-shui/15/,True,19,zh,Category,UNKNOWN (supplied aggregate only),KEEP_INDEXABLE,current HTTP/robots eligibility; quality and search indexing separate
roomfeng.win,https://roomfeng.win/zh/category/feng-shui/16/,200,True,,,https://roomfeng.win/zh/category/feng-shui/16/,True,19,zh,Category,UNKNOWN (supplied aggregate only),KEEP_INDEXABLE,current HTTP/robots eligibility; quality and search indexing separate
roomfeng.win,https://roomfeng.win/zh/category/feng-shui/17/,200,True,,,https://roomfeng.win/zh/category/feng-shui/17/,True,19,zh,Category,UNKNOWN (supplied aggregate only),KEEP_INDEXABLE,current HTTP/robots eligibility; quality and search indexing separate
roomfeng.win,https://roomfeng.win/zh/category/feng-shui/18/,200,True,,,https://roomfeng.win/zh/category/feng-shui/18/,True,19,zh,Category,UNKNOWN (supplied aggregate only),KEEP_INDEXABLE,current HTTP/robots eligibility; quality and search indexing separate
roomfeng.win,https://roomfeng.win/zh/category/feng-shui/19/,200,True,,,https://roomfeng.win/zh/category/feng-shui/19/,True,19,zh,Category,UNKNOWN (supplied aggregate only),KEEP_INDEXABLE,current HTTP/robots eligibility; quality and search indexing separate
roomfeng.win,https://roomfeng.win/zh/category/feng-shui/2/,200,True,,,https://roomfeng.win/zh/category/feng-shui/2/,True,19,zh,Category,UNKNOWN (supplied aggregate only),KEEP_INDEXABLE,current HTTP/robots eligibility; quality and search indexing separate
roomfeng.win,https://roomfeng.win/zh/category/feng-shui/3/,200,True,,,https://roomfeng.win/zh/category/feng-shui/3/,True,19,zh,Category,UNKNOWN (supplied aggregate only),KEEP_INDEXABLE,current HTTP/robots eligibility; quality and search indexing separate
roomfeng.win,https://roomfeng.win/zh/category/feng-shui/4/,200,True,,,https://roomfeng.win/zh/category/feng-shui/4/,True,19,zh,Category,UNKNOWN (supplied aggregate only),KEEP_INDEXABLE,current HTTP/robots eligibility; quality and search indexing separate
roomfeng.win,https://roomfeng.win/zh/category/feng-shui/5/,200,True,,,https://roomfeng.win/zh/category/feng-shui/5/,True,19,zh,Category,UNKNOWN (supplied aggregate only),KEEP_INDEXABLE,current HTTP/robots eligibility; quality and search indexing separate
roomfeng.win,https://roomfeng.win/zh/category/feng-shui/6/,200,True,,,https://roomfeng.win/zh/category/feng-shui/6/,True,19,zh,Category,UNKNOWN (supplied aggregate only),KEEP_INDEXABLE,current HTTP/robots eligibility; quality and search indexing separate
roomfeng.win,https://roomfeng.win/zh/category/feng-shui/7/,200,True,,,https://roomfeng.win/zh/category/feng-shui/7/,True,19,zh,Category,UNKNOWN (supplied aggregate only),KEEP_INDEXABLE,current HTTP/robots eligibility; quality and search indexing separate
roomfeng.win,https://roomfeng.win/zh/category/feng-shui/8/,200,True,,,https://roomfeng.win/zh/category/feng-shui/8/,True,19,zh,Category,UNKNOWN (supplied aggregate only),KEEP_INDEXABLE,current HTTP/robots eligibility; quality and search indexing separate
roomfeng.win,https://roomfeng.win/zh/category/feng-shui/9/,200,True,,,https://roomfeng.win/zh/category/feng-shui/9/,True,19,zh,Category,UNKNOWN (supplied aggregate only),KEEP_INDEXABLE,current HTTP/robots eligibility; quality and search indexing separate
roomfeng.win,https://roomfeng.win/zh/category/room-planning/2/,200,True,,,https://roomfeng.win/zh/category/room-planning/2/,True,4,zh,Category,UNKNOWN (supplied aggregate only),KEEP_INDEXABLE,current HTTP/robots eligibility; quality and search indexing separate
roomfeng.win,https://roomfeng.win/zh/category/room-planning/3/,200,True,,,https://roomfeng.win/zh/category/room-planning/3/,True,4,zh,Category,UNKNOWN (supplied aggregate only),KEEP_INDEXABLE,current HTTP/robots eligibility; quality and search indexing separate
roomfeng.win,https://roomfeng.win/zh/category/room-planning/4/,200,True,,,https://roomfeng.win/zh/category/room-planning/4/,True,4,zh,Category,UNKNOWN (supplied aggregate only),KEEP_INDEXABLE,current HTTP/robots eligibility; quality and search indexing separate
roomfeng.win,https://roomfeng.win/zh/category/small-room/2/,200,True,,,https://roomfeng.win/zh/category/small-room/2/,True,2,zh,Category,UNKNOWN (supplied aggregate only),KEEP_INDEXABLE,current HTTP/robots eligibility; quality and search indexing separate
roomfeng.win,https://roomfeng.win/zh/desk-door-fix-check/,200,True,,,https://roomfeng.win/zh/desk-door-fix-check/,True,23,zh,Content,UNKNOWN (supplied aggregate only),KEEP_INDEXABLE,current HTTP/robots eligibility; quality and search indexing separate
roomfeng.win,https://roomfeng.win/zh/living-room-furniture-layout/,200,True,,,https://roomfeng.win/zh/living-room-furniture-layout/,True,90,zh,Content,UNKNOWN (supplied aggregate only),KEEP_INDEXABLE,current HTTP/robots eligibility; quality and search indexing separate
roomfeng.win,https://roomfeng.win/zh/moving-new-home-os/,200,True,,,https://roomfeng.win/zh/moving-new-home-os/,True,10,zh,Content,UNKNOWN (supplied aggregate only),KEEP_INDEXABLE,current HTTP/robots eligibility; quality and search indexing separate
roomfeng.win,https://roomfeng.win/zh/rental-room-layout/,200,True,,,https://roomfeng.win/zh/rental-room-layout/,True,42,zh,Content,UNKNOWN (supplied aggregate only),KEEP_INDEXABLE,current HTTP/robots eligibility; quality and search indexing separate
roomfeng.win,https://roomfeng.win/zh/storage-bed-selector/,200,True,,,https://roomfeng.win/zh/storage-bed-selector/,True,12,zh,Content,UNKNOWN (supplied aggregate only),KEEP_INDEXABLE,current HTTP/robots eligibility; quality and search indexing separate
roomfeng.win,https://roomfeng.win/zh/studio-apartment-layout/,200,True,,,https://roomfeng.win/zh/studio-apartment-layout/,True,10,zh,Content,UNKNOWN (supplied aggregate only),KEEP_INDEXABLE,current HTTP/robots eligibility; quality and search indexing separate
roomfeng.win,https://roomfeng.win/en/11x12-bedroom-layout/,200,True,,,https://roomfeng.win/en/11x12-bedroom-layout/,True,4,en,Content,UNKNOWN (supplied aggregate only),KEEP_INDEXABLE,current HTTP/robots eligibility; quality and search indexing separate
roomfeng.win,https://roomfeng.win/en/12x12-bedroom-layout/,200,True,,,https://roomfeng.win/en/12x12-bedroom-layout/,True,4,en,Content,UNKNOWN (supplied aggregate only),KEEP_INDEXABLE,current HTTP/robots eligibility; quality and search indexing separate
roomfeng.win,https://roomfeng.win/en/350-sq-ft-studio-apartment-layout/,200,True,,,https://roomfeng.win/en/350-sq-ft-studio-apartment-layout/,True,5,en,Content,UNKNOWN (supplied aggregate only),KEEP_INDEXABLE,current HTTP/robots eligibility; quality and search indexing separate
roomfeng.win,https://roomfeng.win/en/400-sq-ft-studio-apartment-layout/,200,True,,,https://roomfeng.win/en/400-sq-ft-studio-apartment-layout/,True,5,en,Content,UNKNOWN (supplied aggregate only),KEEP_INDEXABLE,current HTTP/robots eligibility; quality and search indexing separate
roomfeng.win,https://roomfeng.win/en/450-sq-ft-studio-apartment-layout/,200,True,,,https://roomfeng.win/en/450-sq-ft-studio-apartment-layout/,True,4,en,Content,UNKNOWN (supplied aggregate only),KEEP_INDEXABLE,current HTTP/robots eligibility; quality and search indexing separate
roomfeng.win,https://roomfeng.win/en/500-sq-ft-studio-apartment-layout/,200,True,,,https://roomfeng.win/en/500-sq-ft-studio-apartment-layout/,True,4,en,Content,UNKNOWN (supplied aggregate only),KEEP_INDEXABLE,current HTTP/robots eligibility; quality and search indexing separate
roomfeng.win,https://roomfeng.win/en/8x10-bedroom-layout/,200,True,,,https://roomfeng.win/en/8x10-bedroom-layout/,True,5,en,Content,UNKNOWN (supplied aggregate only),KEEP_INDEXABLE,current HTTP/robots eligibility; quality and search indexing separate
roomfeng.win,https://roomfeng.win/en/9x10-bedroom-layout/,200,True,,,https://roomfeng.win/en/9x10-bedroom-layout/,True,5,en,Content,UNKNOWN (supplied aggregate only),KEEP_INDEXABLE,current HTTP/robots eligibility; quality and search indexing separate
roomfeng.win,https://roomfeng.win/en/beam-layout-fix-check/,200,True,,,https://roomfeng.win/en/beam-layout-fix-check/,True,3,en,Content,UNKNOWN (supplied aggregate only),KEEP_INDEXABLE,current HTTP/robots eligibility; quality and search indexing separate
roomfeng.win,https://roomfeng.win/en/couch-fit-through-door-calculator/,200,True,,,https://roomfeng.win/en/couch-fit-through-door-calculator/,True,3,en,Content,UNKNOWN (supplied aggregate only),KEEP_INDEXABLE,current HTTP/robots eligibility; quality and search indexing separate
roomfeng.win,https://roomfeng.win/en/layout-guides/10x12-bedroom-queen-desk/,200,True,,,https://roomfeng.win/en/layout-guides/10x12-bedroom-queen-desk/,True,5,en,Content,UNKNOWN (supplied aggregate only),KEEP_INDEXABLE,current HTTP/robots eligibility; quality and search indexing separate
roomfeng.win,https://roomfeng.win/en/layout-guides/300-sq-ft-studio-layout/,200,True,,,https://roomfeng.win/en/layout-guides/300-sq-ft-studio-layout/,True,2,en,Content,UNKNOWN (supplied aggregate only),KEEP_INDEXABLE,current HTTP/robots eligibility; quality and search indexing separate
roomfeng.win,https://roomfeng.win/en/moving-new-home-os/,200,True,,,https://roomfeng.win/en/moving-new-home-os/,True,8,en,Content,UNKNOWN (supplied aggregate only),KEEP_INDEXABLE,current HTTP/robots eligibility; quality and search indexing separate
roomfeng.win,https://roomfeng.win/en/small-space-layout-vault/,200,True,,,https://roomfeng.win/en/small-space-layout-vault/,True,8,en,Content,UNKNOWN (supplied aggregate only),KEEP_INDEXABLE,current HTTP/robots eligibility; quality and search indexing separate
roomfeng.win,https://roomfeng.win/zh/bed-facing-door-feng-shui/,200,True,,,https://roomfeng.win/zh/blog/bed-facing-door-feng-shui/,False,14,zh,Content,UNKNOWN (supplied aggregate only),CANONICAL_DUPLICATE,alternate canonical; verify source relationship
roomfeng.win,https://roomfeng.win/zh/blog/balcony-air-conditioner-outdoor-unit-feng-shui/,200,True,,,https://roomfeng.win/zh/blog/balcony-air-conditioner-outdoor-unit-feng-shui/,True,8,zh,Blog,UNKNOWN (supplied aggregate only),KEEP_INDEXABLE,current HTTP/robots eligibility; quality and search indexing separate
roomfeng.win,https://roomfeng.win/zh/blog/balcony-bicycle-storage-feng-shui/,200,True,,,https://roomfeng.win/zh/blog/balcony-bicycle-storage-feng-shui/,True,3,zh,Blog,UNKNOWN (supplied aggregate only),KEEP_INDEXABLE,current HTTP/robots eligibility; quality and search indexing separate
roomfeng.win,https://roomfeng.win/zh/blog/balcony-clothes-hanger-rust-cleaning-feng-shui/,200,True,,,https://roomfeng.win/zh/blog/balcony-clothes-hanger-rust-cleaning-feng-shui/,True,3,zh,Blog,UNKNOWN (supplied aggregate only),KEEP_INDEXABLE,current HTTP/robots eligibility; quality and search indexing separate
roomfeng.win,https://roomfeng.win/zh/blog/balcony-clothes-rack-feng-shui/,200,True,,,https://roomfeng.win/zh/blog/balcony-clothes-rack-feng-shui/,True,9,zh,Blog,UNKNOWN (supplied aggregate only),KEEP_INDEXABLE,current HTTP/robots eligibility; quality and search indexing separate
roomfeng.win,https://roomfeng.win/zh/blog/balcony-clothesline-pulley-maintenance-feng-shui/,200,True,,,https://roomfeng.win/zh/blog/balcony-clothesline-pulley-maintenance-feng-shui/,True,4,zh,Blog,UNKNOWN (supplied aggregate only),KEEP_INDEXABLE,current HTTP/robots eligibility; quality and search indexing separate
roomfeng.win,https://roomfeng.win/zh/blog/balcony-dehumidifier-drain-cleaning-feng-shui/,200,True,,,https://roomfeng.win/zh/blog/balcony-dehumidifier-drain-cleaning-feng-shui/,True,3,zh,Blog,UNKNOWN (supplied aggregate only),KEEP_INDEXABLE,current HTTP/robots eligibility; quality and search indexing separate
roomfeng.win,https://roomfeng.win/zh/blog/balcony-drainage-feng-shui/,200,True,,,https://roomfeng.win/zh/blog/balcony-drainage-feng-shui/,True,19,zh,Blog,UNKNOWN (supplied aggregate only),KEEP_INDEXABLE,current HTTP/robots eligibility; quality and search indexing separate
roomfeng.win,https://roomfeng.win/zh/blog/balcony-electric-bug-zapper-cleaning-feng-shui/,200,True,,,https://roomfeng.win/zh/blog/balcony-electric-bug-zapper-cleaning-feng-shui/,True,3,zh,Blog,UNKNOWN (supplied aggregate only),KEEP_INDEXABLE,current HTTP/robots eligibility; quality and search indexing separate
roomfeng.win,https://roomfeng.win/zh/blog/balcony-feng-shui-layout/,200,True,,,https://roomfeng.win/zh/blog/balcony-feng-shui-layout/,True,13,zh,Blog,UNKNOWN (supplied aggregate only),KEEP_INDEXABLE,current HTTP/robots eligibility; quality and search indexing separate
roomfeng.win,https://roomfeng.win/zh/blog/balcony-floor-drain-cover-cleaning-feng-shui/,200,True,,,https://roomfeng.win/zh/blog/balcony-floor-drain-cover-cleaning-feng-shui/,True,5,zh,Blog,UNKNOWN (supplied aggregate only),KEEP_INDEXABLE,current HTTP/robots eligibility; quality and search indexing separate
roomfeng.win,https://roomfeng.win/zh/blog/balcony-floor-drain-grate-cleaning-feng-shui/,200,True,,,https://roomfeng.win/zh/blog/balcony-floor-drain-grate-cleaning-feng-shui/,True,6,zh,Blog,UNKNOWN (supplied aggregate only),KEEP_INDEXABLE,current HTTP/robots eligibility; quality and search indexing separate
roomfeng.win,https://roomfeng.win/zh/blog/balcony-floor-tile-cleaning-feng-shui/,200,True,,,https://roomfeng.win/zh/blog/balcony-floor-tile-cleaning-feng-shui/,True,5,zh,Blog,UNKNOWN (supplied aggregate only),KEEP_INDEXABLE,current HTTP/robots eligibility; quality and search indexing separate
roomfeng.win,https://roomfeng.win/zh/blog/balcony-flower-pot-tray-cleaning-feng-shui/,200,True,,,https://roomfeng.win/zh/blog/balcony-flower-pot-tray-cleaning-feng-shui/,True,4,zh,Blog,UNKNOWN (supplied aggregate only),KEEP_INDEXABLE,current HTTP/robots eligibility; quality and search indexing separate
roomfeng.win,https://roomfeng.win/zh/blog/balcony-folding-chair-storage-feng-shui/,200,True,,,https://roomfeng.win/zh/blog/balcony-folding-chair-storage-feng-shui/,True,4,zh,Blog,UNKNOWN (supplied aggregate only),KEEP_INDEXABLE,current HTTP/robots eligibility; quality and search indexing separate
roomfeng.win,https://roomfeng.win/zh/blog/balcony-garden-tools-storage-feng-shui/,200,True,,,https://roomfeng.win/zh/blog/balcony-garden-tools-storage-feng-shui/,True,3,zh,Blog,UNKNOWN (supplied aggregate only),KEEP_INDEXABLE,current HTTP/robots eligibility; quality and search indexing separate
roomfeng.win,https://roomfeng.win/zh/blog/balcony-gas-cylinder-feng-shui/,200,True,,,https://roomfeng.win/zh/blog/balcony-gas-cylinder-feng-shui/,True,3,zh,Blog,UNKNOWN (supplied aggregate only),KEEP_INDEXABLE,current HTTP/robots eligibility; quality and search indexing separate
roomfeng.win,https://roomfeng.win/zh/blog/balcony-mosquito-screen-cleaning-feng-shui/,200,True,,,https://roomfeng.win/zh/blog/balcony-mosquito-screen-cleaning-feng-shui/,True,6,zh,Blog,UNKNOWN (supplied aggregate only),KEEP_INDEXABLE,current HTTP/robots eligibility; quality and search indexing separate
roomfeng.win,https://roomfeng.win/zh/blog/balcony-mosquito-screen-feng-shui/,200,True,,,https://roomfeng.win/zh/blog/balcony-mosquito-screen-feng-shui/,True,4,zh,Blog,UNKNOWN (supplied aggregate only),KEEP_INDEXABLE,current HTTP/robots eligibility; quality and search indexing separate
roomfeng.win,https://roomfeng.win/zh/blog/balcony-plant-pot-drainage-cleaning-feng-shui/,200,True,,,https://roomfeng.win/zh/blog/balcony-plant-pot-drainage-cleaning-feng-shui/,True,3,zh,Blog,UNKNOWN (supplied aggregate only),KEEP_INDEXABLE,current HTTP/robots eligibility; quality and search indexing separate
roomfeng.win,https://roomfeng.win/zh/blog/balcony-plant-pot-feng-shui/,200,True,,,https://roomfeng.win/zh/blog/balcony-plant-pot-feng-shui/,True,7,zh,Blog,UNKNOWN (supplied aggregate only),KEEP_INDEXABLE,current HTTP/robots eligibility; quality and search indexing separate
roomfeng.win,https://roomfeng.win/zh/blog/balcony-plant-shelf-feng-shui/,200,True,,,https://roomfeng.win/zh/blog/balcony-plant-shelf-feng-shui/,True,7,zh,Blog,UNKNOWN (supplied aggregate only),KEEP_INDEXABLE,current HTTP/robots eligibility; quality and search indexing separate
roomfeng.win,https://roomfeng.win/zh/blog/balcony-privacy-screen-feng-shui/,200,True,,,https://roomfeng.win/zh/blog/balcony-privacy-screen-feng-shui/,True,6,zh,Blog,UNKNOWN (supplied aggregate only),KEEP_INDEXABLE,current HTTP/robots eligibility; quality and search indexing separate
roomfeng.win,https://roomfeng.win/zh/blog/balcony-rainwater-storage-feng-shui/,200,True,,,https://roomfeng.win/zh/blog/balcony-rainwater-storage-feng-shui/,True,4,zh,Blog,UNKNOWN (supplied aggregate only),KEEP_INDEXABLE,current HTTP/robots eligibility; quality and search indexing separate
roomfeng.win,https://roomfeng.win/zh/blog/balcony-sliding-door-lock-cleaning-feng-shui/,200,True,,,https://roomfeng.win/zh/blog/balcony-sliding-door-lock-cleaning-feng-shui/,True,3,zh,Blog,UNKNOWN (supplied aggregate only),KEEP_INDEXABLE,current HTTP/robots eligibility; quality and search indexing separate
roomfeng.win,https://roomfeng.win/zh/blog/balcony-sliding-door-roller-cleaning-feng-shui/,200,True,,,https://roomfeng.win/zh/blog/balcony-sliding-door-roller-cleaning-feng-shui/,True,4,zh,Blog,UNKNOWN (supplied aggregate only),KEEP_INDEXABLE,current HTTP/robots eligibility; quality and search indexing separate
roomfeng.win,https://roomfeng.win/zh/blog/balcony-solar-panel-cleaning-feng-shui/,200,True,,,https://roomfeng.win/zh/blog/balcony-solar-panel-cleaning-feng-shui/,True,4,zh,Blog,UNKNOWN (supplied aggregate only),KEEP_INDEXABLE,current HTTP/robots eligibility; quality and search indexing separate
roomfeng.win,https://roomfeng.win/zh/blog/balcony-storage-cabinet-feng-shui/,200,True,,,https://roomfeng.win/zh/blog/balcony-storage-cabinet-feng-shui/,True,8,zh,Blog,UNKNOWN (supplied aggregate only),KEEP_INDEXABLE,current HTTP/robots eligibility; quality and search indexing separate
roomfeng.win,https://roomfeng.win/zh/blog/balcony-window-lock-handle-cleaning-feng-shui/,200,True,,,https://roomfeng.win/zh/blog/balcony-window-lock-handle-cleaning-feng-shui/,True,5,zh,Blog,UNKNOWN (supplied aggregate only),KEEP_INDEXABLE,current HTTP/robots eligibility; quality and search indexing separate
roomfeng.win,https://roomfeng.win/zh/blog/balcony-window-track-cleaning-feng-shui/,200,True,,,https://roomfeng.win/zh/blog/balcony-window-track-cleaning-feng-shui/,True,7,zh,Blog,UNKNOWN (supplied aggregate only),KEEP_INDEXABLE,current HTTP/robots eligibility; quality and search indexing separate
roomfeng.win,https://roomfeng.win/zh/blog/balcony-window-track-sill-cleaning-feng-shui/,200,True,,,https://roomfeng.win/zh/blog/balcony-window-track-sill-cleaning-feng-shui/,True,5,zh,Blog,UNKNOWN (supplied aggregate only),KEEP_INDEXABLE,current HTTP/robots eligibility; quality and search indexing separate
roomfeng.win,https://roomfeng.win/zh/blog/bathroom-bath-mat-cleaning-feng-shui/,200,True,,,https://roomfeng.win/zh/blog/bathroom-bath-mat-cleaning-feng-shui/,True,6,zh,Blog,UNKNOWN (supplied aggregate only),KEEP_INDEXABLE,current HTTP/robots eligibility; quality and search indexing separate
roomfeng.win,https://roomfeng.win/zh/blog/bathroom-bath-mat-feng-shui/,200,True,,,https://roomfeng.win/zh/blog/bathroom-bath-mat-feng-shui/,True,10,zh,Blog,UNKNOWN (supplied aggregate only),KEEP_INDEXABLE,current HTTP/robots eligibility; quality and search indexing separate
roomfeng.win,https://roomfeng.win/zh/blog/bathroom-bath-overflow-cover-cleaning-feng-shui/,200,True,,,https://roomfeng.win/zh/blog/bathroom-bath-overflow-cover-cleaning-feng-shui/,True,3,zh,Blog,UNKNOWN (supplied aggregate only),KEEP_INDEXABLE,current HTTP/robots eligibility; quality and search indexing separate
roomfeng.win,https://roomfeng.win/zh/blog/bathroom-bidet-deodorizing-filter-cleaning-feng-shui/,200,True,,,https://roomfeng.win/zh/blog/bathroom-bidet-deodorizing-filter-cleaning-feng-shui/,True,4,zh,Blog,UNKNOWN (supplied aggregate only),KEEP_INDEXABLE,current HTTP/robots eligibility; quality and search indexing separate
roomfeng.win,https://roomfeng.win/zh/blog/bathroom-bidet-remote-control-cleaning-feng-shui/,200,True,,,https://roomfeng.win/zh/blog/bathroom-bidet-remote-control-cleaning-feng-shui/,True,5,zh,Blog,UNKNOWN (supplied aggregate only),KEEP_INDEXABLE,current HTTP/robots eligibility; quality and search indexing separate
roomfeng.win,https://roomfeng.win/zh/blog/bathroom-bidet-seat-base-cleaning-feng-shui/,200,True,,,https://roomfeng.win/zh/blog/bathroom-bidet-seat-base-cleaning-feng-shui/,True,5,zh,Blog,UNKNOWN (supplied aggregate only),KEEP_INDEXABLE,current HTTP/robots eligibility; quality and search indexing separate
roomfeng.win,https://roomfeng.win/zh/blog/bathroom-bidet-seat-feng-shui/,200,True,,,https://roomfeng.win/zh/blog/bathroom-bidet-seat-feng-shui/,True,8,zh,Blog,UNKNOWN (supplied aggregate only),KEEP_INDEXABLE,current HTTP/robots eligibility; quality and search indexing separate
roomfeng.win,https://roomfeng.win/zh/blog/bathroom-bidet-seat-heater-cleaning-feng-shui/,200,True,,,https://roomfeng.win/zh/blog/bathroom-bidet-seat-heater-cleaning-feng-shui/,True,3,zh,Blog,UNKNOWN (supplied aggregate only),KEEP_INDEXABLE,current HTTP/robots eligibility; quality and search indexing separate
roomfeng.win,https://roomfeng.win/zh/blog/bathroom-bidet-seat-lid-cleaning-feng-shui/,200,True,,,https://roomfeng.win/zh/blog/bathroom-bidet-seat-lid-cleaning-feng-shui/,True,5,zh,Blog,UNKNOWN (supplied aggregate only),KEEP_INDEXABLE,current HTTP/robots eligibility; quality and search indexing separate
roomfeng.win,https://roomfeng.win/zh/blog/bathroom-bidet-seat-sensor-cleaning-feng-shui/,200,True,,,https://roomfeng.win/zh/blog/bathroom-bidet-seat-sensor-cleaning-feng-shui/,True,4,zh,Blog,UNKNOWN (supplied aggregate only),KEEP_INDEXABLE,current HTTP/robots eligibility; quality and search indexing separate
roomfeng.win,https://roomfeng.win/zh/blog/bathroom-bidet-seat-spray-nozzle-cleaning-feng-shui/,200,True,,,https://roomfeng.win/zh/blog/bathroom-bidet-seat-spray-nozzle-cleaning-feng-shui/,True,7,zh,Blog,UNKNOWN (supplied aggregate only),KEEP_INDEXABLE,current HTTP/robots eligibility; quality and search indexing separate
roomfeng.win,https://roomfeng.win/zh/blog/bathroom-bidet-water-filter-cleaning-feng-shui/,200,True,,,https://roomfeng.win/zh/blog/bathroom-bidet-water-filter-cleaning-feng-shui/,True,5,zh,Blog,UNKNOWN (supplied aggregate only),KEEP_INDEXABLE,current HTTP/robots eligibility; quality and search indexing separate
roomfeng.win,https://roomfeng.win/zh/blog/bathroom-cleaning-feng-shui/,200,True,,,https://roomfeng.win/zh/blog/bathroom-cleaning-feng-shui/,True,12,zh,Blog,UNKNOWN (supplied aggregate only),KEEP_INDEXABLE,current HTTP/robots eligibility; quality and search indexing separate
roomfeng.win,https://roomfeng.win/zh/blog/bathroom-electric-heater-feng-shui/,200,True,,,https://roomfeng.win/zh/blog/bathroom-electric-heater-feng-shui/,True,4,zh,Blog,UNKNOWN (supplied aggregate only),KEEP_INDEXABLE,current HTTP/robots eligibility; quality and search indexing separate
roomfeng.win,https://roomfeng.win/zh/blog/bathroom-electric-shaver-cleaning-feng-shui/,200,True,,,https://roomfeng.win/zh/blog/bathroom-electric-shaver-cleaning-feng-shui/,True,4,zh,Blog,UNKNOWN (supplied aggregate only),KEEP_INDEXABLE,current HTTP/robots eligibility; quality and search indexing separate
roomfeng.win,https://roomfeng.win/zh/blog/bathroom-electric-toothbrush-storage-feng-shui/,200,True,,,https://roomfeng.win/zh/blog/bathroom-electric-toothbrush-storage-feng-shui/,True,6,zh,Blog,UNKNOWN (supplied aggregate only),KEEP_INDEXABLE,current HTTP/robots eligibility; quality and search indexing separate
roomfeng.win,https://roomfeng.win/zh/blog/bathroom-exhaust-fan-backdraft-shutter-cleaning-feng-shui/,200,True,,,https://roomfeng.win/zh/blog/bathroom-exhaust-fan-backdraft-shutter-cleaning-feng-shui/,True,4,zh,Blog,UNKNOWN (supplied aggregate only),KEEP_INDEXABLE,current HTTP/robots eligibility; quality and search indexing separate
roomfeng.win,https://roomfeng.win/zh/blog/bathroom-exhaust-fan-cover-cleaning-feng-shui/,200,True,,,https://roomfeng.win/zh/blog/bathroom-exhaust-fan-cover-cleaning-feng-shui/,True,5,zh,Blog,UNKNOWN (supplied aggregate only),KEEP_INDEXABLE,current HTTP/robots eligibility; quality and search indexing separate
roomfeng.win,https://roomfeng.win/zh/blog/bathroom-exhaust-fan-feng-shui/,200,True,,,https://roomfeng.win/zh/blog/bathroom-exhaust-fan-feng-shui/,True,10,zh,Blog,UNKNOWN (supplied aggregate only),KEEP_INDEXABLE,current HTTP/robots eligibility; quality and search indexing separate
roomfeng.win,https://roomfeng.win/zh/blog/bathroom-exhaust-fan-grille-cleaning-feng-shui/,200,True,,,https://roomfeng.win/zh/blog/bathroom-exhaust-fan-grille-cleaning-feng-shui/,True,10,zh,Blog,UNKNOWN (supplied aggregate only),KEEP_INDEXABLE,current HTTP/robots eligibility; quality and search indexing separate
roomfeng.win,https://roomfeng.win/zh/blog/bathroom-exhaust-fan-motor-cleaning-feng-shui/,200,True,,,https://roomfeng.win/zh/blog/bathroom-exhaust-fan-motor-cleaning-feng-shui/,True,3,zh,Blog,UNKNOWN (supplied aggregate only),KEEP_INDEXABLE,current HTTP/robots eligibility; quality and search indexing separate
roomfeng.win,https://roomfeng.win/zh/blog/bathroom-exhaust-fan-noise-feng-shui/,200,True,,,https://roomfeng.win/zh/blog/bathroom-exhaust-fan-noise-feng-shui/,True,7,zh,Blog,UNKNOWN (supplied aggregate only),KEEP_INDEXABLE,current HTTP/robots eligibility; quality and search indexing separate
roomfeng.win,https://roomfeng.win/zh/blog/bathroom-exhaust-fan-wall-switch-cleaning-feng-shui/,200,True,,,https://roomfeng.win/zh/blog/bathroom-exhaust-fan-wall-switch-cleaning-feng-shui/,True,4,zh,Blog,UNKNOWN (supplied aggregate only),KEEP_INDEXABLE,current HTTP/robots eligibility; quality and search indexing separate
roomfeng.win,https://roomfeng.win/zh/blog/bathroom-floor-drain-cleaning-feng-shui/,200,True,,,https://roomfeng.win/zh/blog/bathroom-floor-drain-cleaning-feng-shui/,True,13,zh,Blog,UNKNOWN (supplied aggregate only),KEEP_INDEXABLE,current HTTP/robots eligibility; quality and search indexing separate
roomfeng.win,https://roomfeng.win/zh/blog/bathroom-floor-drain-feng-shui/,200,True,,,https://roomfeng.win/zh/blog/bathroom-floor-drain-feng-shui/,True,12,zh,Blog,UNKNOWN (supplied aggregate only),KEEP_INDEXABLE,current HTTP/robots eligibility; quality and search indexing separate
roomfeng.win,https://roomfeng.win/zh/blog/bathroom-floor-drain-grate-cleaning-feng-shui/,200,True,,,https://roomfeng.win/zh/blog/bathroom-floor-drain-grate-cleaning-feng-shui/,True,4,zh,Blog,UNKNOWN (supplied aggregate only),KEEP_INDEXABLE,current HTTP/robots eligibility; quality and search indexing separate
roomfeng.win,https://roomfeng.win/zh/blog/bathroom-floor-drain-odor-feng-shui/,200,True,,,https://roomfeng.win/zh/blog/bathroom-floor-drain-odor-feng-shui/,True,8,zh,Blog,UNKNOWN (supplied aggregate only),KEEP_INDEXABLE,current HTTP/robots eligibility; quality and search indexing separate
roomfeng.win,https://roomfeng.win/zh/blog/bathroom-grab-bar-feng-shui/,200,True,,,https://roomfeng.win/zh/blog/bathroom-grab-bar-feng-shui/,True,3,zh,Blog,UNKNOWN (supplied aggregate only),KEEP_INDEXABLE,current HTTP/robots eligibility; quality and search indexing separate
roomfeng.win,https://roomfeng.win/zh/blog/bathroom-hair-dryer-feng-shui/,200,True,,,https://roomfeng.win/zh/blog/bathroom-hair-dryer-feng-shui/,True,5,zh,Blog,UNKNOWN (supplied aggregate only),KEEP_INDEXABLE,current HTTP/robots eligibility; quality and search indexing separate
roomfeng.win,https://roomfeng.win/zh/blog/bathroom-hair-dryer-filter-cleaning-feng-shui/,200,True,,,https://roomfeng.win/zh/blog/bathroom-hair-dryer-filter-cleaning-feng-shui/,True,4,zh,Blog,UNKNOWN (supplied aggregate only),KEEP_INDEXABLE,current HTTP/robots eligibility; quality and search indexing separate
roomfeng.win,https://roomfeng.win/zh/blog/bathroom-hand-shower-head-cleaning-feng-shui/,200,True,,,https://roomfeng.win/zh/blog/bathroom-hand-shower-head-cleaning-feng-shui/,True,5,zh,Blog,UNKNOWN (supplied aggregate only),KEEP_INDEXABLE,current HTTP/robots eligibility; quality and search indexing separate
roomfeng.win,https://roomfeng.win/zh/blog/bathroom-hand-towel-feng-shui/,200,True,,,https://roomfeng.win/zh/blog/bathroom-hand-towel-feng-shui/,True,3,zh,Blog,UNKNOWN (supplied aggregate only),KEEP_INDEXABLE,current HTTP/robots eligibility; quality and search indexing separate
roomfeng.win,https://roomfeng.win/zh/blog/bathroom-medicine-cabinet-feng-shui/,200,True,,,https://roomfeng.win/zh/blog/bathroom-medicine-cabinet-feng-shui/,True,8,zh,Blog,UNKNOWN (supplied aggregate only),KEEP_INDEXABLE,current HTTP/robots eligibility; quality and search indexing separate
roomfeng.win,https://roomfeng.win/zh/blog/bathroom-medicine-cabinet-humidity-feng-shui/,200,True,,,https://roomfeng.win/zh/blog/bathroom-medicine-cabinet-humidity-feng-shui/,True,3,zh,Blog,UNKNOWN (supplied aggregate only),KEEP_INDEXABLE,current HTTP/robots eligibility; quality and search indexing separate
roomfeng.win,https://roomfeng.win/zh/blog/bathroom-mirror-condensation-feng-shui/,200,True,,,https://roomfeng.win/zh/blog/bathroom-mirror-condensation-feng-shui/,True,5,zh,Blog,UNKNOWN (supplied aggregate only),KEEP_INDEXABLE,current HTTP/robots eligibility; quality and search indexing separate
roomfeng.win,https://roomfeng.win/zh/blog/bathroom-mirror-feng-shui/,200,True,,,https://roomfeng.win/zh/blog/bathroom-mirror-feng-shui/,True,13,zh,Blog,UNKNOWN (supplied aggregate only),KEEP_INDEXABLE,current HTTP/robots eligibility; quality and search indexing separate
roomfeng.win,https://roomfeng.win/zh/blog/bathroom-mirror-frame-cleaning-feng-shui/,200,True,,,https://roomfeng.win/zh/blog/bathroom-mirror-frame-cleaning-feng-shui/,True,4,zh,Blog,UNKNOWN (supplied aggregate only),KEEP_INDEXABLE,current HTTP/robots eligibility; quality and search indexing separate
roomfeng.win,https://roomfeng.win/zh/blog/bathroom-mirror-frame-dust-cleaning-feng-shui/,200,True,,,https://roomfeng.win/zh/blog/bathroom-mirror-frame-dust-cleaning-feng-shui/,True,6,zh,Blog,UNKNOWN (supplied aggregate only),KEEP_INDEXABLE,current HTTP/robots eligibility; quality and search indexing separate
roomfeng.win,https://roomfeng.win/zh/blog/bathroom-mirror-shelf-cleaning-feng-shui/,200,True,,,https://roomfeng.win/zh/blog/bathroom-mirror-shelf-cleaning-feng-shui/,True,4,zh,Blog,UNKNOWN (supplied aggregate only),KEEP_INDEXABLE,current HTTP/robots eligibility; quality and search indexing separate
roomfeng.win,https://roomfeng.win/zh/blog/bathroom-shower-caddy-rust-feng-shui/,200,True,,,https://roomfeng.win/zh/blog/bathroom-shower-caddy-rust-feng-shui/,True,4,zh,Blog,UNKNOWN (supplied aggregate only),KEEP_INDEXABLE,current HTTP/robots eligibility; quality and search indexing separate
roomfeng.win,https://roomfeng.win/zh/blog/bathroom-shower-caddy-shelf-cleaning-feng-shui/,200,True,,,https://roomfeng.win/zh/blog/bathroom-shower-caddy-shelf-cleaning-feng-shui/,True,4,zh,Blog,UNKNOWN (supplied aggregate only),KEEP_INDEXABLE,current HTTP/robots eligibility; quality and search indexing separate
roomfeng.win,https://roomfeng.win/zh/blog/bathroom-shower-caddy-storage-feng-shui/,200,True,,,https://roomfeng.win/zh/blog/bathroom-shower-caddy-storage-feng-shui/,True,7,zh,Blog,UNKNOWN (supplied aggregate only),KEEP_INDEXABLE,current HTTP/robots eligibility; quality and search indexing separate
roomfeng.win,https://roomfeng.win/zh/blog/bathroom-shower-curtain-cleaning-feng-shui/,200,True,,,https://roomfeng.win/zh/blog/bathroom-shower-curtain-cleaning-feng-shui/,True,9,zh,Blog,UNKNOWN (supplied aggregate only),KEEP_INDEXABLE,current HTTP/robots eligibility; quality and search indexing separate
roomfeng.win,https://roomfeng.win/zh/blog/bathroom-shower-curtain-feng-shui/,200,True,,,https://roomfeng.win/zh/blog/bathroom-shower-curtain-feng-shui/,True,8,zh,Blog,UNKNOWN (supplied aggregate only),KEEP_INDEXABLE,current HTTP/robots eligibility; quality and search indexing separate
roomfeng.win,https://roomfeng.win/zh/blog/bathroom-shower-curtain-rod-cleaning-feng-shui/,200,True,,,https://roomfeng.win/zh/blog/bathroom-shower-curtain-rod-cleaning-feng-shui/,True,5,zh,Blog,UNKNOWN (supplied aggregate only),KEEP_INDEXABLE,current HTTP/robots eligibility; quality and search indexing separate
roomfeng.win,https://roomfeng.win/zh/blog/bathroom-shower-door-bottom-seal-cleaning-feng-shui/,200,True,,,https://roomfeng.win/zh/blog/bathroom-shower-door-bottom-seal-cleaning-feng-shui/,True,7,zh,Blog,UNKNOWN (supplied aggregate only),KEEP_INDEXABLE,current HTTP/robots eligibility; quality and search indexing separate
roomfeng.win,https://roomfeng.win/zh/blog/bathroom-shower-door-feng-shui/,200,True,,,https://roomfeng.win/zh/blog/bathroom-shower-door-feng-shui/,True,15,zh,Blog,UNKNOWN (supplied aggregate only),KEEP_INDEXABLE,current HTTP/robots eligibility; quality and search indexing separate
roomfeng.win,https://roomfeng.win/zh/blog/bathroom-shower-door-handle-cleaning-feng-shui/,200,True,,,https://roomfeng.win/zh/blog/bathroom-shower-door-handle-cleaning-feng-shui/,True,4,zh,Blog,UNKNOWN (supplied aggregate only),KEEP_INDEXABLE,current HTTP/robots eligibility; quality and search indexing separate
roomfeng.win,https://roomfeng.win/zh/blog/bathroom-shower-door-hinge-cleaning-feng-shui/,200,True,,,https://roomfeng.win/zh/blog/bathroom-shower-door-hinge-cleaning-feng-shui/,True,4,zh,Blog,UNKNOWN (supplied aggregate only),KEEP_INDEXABLE,current HTTP/robots eligibility; quality and search indexing separate
roomfeng.win,https://roomfeng.win/zh/blog/bathroom-shower-door-seal-cleaning-feng-shui/,200,True,,,https://roomfeng.win/zh/blog/bathroom-shower-door-seal-cleaning-feng-shui/,True,3,zh,Blog,UNKNOWN (supplied aggregate only),KEEP_INDEXABLE,current HTTP/robots eligibility; quality and search indexing separate
roomfeng.win,https://roomfeng.win/zh/blog/bathroom-shower-door-sweep-cleaning-feng-shui/,200,True,,,https://roomfeng.win/zh/blog/bathroom-shower-door-sweep-cleaning-feng-shui/,True,3,zh,Blog,UNKNOWN (supplied aggregate only),KEEP_INDEXABLE,current HTTP/robots eligibility; quality and search indexing separate
roomfeng.win,https://roomfeng.win/zh/blog/bathroom-shower-door-track-cleaning-feng-shui/,200,True,,,https://roomfeng.win/zh/blog/bathroom-shower-door-track-cleaning-feng-shui/,True,11,zh,Blog,UNKNOWN (supplied aggregate only),KEEP_INDEXABLE,current HTTP/robots eligibility; quality and search indexing separate
roomfeng.win,https://roomfeng.win/zh/blog/bathroom-shower-door-water-stain-feng-shui/,200,True,,,https://roomfeng.win/zh/blog/bathroom-shower-door-water-stain-feng-shui/,True,9,zh,Blog,UNKNOWN (supplied aggregate only),KEEP_INDEXABLE,current HTTP/robots eligibility; quality and search indexing separate
roomfeng.win,https://roomfeng.win/zh/blog/bathroom-shower-doorway-clearance-feng-shui/,200,True,,,https://roomfeng.win/zh/blog/bathroom-shower-doorway-clearance-feng-shui/,True,3,zh,Blog,UNKNOWN (supplied aggregate only),KEEP_INDEXABLE,current HTTP/robots eligibility; quality and search indexing separate
roomfeng.win,https://roomfeng.win/zh/blog/bathroom-shower-drain-cover-cleaning-feng-shui/,200,True,,,https://roomfeng.win/zh/blog/bathroom-shower-drain-cover-cleaning-feng-shui/,True,6,zh,Blog,UNKNOWN (supplied aggregate only),KEEP_INDEXABLE,current HTTP/robots eligibility; quality and search indexing separate
roomfeng.win,https://roomfeng.win/zh/blog/bathroom-shower-drain-strainer-cleaning-feng-shui/,200,True,,,https://roomfeng.win/zh/blog/bathroom-shower-drain-strainer-cleaning-feng-shui/,True,4,zh,Blog,UNKNOWN (supplied aggregate only),KEEP_INDEXABLE,current HTTP/robots eligibility; quality and search indexing separate
roomfeng.win,https://roomfeng.win/zh/blog/bathroom-shower-faucet-handle-cleaning-feng-shui/,200,True,,,https://roomfeng.win/zh/blog/bathroom-shower-faucet-handle-cleaning-feng-shui/,True,4,zh,Blog,UNKNOWN (supplied aggregate only),KEEP_INDEXABLE,current HTTP/robots eligibility; quality and search indexing separate
roomfeng.win,https://roomfeng.win/zh/blog/bathroom-shower-hose-cleaning-feng-shui/,200,True,,,https://roomfeng.win/zh/blog/bathroom-shower-hose-cleaning-feng-shui/,True,3,zh,Blog,UNKNOWN (supplied aggregate only),KEEP_INDEXABLE,current HTTP/robots eligibility; quality and search indexing separate
roomfeng.win,https://roomfeng.win/zh/blog/bathroom-shower-hose-connector-cleaning-feng-shui/,200,True,,,https://roomfeng.win/zh/blog/bathroom-shower-hose-connector-cleaning-feng-shui/,True,6,zh,Blog,UNKNOWN (supplied aggregate only),KEEP_INDEXABLE,current HTTP/robots eligibility; quality and search indexing separate
roomfeng.win,https://roomfeng.win/zh/blog/bathroom-shower-hose-kink-feng-shui/,200,True,,,https://roomfeng.win/zh/blog/bathroom-shower-hose-kink-feng-shui/,True,7,zh,Blog,UNKNOWN (supplied aggregate only),KEEP_INDEXABLE,current HTTP/robots eligibility; quality and search indexing separate
roomfeng.win,https://roomfeng.win/zh/blog/bathroom-shower-mat-cleaning-feng-shui/,200,True,,,https://roomfeng.win/zh/blog/bathroom-shower-mat-cleaning-feng-shui/,True,3,zh,Blog,UNKNOWN (supplied aggregate only),KEEP_INDEXABLE,current HTTP/robots eligibility; quality and search indexing separate
roomfeng.win,https://roomfeng.win/zh/blog/bathroom-shower-niche-cleaning-feng-shui/,200,True,,,https://roomfeng.win/zh/blog/bathroom-shower-niche-cleaning-feng-shui/,True,3,zh,Blog,UNKNOWN (supplied aggregate only),KEEP_INDEXABLE,current HTTP/robots eligibility; quality and search indexing separate
roomfeng.win,https://roomfeng.win/zh/blog/bathroom-shower-silicone-mold-cleaning-feng-shui/,200,True,,,https://roomfeng.win/zh/blog/bathroom-shower-silicone-mold-cleaning-feng-shui/,True,6,zh,Blog,UNKNOWN (supplied aggregate only),KEEP_INDEXABLE,current HTTP/robots eligibility; quality and search indexing separate
roomfeng.win,https://roomfeng.win/zh/blog/bathroom-shower-slippers-drying-feng-shui/,200,True,,,https://roomfeng.win/zh/blog/bathroom-shower-slippers-drying-feng-shui/,True,3,zh,Blog,UNKNOWN (supplied aggregate only),KEEP_INDEXABLE,current HTTP/robots eligibility; quality and search indexing separate
roomfeng.win,https://roomfeng.win/zh/blog/bathroom-shower-slippers-storage-feng-shui/,200,True,,,https://roomfeng.win/zh/blog/bathroom-shower-slippers-storage-feng-shui/,True,5,zh,Blog,UNKNOWN (supplied aggregate only),KEEP_INDEXABLE,current HTTP/robots eligibility; quality and search indexing separate
roomfeng.win,https://roomfeng.win/zh/blog/bathroom-shower-squeegee-feng-shui/,200,True,,,https://roomfeng.win/zh/blog/bathroom-shower-squeegee-feng-shui/,True,8,zh,Blog,UNKNOWN (supplied aggregate only),KEEP_INDEXABLE,current HTTP/robots eligibility; quality and search indexing separate
roomfeng.win,https://roomfeng.win/zh/blog/bathroom-shower-stool-feng-shui/,200,True,,,https://roomfeng.win/zh/blog/bathroom-shower-stool-feng-shui/,True,8,zh,Blog,UNKNOWN (supplied aggregate only),KEEP_INDEXABLE,current HTTP/robots eligibility; quality and search indexing separate
roomfeng.win,https://roomfeng.win/zh/blog/bathroom-shower-threshold-cleaning-feng-shui/,200,True,,,https://roomfeng.win/zh/blog/bathroom-shower-threshold-cleaning-feng-shui/,True,6,zh,Blog,UNKNOWN (supplied aggregate only),KEEP_INDEXABLE,current HTTP/robots eligibility; quality and search indexing separate
roomfeng.win,https://roomfeng.win/zh/blog/bathroom-shower-threshold-seal-feng-shui/,200,True,,,https://roomfeng.win/zh/blog/bathroom-shower-threshold-seal-feng-shui/,True,8,zh,Blog,UNKNOWN (supplied aggregate only),KEEP_INDEXABLE,current HTTP/robots eligibility; quality and search indexing separate
roomfeng.win,https://roomfeng.win/zh/blog/bathroom-shower-wall-tile-cleaning-feng-shui/,200,True,,,https://roomfeng.win/zh/blog/bathroom-shower-wall-tile-cleaning-feng-shui/,True,3,zh,Blog,UNKNOWN (supplied aggregate only),KEEP_INDEXABLE,current HTTP/robots eligibility; quality and search indexing separate
roomfeng.win,https://roomfeng.win/zh/blog/bathroom-shower-water-filter-cleaning-feng-shui/,200,True,,,https://roomfeng.win/zh/blog/bathroom-shower-water-filter-cleaning-feng-shui/,True,4,zh,Blog,UNKNOWN (supplied aggregate only),KEEP_INDEXABLE,current HTTP/robots eligibility; quality and search indexing separate
roomfeng.win,https://roomfeng.win/zh/blog/bathroom-showerhead-screen-filter-cleaning-feng-shui/,200,True,,,https://roomfeng.win/zh/blog/bathroom-showerhead-screen-filter-cleaning-feng-shui/,True,4,zh,Blog,UNKNOWN (supplied aggregate only),KEEP_INDEXABLE,current HTTP/robots eligibility; quality and search indexing separate
roomfeng.win,https://roomfeng.win/zh/blog/bathroom-skylight-feng-shui/,200,True,,,https://roomfeng.win/zh/blog/bathroom-skylight-feng-shui/,True,3,zh,Blog,UNKNOWN (supplied aggregate only),KEEP_INDEXABLE,current HTTP/robots eligibility; quality and search indexing separate
roomfeng.win,https://roomfeng.win/zh/blog/bathroom-toilet-base-floor-edge-cleaning-feng-shui/,200,True,,,https://roomfeng.win/zh/blog/bathroom-toilet-base-floor-edge-cleaning-feng-shui/,True,6,zh,Blog,UNKNOWN (supplied aggregate only),KEEP_INDEXABLE,current HTTP/robots eligibility; quality and search indexing separate
roomfeng.win,https://roomfeng.win/zh/blog/bathroom-toilet-bowl-trapway-cleaning-feng-shui/,200,True,,,https://roomfeng.win/zh/blog/bathroom-toilet-bowl-trapway-cleaning-feng-shui/,True,4,zh,Blog,UNKNOWN (supplied aggregate only),KEEP_INDEXABLE,current HTTP/robots eligibility; quality and search indexing separate
roomfeng.win,https://roomfeng.win/zh/blog/bathroom-toilet-bowl-waterline-cleaning-feng-shui/,200,True,,,https://roomfeng.win/zh/blog/bathroom-toilet-bowl-waterline-cleaning-feng-shui/,True,3,zh,Blog,UNKNOWN (supplied aggregate only),KEEP_INDEXABLE,current HTTP/robots eligibility; quality and search indexing separate
roomfeng.win,https://roomfeng.win/zh/blog/bathroom-toilet-brush-storage-feng-shui/,200,True,,,https://roomfeng.win/zh/blog/bathroom-toilet-brush-storage-feng-shui/,True,5,zh,Blog,UNKNOWN (supplied aggregate only),KEEP_INDEXABLE,current HTTP/robots eligibility; quality and search indexing separate
roomfeng.win,https://roomfeng.win/zh/blog/bathroom-toilet-cleaner-storage-feng-shui/,200,True,,,https://roomfeng.win/zh/blog/bathroom-toilet-cleaner-storage-feng-shui/,True,4,zh,Blog,UNKNOWN (supplied aggregate only),KEEP_INDEXABLE,current HTTP/robots eligibility; quality and search indexing separate
roomfeng.win,https://roomfeng.win/zh/blog/bathroom-toilet-cleaning-feng-shui/,200,True,,,https://roomfeng.win/zh/blog/bathroom-toilet-cleaning-feng-shui/,True,11,zh,Blog,UNKNOWN (supplied aggregate only),KEEP_INDEXABLE,current HTTP/robots eligibility; quality and search indexing separate
roomfeng.win,https://roomfeng.win/zh/blog/bathroom-toilet-flush-button-cleaning-feng-shui/,200,True,,,https://roomfeng.win/zh/blog/bathroom-toilet-flush-button-cleaning-feng-shui/,True,9,zh,Blog,UNKNOWN (supplied aggregate only),KEEP_INDEXABLE,current HTTP/robots eligibility; quality and search indexing separate
roomfeng.win,https://roomfeng.win/zh/blog/bathroom-toilet-flush-handle-cleaning-feng-shui/,200,True,,,https://roomfeng.win/zh/blog/bathroom-toilet-flush-handle-cleaning-feng-shui/,True,5,zh,Blog,UNKNOWN (supplied aggregate only),KEEP_INDEXABLE,current HTTP/robots eligibility; quality and search indexing separate
roomfeng.win,https://roomfeng.win/zh/blog/bathroom-toilet-lid-feng-shui/,200,True,,,https://roomfeng.win/zh/blog/bathroom-toilet-lid-feng-shui/,True,7,zh,Blog,UNKNOWN (supplied aggregate only),KEEP_INDEXABLE,current HTTP/robots eligibility; quality and search indexing separate
roomfeng.win,https://roomfeng.win/zh/blog/bathroom-toilet-paper-holder-cleaning-feng-shui/,200,True,,,https://roomfeng.win/zh/blog/bathroom-toilet-paper-holder-cleaning-feng-shui/,True,3,zh,Blog,UNKNOWN (supplied aggregate only),KEEP_INDEXABLE,current HTTP/robots eligibility; quality and search indexing separate
roomfeng.win,https://roomfeng.win/zh/blog/bathroom-toilet-paper-holder-feng-shui/,200,True,,,https://roomfeng.win/zh/blog/bathroom-toilet-paper-holder-feng-shui/,True,7,zh,Blog,UNKNOWN (supplied aggregate only),KEEP_INDEXABLE,current HTTP/robots eligibility; quality and search indexing separate
roomfeng.win,https://roomfeng.win/zh/blog/bathroom-toilet-plunger-storage-feng-shui/,200,True,,,https://roomfeng.win/zh/blog/bathroom-toilet-plunger-storage-feng-shui/,True,4,zh,Blog,UNKNOWN (supplied aggregate only),KEEP_INDEXABLE,current HTTP/robots eligibility; quality and search indexing separate
roomfeng.win,https://roomfeng.win/zh/blog/bathroom-toilet-rim-hole-cleaning-feng-shui/,200,True,,,https://roomfeng.win/zh/blog/bathroom-toilet-rim-hole-cleaning-feng-shui/,True,5,zh,Blog,UNKNOWN (supplied aggregate only),KEEP_INDEXABLE,current HTTP/robots eligibility; quality and search indexing separate
roomfeng.win,https://roomfeng.win/zh/blog/bathroom-toilet-seat-bumper-cleaning-feng-shui/,200,True,,,https://roomfeng.win/zh/blog/bathroom-toilet-seat-bumper-cleaning-feng-shui/,True,3,zh,Blog,UNKNOWN (supplied aggregate only),KEEP_INDEXABLE,current HTTP/robots eligibility; quality and search indexing separate
roomfeng.win,https://roomfeng.win/zh/blog/bathroom-toilet-seat-cleaning-feng-shui/,200,True,,,https://roomfeng.win/zh/blog/bathroom-toilet-seat-cleaning-feng-shui/,True,5,zh,Blog,UNKNOWN (supplied aggregate only),KEEP_INDEXABLE,current HTTP/robots eligibility; quality and search indexing separate
roomfeng.win,https://roomfeng.win/zh/blog/bathroom-toilet-seat-height-feng-shui/,200,True,,,https://roomfeng.win/zh/blog/bathroom-toilet-seat-height-feng-shui/,True,3,zh,Blog,UNKNOWN (supplied aggregate only),KEEP_INDEXABLE,current HTTP/robots eligibility; quality and search indexing separate
roomfeng.win,https://roomfeng.win/zh/blog/bathroom-toilet-seat-hinge-cleaning-feng-shui/,200,True,,,https://roomfeng.win/zh/blog/bathroom-toilet-seat-hinge-cleaning-feng-shui/,True,10,zh,Blog,UNKNOWN (supplied aggregate only),KEEP_INDEXABLE,current HTTP/robots eligibility; quality and search indexing separate
roomfeng.win,https://roomfeng.win/zh/blog/bathroom-toilet-tank-chain-cleaning-feng-shui/,200,True,,,https://roomfeng.win/zh/blog/bathroom-toilet-tank-chain-cleaning-feng-shui/,True,6,zh,Blog,UNKNOWN (supplied aggregate only),KEEP_INDEXABLE,current HTTP/robots eligibility; quality and search indexing separate
roomfeng.win,https://roomfeng.win/zh/blog/bathroom-toilet-tank-condensation-feng-shui/,200,True,,,https://roomfeng.win/zh/blog/bathroom-toilet-tank-condensation-feng-shui/,True,4,zh,Blog,UNKNOWN (supplied aggregate only),KEEP_INDEXABLE,current HTTP/robots eligibility; quality and search indexing separate
roomfeng.win,https://roomfeng.win/zh/blog/bathroom-toilet-tank-fill-valve-cleaning-feng-shui/,200,True,,,https://roomfeng.win/zh/blog/bathroom-toilet-tank-fill-valve-cleaning-feng-shui/,True,5,zh,Blog,UNKNOWN (supplied aggregate only),KEEP_INDEXABLE,current HTTP/robots eligibility; quality and search indexing separate
roomfeng.win,https://roomfeng.win/zh/blog/bathroom-toilet-tank-lid-cleaning-feng-shui/,200,True,,,https://roomfeng.win/zh/blog/bathroom-toilet-tank-lid-cleaning-feng-shui/,True,8,zh,Blog,UNKNOWN (supplied aggregate only),KEEP_INDEXABLE,current HTTP/robots eligibility; quality and search indexing separate
roomfeng.win,https://roomfeng.win/zh/blog/bathroom-toilet-tank-overflow-tube-cleaning-feng-shui/,200,True,,,https://roomfeng.win/zh/blog/bathroom-toilet-tank-overflow-tube-cleaning-feng-shui/,True,6,zh,Blog,UNKNOWN (supplied aggregate only),KEEP_INDEXABLE,current HTTP/robots eligibility; quality and search indexing separate
roomfeng.win,https://roomfeng.win/zh/blog/bathroom-toilet-water-supply-hose-cleaning-feng-shui/,200,True,,,https://roomfeng.win/zh/blog/bathroom-toilet-water-supply-hose-cleaning-feng-shui/,True,3,zh,Blog,UNKNOWN (supplied aggregate only),KEEP_INDEXABLE,current HTTP/robots eligibility; quality and search indexing separate
roomfeng.win,https://roomfeng.win/zh/blog/bathroom-toilet-water-supply-valve-cleaning-feng-shui/,200,True,,,https://roomfeng.win/zh/blog/bathroom-toilet-water-supply-valve-cleaning-feng-shui/,True,8,zh,Blog,UNKNOWN (supplied aggregate only),KEEP_INDEXABLE,current HTTP/robots eligibility; quality and search indexing separate
roomfeng.win,https://roomfeng.win/zh/blog/bathroom-toothbrush-handle-cleaning-feng-shui/,200,True,,,https://roomfeng.win/zh/blog/bathroom-toothbrush-handle-cleaning-feng-shui/,True,3,zh,Blog,UNKNOWN (supplied aggregate only),KEEP_INDEXABLE,current HTTP/robots eligibility; quality and search indexing separate
roomfeng.win,https://roomfeng.win/zh/blog/bathroom-toothbrush-sterilizer-cleaning-feng-shui/,200,True,,,https://roomfeng.win/zh/blog/bathroom-toothbrush-sterilizer-cleaning-feng-shui/,True,4,zh,Blog,UNKNOWN (supplied aggregate only),KEEP_INDEXABLE,current HTTP/robots eligibility; quality and search indexing separate
roomfeng.win,https://roomfeng.win/zh/blog/bathroom-toothbrush-storage-feng-shui/,200,True,,,https://roomfeng.win/zh/blog/bathroom-toothbrush-storage-feng-shui/,True,8,zh,Blog,UNKNOWN (supplied aggregate only),KEEP_INDEXABLE,current HTTP/robots eligibility; quality and search indexing separate
roomfeng.win,https://roomfeng.win/zh/blog/bathroom-towel-drying-feng-shui/,200,True,,,https://roomfeng.win/zh/blog/bathroom-towel-drying-feng-shui/,True,5,zh,Blog,UNKNOWN (supplied aggregate only),KEEP_INDEXABLE,current HTTP/robots eligibility; quality and search indexing separate
roomfeng.win,https://roomfeng.win/zh/blog/bathroom-towel-rack-cleaning-feng-shui/,200,True,,,https://roomfeng.win/zh/blog/bathroom-towel-rack-cleaning-feng-shui/,True,3,zh,Blog,UNKNOWN (supplied aggregate only),KEEP_INDEXABLE,current HTTP/robots eligibility; quality and search indexing separate
roomfeng.win,https://roomfeng.win/zh/blog/bathroom-towel-rack-feng-shui/,200,True,,,https://roomfeng.win/zh/blog/bathroom-towel-rack-feng-shui/,True,12,zh,Blog,UNKNOWN (supplied aggregate only),KEEP_INDEXABLE,current HTTP/robots eligibility; quality and search indexing separate
roomfeng.win,https://roomfeng.win/zh/blog/bathroom-towel-ring-cleaning-feng-shui/,200,True,,,https://roomfeng.win/zh/blog/bathroom-towel-ring-cleaning-feng-shui/,True,5,zh,Blog,UNKNOWN (supplied aggregate only),KEEP_INDEXABLE,current HTTP/robots eligibility; quality and search indexing separate
roomfeng.win,https://roomfeng.win/zh/blog/bathroom-vanity-cabinet-shelf-cleaning-feng-shui/,200,True,,,https://roomfeng.win/zh/blog/bathroom-vanity-cabinet-shelf-cleaning-feng-shui/,True,3,zh,Blog,UNKNOWN (supplied aggregate only),KEEP_INDEXABLE,current HTTP/robots eligibility; quality and search indexing separate
roomfeng.win,https://roomfeng.win/zh/blog/bathroom-washbasin-drain-odor-cleaning-feng-shui/,200,True,,,https://roomfeng.win/zh/blog/bathroom-washbasin-drain-odor-cleaning-feng-shui/,True,8,zh,Blog,UNKNOWN (supplied aggregate only),KEEP_INDEXABLE,current HTTP/robots eligibility; quality and search indexing separate
roomfeng.win,https://roomfeng.win/zh/blog/bathroom-washbasin-faucet-aerator-cleaning-feng-shui/,200,True,,,https://roomfeng.win/zh/blog/bathroom-washbasin-faucet-aerator-cleaning-feng-shui/,True,6,zh,Blog,UNKNOWN (supplied aggregate only),KEEP_INDEXABLE,current HTTP/robots eligibility; quality and search indexing separate
roomfeng.win,https://roomfeng.win/zh/blog/bathroom-washbasin-faucet-base-cleaning-feng-shui/,200,True,,,https://roomfeng.win/zh/blog/bathroom-washbasin-faucet-base-cleaning-feng-shui/,True,3,zh,Blog,UNKNOWN (supplied aggregate only),KEEP_INDEXABLE,current HTTP/robots eligibility; quality and search indexing separate
roomfeng.win,https://roomfeng.win/zh/blog/bathroom-washbasin-faucet-handle-cleaning-feng-shui/,200,True,,,https://roomfeng.win/zh/blog/bathroom-washbasin-faucet-handle-cleaning-feng-shui/,True,10,zh,Blog,UNKNOWN (supplied aggregate only),KEEP_INDEXABLE,current HTTP/robots eligibility; quality and search indexing separate
roomfeng.win,https://roomfeng.win/zh/blog/bathroom-washbasin-overflow-hole-cleaning-feng-shui/,200,True,,,https://roomfeng.win/zh/blog/bathroom-washbasin-overflow-hole-cleaning-feng-shui/,True,8,zh,Blog,UNKNOWN (supplied aggregate only),KEEP_INDEXABLE,current HTTP/robots eligibility; quality and search indexing separate
roomfeng.win,https://roomfeng.win/zh/blog/bathroom-washbasin-pop-up-stopper-cleaning-feng-shui/,200,True,,,https://roomfeng.win/zh/blog/bathroom-washbasin-pop-up-stopper-cleaning-feng-shui/,True,4,zh,Blog,UNKNOWN (supplied aggregate only),KEEP_INDEXABLE,current HTTP/robots eligibility; quality and search indexing separate
roomfeng.win,https://roomfeng.win/zh/blog/bathroom-washbasin-soap-dispenser-cleaning-feng-shui/,200,True,,,https://roomfeng.win/zh/blog/bathroom-washbasin-soap-dispenser-cleaning-feng-shui/,True,5,zh,Blog,UNKNOWN (supplied aggregate only),KEEP_INDEXABLE,current HTTP/robots eligibility; quality and search indexing separate
roomfeng.win,https://roomfeng.win/zh/blog/bathroom-washbasin-toothbrush-cup-cleaning-feng-shui/,200,True,,,https://roomfeng.win/zh/blog/bathroom-washbasin-toothbrush-cup-cleaning-feng-shui/,True,5,zh,Blog,UNKNOWN (supplied aggregate only),KEEP_INDEXABLE,current HTTP/robots eligibility; quality and search indexing separate
roomfeng.win,https://roomfeng.win/zh/blog/bathroom-water-heater-feng-shui/,200,True,,,https://roomfeng.win/zh/blog/bathroom-water-heater-feng-shui/,True,6,zh,Blog,UNKNOWN (supplied aggregate only),KEEP_INDEXABLE,current HTTP/robots eligibility; quality and search indexing separate
roomfeng.win,https://roomfeng.win/zh/blog/bed-direction-feng-shui/,200,True,,,https://roomfeng.win/zh/blog/bed-direction-feng-shui/,True,5,zh,Blog,UNKNOWN (supplied aggregate only),KEEP_INDEXABLE,current HTTP/robots eligibility; quality and search indexing separate
roomfeng.win,https://roomfeng.win/zh/blog/bed-head-against-wall-bedside-cabinet-height-feng-shui/,200,True,,,https://roomfeng.win/zh/blog/bed-head-against-wall-bedside-cabinet-height-feng-shui/,True,6,zh,Blog,UNKNOWN (supplied aggregate only),KEEP_INDEXABLE,current HTTP/robots eligibility; quality and search indexing separate
roomfeng.win,https://roomfeng.win/zh/blog/bed-head-against-wall-bedside-corner-clearance-feng-shui/,200,True,,,https://roomfeng.win/zh/blog/bed-head-against-wall-bedside-corner-clearance-feng-shui/,True,4,zh,Blog,UNKNOWN (supplied aggregate only),KEEP_INDEXABLE,current HTTP/robots eligibility; quality and search indexing separate
roomfeng.win,https://roomfeng.win/zh/blog/bed-head-against-wall-bedside-storage-reset-feng-shui/,200,True,,,https://roomfeng.win/zh/blog/bed-head-against-wall-bedside-storage-reset-feng-shui/,True,4,zh,Blog,UNKNOWN (supplied aggregate only),KEEP_INDEXABLE,current HTTP/robots eligibility; quality and search indexing separate
roomfeng.win,https://roomfeng.win/zh/blog/bed-head-against-wall-child-safe-reach-feng-shui/,200,True,,,https://roomfeng.win/zh/blog/bed-head-against-wall-child-safe-reach-feng-shui/,True,3,zh,Blog,UNKNOWN (supplied aggregate only),KEEP_INDEXABLE,current HTTP/robots eligibility; quality and search indexing separate
roomfeng.win,https://roomfeng.win/zh/blog/bed-head-against-wall-curtain-cleaning-access-feng-shui/,200,True,,,https://roomfeng.win/zh/blog/bed-head-against-wall-curtain-cleaning-access-feng-shui/,True,5,zh,Blog,UNKNOWN (supplied aggregate only),KEEP_INDEXABLE,current HTTP/robots eligibility; quality and search indexing separate
roomfeng.win,https://roomfeng.win/zh/blog/bed-head-against-wall-mattress-edge-clearance-feng-shui/,200,True,,,https://roomfeng.win/zh/blog/bed-head-against-wall-mattress-edge-clearance-feng-shui/,True,3,zh,Blog,UNKNOWN (supplied aggregate only),KEEP_INDEXABLE,current HTTP/robots eligibility; quality and search indexing separate
roomfeng.win,https://roomfeng.win/zh/blog/bed-head-against-wall-morning-routine-feng-shui/,200,True,,,https://roomfeng.win/zh/blog/bed-head-against-wall-morning-routine-feng-shui/,True,3,zh,Blog,UNKNOWN (supplied aggregate only),KEEP_INDEXABLE,current HTTP/robots eligibility; quality and search indexing separate
roomfeng.win,https://roomfeng.win/zh/blog/bed-head-against-wall-night-exit-light-feng-shui/,200,True,,,https://roomfeng.win/zh/blog/bed-head-against-wall-night-exit-light-feng-shui/,True,3,zh,Blog,UNKNOWN (supplied aggregate only),KEEP_INDEXABLE,current HTTP/robots eligibility; quality and search indexing separate
roomfeng.win,https://roomfeng.win/zh/blog/bed-head-against-wall-pet-bedside-access-feng-shui/,200,True,,,https://roomfeng.win/zh/blog/bed-head-against-wall-pet-bedside-access-feng-shui/,True,3,zh,Blog,UNKNOWN (supplied aggregate only),KEEP_INDEXABLE,current HTTP/robots eligibility; quality and search indexing separate
roomfeng.win,https://roomfeng.win/zh/blog/bed-head-against-wall-pillow-gap-feng-shui/,200,True,,,https://roomfeng.win/zh/blog/bed-head-against-wall-pillow-gap-feng-shui/,True,7,zh,Blog,UNKNOWN (supplied aggregate only),KEEP_INDEXABLE,current HTTP/robots eligibility; quality and search indexing separate
roomfeng.win,https://roomfeng.win/zh/blog/bed-head-against-wall-rental-anchoring-check-feng-shui/,200,True,,,https://roomfeng.win/zh/blog/bed-head-against-wall-rental-anchoring-check-feng-shui/,True,6,zh,Blog,UNKNOWN (supplied aggregate only),KEEP_INDEXABLE,current HTTP/robots eligibility; quality and search indexing separate
roomfeng.win,https://roomfeng.win/zh/blog/bed-head-against-wall-rental-seasonal-reset-feng-shui/,200,True,,,https://roomfeng.win/zh/blog/bed-head-against-wall-rental-seasonal-reset-feng-shui/,True,4,zh,Blog,UNKNOWN (supplied aggregate only),KEEP_INDEXABLE,current HTTP/robots eligibility; quality and search indexing separate
roomfeng.win,https://roomfeng.win/zh/blog/bed-head-against-wall-renter-window-gap-feng-shui/,200,True,,,https://roomfeng.win/zh/blog/bed-head-against-wall-renter-window-gap-feng-shui/,True,3,zh,Blog,UNKNOWN (supplied aggregate only),KEEP_INDEXABLE,current HTTP/robots eligibility; quality and search indexing separate
roomfeng.win,https://roomfeng.win/zh/blog/bed-head-against-wall-shared-bedroom-reading-light-feng-shui/,200,True,,,https://roomfeng.win/zh/blog/bed-head-against-wall-shared-bedroom-reading-light-feng-shui/,True,5,zh,Blog,UNKNOWN (supplied aggregate only),KEEP_INDEXABLE,current HTTP/robots eligibility; quality and search indexing separate
roomfeng.win,https://roomfeng.win/zh/blog/bed-head-against-wall-sitting-support-feng-shui/,200,True,,,https://roomfeng.win/zh/blog/bed-head-against-wall-sitting-support-feng-shui/,True,4,zh,Blog,UNKNOWN (supplied aggregate only),KEEP_INDEXABLE,current HTTP/robots eligibility; quality and search indexing separate
roomfeng.win,https://roomfeng.win/zh/blog/bed-head-against-wall-small-room-wardrobe-zone-feng-shui/,200,True,,,https://roomfeng.win/zh/blog/bed-head-against-wall-small-room-wardrobe-zone-feng-shui/,True,3,zh,Blog,UNKNOWN (supplied aggregate only),KEEP_INDEXABLE,current HTTP/robots eligibility; quality and search indexing separate
roomfeng.win,https://roomfeng.win/zh/blog/bed-head-against-wall-wall-moisture-inspection-feng-shui/,200,True,,,https://roomfeng.win/zh/blog/bed-head-against-wall-wall-moisture-inspection-feng-shui/,True,20,zh,Blog,UNKNOWN (supplied aggregate only),KEEP_INDEXABLE,current HTTP/robots eligibility; quality and search indexing separate
roomfeng.win,https://roomfeng.win/zh/blog/bed-head-against-wall-wardrobe-door-clearance-feng-shui/,200,True,,,https://roomfeng.win/zh/blog/bed-head-against-wall-wardrobe-door-clearance-feng-shui/,True,5,zh,Blog,UNKNOWN (supplied aggregate only),KEEP_INDEXABLE,current HTTP/robots eligibility; quality and search indexing separate
roomfeng.win,https://roomfeng.win/zh/blog/bed-head-wall-rental-no-drill-feng-shui/,200,True,,,https://roomfeng.win/zh/blog/bed-head-wall-rental-no-drill-feng-shui/,True,6,zh,Blog,UNKNOWN (supplied aggregate only),KEEP_INDEXABLE,current HTTP/robots eligibility; quality and search indexing separate
roomfeng.win,https://roomfeng.win/zh/blog/bed-window-curtain-light-control-feng-shui/,200,True,,,https://roomfeng.win/zh/blog/bed-window-curtain-light-control-feng-shui/,True,7,zh,Blog,UNKNOWN (supplied aggregate only),KEEP_INDEXABLE,current HTTP/robots eligibility; quality and search indexing separate
roomfeng.win,https://roomfeng.win/zh/blog/bedroom-air-conditioner-drain-cleaning-feng-shui/,200,True,,,https://roomfeng.win/zh/blog/bedroom-air-conditioner-drain-cleaning-feng-shui/,True,3,zh,Blog,UNKNOWN (supplied aggregate only),KEEP_INDEXABLE,current HTTP/robots eligibility; quality and search indexing separate
roomfeng.win,https://roomfeng.win/zh/blog/bedroom-air-conditioner-filter-cleaning-feng-shui/,200,True,,,https://roomfeng.win/zh/blog/bedroom-air-conditioner-filter-cleaning-feng-shui/,True,6,zh,Blog,UNKNOWN (supplied aggregate only),KEEP_INDEXABLE,current HTTP/robots eligibility; quality and search indexing separate
roomfeng.win,https://roomfeng.win/zh/blog/bedroom-air-conditioner-front-panel-cleaning-feng-shui/,200,True,,,https://roomfeng.win/zh/blog/bedroom-air-conditioner-front-panel-cleaning-feng-shui/,True,4,zh,Blog,UNKNOWN (supplied aggregate only),KEEP_INDEXABLE,current HTTP/robots eligibility; quality and search indexing separate
roomfeng.win,https://roomfeng.win/zh/blog/bedroom-air-purifier-feng-shui/,200,True,,,https://roomfeng.win/zh/blog/bedroom-air-purifier-feng-shui/,True,8,zh,Blog,UNKNOWN (supplied aggregate only),KEEP_INDEXABLE,current HTTP/robots eligibility; quality and search indexing separate
roomfeng.win,https://roomfeng.win/zh/blog/bedroom-air-purifier-filter-storage-feng-shui/,200,True,,,https://roomfeng.win/zh/blog/bedroom-air-purifier-filter-storage-feng-shui/,True,7,zh,Blog,UNKNOWN (supplied aggregate only),KEEP_INDEXABLE,current HTTP/robots eligibility; quality and search indexing separate
roomfeng.win,https://roomfeng.win/zh/blog/bedroom-air-quality-monitor-feng-shui/,200,True,,,https://roomfeng.win/zh/blog/bedroom-air-quality-monitor-feng-shui/,True,8,zh,Blog,UNKNOWN (supplied aggregate only),KEEP_INDEXABLE,current HTTP/robots eligibility; quality and search indexing separate
roomfeng.win,https://roomfeng.win/zh/blog/bedroom-baby-monitor-feng-shui/,200,True,,,https://roomfeng.win/zh/blog/bedroom-baby-monitor-feng-shui/,True,5,zh,Blog,UNKNOWN (supplied aggregate only),KEEP_INDEXABLE,current HTTP/robots eligibility; quality and search indexing separate
roomfeng.win,https://roomfeng.win/zh/blog/bedroom-bed-angle-to-door-feng-shui/,200,True,,,https://roomfeng.win/zh/blog/bedroom-bed-angle-to-door-feng-shui/,True,8,zh,Blog,UNKNOWN (supplied aggregate only),KEEP_INDEXABLE,current HTTP/robots eligibility; quality and search indexing separate
roomfeng.win,https://roomfeng.win/zh/blog/bedroom-bed-doorway-line-of-sight-feng-shui/,200,True,,,https://roomfeng.win/zh/blog/bedroom-bed-doorway-line-of-sight-feng-shui/,True,9,zh,Blog,UNKNOWN (supplied aggregate only),KEEP_INDEXABLE,current HTTP/robots eligibility; quality and search indexing separate
roomfeng.win,https://roomfeng.win/zh/blog/bedroom-bed-doorway-morning-light-feng-shui/,200,True,,,https://roomfeng.win/zh/blog/bedroom-bed-doorway-morning-light-feng-shui/,True,5,zh,Blog,UNKNOWN (supplied aggregate only),KEEP_INDEXABLE,current HTTP/robots eligibility; quality and search indexing separate
roomfeng.win,https://roomfeng.win/zh/blog/bedroom-bed-doorway-night-light-control-feng-shui/,200,True,,,https://roomfeng.win/zh/blog/bedroom-bed-doorway-night-light-control-feng-shui/,True,9,zh,Blog,UNKNOWN (supplied aggregate only),KEEP_INDEXABLE,current HTTP/robots eligibility; quality and search indexing separate
roomfeng.win,https://roomfeng.win/zh/blog/bedroom-bed-doorway-sound-privacy-feng-shui/,200,True,,,https://roomfeng.win/zh/blog/bedroom-bed-doorway-sound-privacy-feng-shui/,True,5,zh,Blog,UNKNOWN (supplied aggregate only),KEEP_INDEXABLE,current HTTP/robots eligibility; quality and search indexing separate
roomfeng.win,https://roomfeng.win/zh/blog/bedroom-bed-doorway-visual-privacy-night-feng-shui/,200,True,,,https://roomfeng.win/zh/blog/bedroom-bed-doorway-visual-privacy-night-feng-shui/,True,7,zh,Blog,UNKNOWN (supplied aggregate only),KEEP_INDEXABLE,current HTTP/robots eligibility; quality and search indexing separate
roomfeng.win,https://roomfeng.win/zh/blog/bedroom-bed-facing-door-privacy-buffer-feng-shui/,200,True,,,https://roomfeng.win/zh/blog/bedroom-bed-facing-door-privacy-buffer-feng-shui/,True,17,zh,Blog,UNKNOWN (supplied aggregate only),KEEP_INDEXABLE,current HTTP/robots eligibility; quality and search indexing separate
roomfeng.win,https://roomfeng.win/zh/blog/bedroom-bed-foot-doorway-clearance-feng-shui/,200,True,,,https://roomfeng.win/zh/blog/bedroom-bed-foot-doorway-clearance-feng-shui/,True,10,zh,Blog,UNKNOWN (supplied aggregate only),KEEP_INDEXABLE,current HTTP/robots eligibility; quality and search indexing separate
roomfeng.win,https://roomfeng.win/zh/blog/bedroom-bed-foot-doorway-luggage-clearance-feng-shui/,200,True,,,https://roomfeng.win/zh/blog/bedroom-bed-foot-doorway-luggage-clearance-feng-shui/,True,5,zh,Blog,UNKNOWN (supplied aggregate only),KEEP_INDEXABLE,current HTTP/robots eligibility; quality and search indexing separate
roomfeng.win,https://roomfeng.win/zh/blog/bedroom-bed-foot-doorway-night-routine-feng-shui/,200,True,,,https://roomfeng.win/zh/blog/bedroom-bed-foot-doorway-night-routine-feng-shui/,True,7,zh,Blog,UNKNOWN (supplied aggregate only),KEEP_INDEXABLE,current HTTP/robots eligibility; quality and search indexing separate
roomfeng.win,https://roomfeng.win/zh/blog/bedroom-bed-foot-furniture-clearance-feng-shui/,200,True,,,https://roomfeng.win/zh/blog/bedroom-bed-foot-furniture-clearance-feng-shui/,True,6,zh,Blog,UNKNOWN (supplied aggregate only),KEEP_INDEXABLE,current HTTP/robots eligibility; quality and search indexing separate
roomfeng.win,https://roomfeng.win/zh/blog/bedroom-bed-frame-center-support-cleaning-feng-shui/,200,True,,,https://roomfeng.win/zh/blog/bedroom-bed-frame-center-support-cleaning-feng-shui/,True,4,zh,Blog,UNKNOWN (supplied aggregate only),KEEP_INDEXABLE,current HTTP/robots eligibility; quality and search indexing separate
roomfeng.win,https://roomfeng.win/zh/blog/bedroom-bed-frame-cleaning-feng-shui/,200,True,,,https://roomfeng.win/zh/blog/bedroom-bed-frame-cleaning-feng-shui/,True,9,zh,Blog,UNKNOWN (supplied aggregate only),KEEP_INDEXABLE,current HTTP/robots eligibility; quality and search indexing separate
roomfeng.win,https://roomfeng.win/zh/blog/bedroom-bed-frame-floor-protector-cleaning-feng-shui/,200,True,,,https://roomfeng.win/zh/blog/bedroom-bed-frame-floor-protector-cleaning-feng-shui/,True,3,zh,Blog,UNKNOWN (supplied aggregate only),KEEP_INDEXABLE,current HTTP/robots eligibility; quality and search indexing separate
roomfeng.win,https://roomfeng.win/zh/blog/bedroom-bed-frame-foot-cleaning-feng-shui/,200,True,,,https://roomfeng.win/zh/blog/bedroom-bed-frame-foot-cleaning-feng-shui/,True,4,zh,Blog,UNKNOWN (supplied aggregate only),KEEP_INDEXABLE,current HTTP/robots eligibility; quality and search indexing separate
roomfeng.win,https://roomfeng.win/zh/blog/bedroom-bed-frame-joint-cleaning-feng-shui/,200,True,,,https://roomfeng.win/zh/blog/bedroom-bed-frame-joint-cleaning-feng-shui/,True,6,zh,Blog,UNKNOWN (supplied aggregate only),KEEP_INDEXABLE,current HTTP/robots eligibility; quality and search indexing separate
roomfeng.win,https://roomfeng.win/zh/blog/bedroom-bed-frame-slat-cleaning-feng-shui/,200,True,,,https://roomfeng.win/zh/blog/bedroom-bed-frame-slat-cleaning-feng-shui/,True,4,zh,Blog,UNKNOWN (supplied aggregate only),KEEP_INDEXABLE,current HTTP/robots eligibility; quality and search indexing separate
roomfeng.win,https://roomfeng.win/zh/blog/bedroom-bed-frame-underbed-storage-cleaning-feng-shui/,200,True,,,https://roomfeng.win/zh/blog/bedroom-bed-frame-underbed-storage-cleaning-feng-shui/,True,3,zh,Blog,UNKNOWN (supplied aggregate only),KEEP_INDEXABLE,current HTTP/robots eligibility; quality and search indexing separate
roomfeng.win,https://roomfeng.win/zh/blog/bedroom-bed-head-wall-bedside-outlet-feng-shui/,200,True,,,https://roomfeng.win/zh/blog/bedroom-bed-head-wall-bedside-outlet-feng-shui/,True,4,zh,Blog,UNKNOWN (supplied aggregate only),KEEP_INDEXABLE,current HTTP/robots eligibility; quality and search indexing separate
roomfeng.win,https://roomfeng.win/zh/blog/bedroom-bed-head-wall-gap-clearance-feng-shui/,200,True,,,https://roomfeng.win/zh/blog/bedroom-bed-head-wall-gap-clearance-feng-shui/,True,12,zh,Blog,UNKNOWN (supplied aggregate only),KEEP_INDEXABLE,current HTTP/robots eligibility; quality and search indexing separate
roomfeng.win,https://roomfeng.win/zh/blog/bedroom-bed-head-wall-power-outlet-feng-shui/,200,True,,,https://roomfeng.win/zh/blog/bedroom-bed-head-wall-power-outlet-feng-shui/,True,6,zh,Blog,UNKNOWN (supplied aggregate only),KEEP_INDEXABLE,current HTTP/robots eligibility; quality and search indexing separate
roomfeng.win,https://roomfeng.win/zh/blog/bedroom-bed-head-wall-sound-buffer-rental-feng-shui/,200,True,,,https://roomfeng.win/zh/blog/bedroom-bed-head-wall-sound-buffer-rental-feng-shui/,True,6,zh,Blog,UNKNOWN (supplied aggregate only),KEEP_INDEXABLE,current HTTP/robots eligibility; quality and search indexing separate
roomfeng.win,https://roomfeng.win/zh/blog/bedroom-bed-headboard-wall-art-lighting-feng-shui/,200,True,,,https://roomfeng.win/zh/blog/bedroom-bed-headboard-wall-art-lighting-feng-shui/,True,6,zh,Blog,UNKNOWN (supplied aggregate only),KEEP_INDEXABLE,current HTTP/robots eligibility; quality and search indexing separate
roomfeng.win,https://roomfeng.win/zh/blog/bedroom-bed-headboard-wall-clock-clearance-feng-shui/,200,True,,,https://roomfeng.win/zh/blog/bedroom-bed-headboard-wall-clock-clearance-feng-shui/,True,4,zh,Blog,UNKNOWN (supplied aggregate only),KEEP_INDEXABLE,current HTTP/robots eligibility; quality and search indexing separate
roomfeng.win,https://roomfeng.win/zh/blog/bedroom-bed-headboard-wall-curtain-air-gap-feng-shui/,200,True,,,https://roomfeng.win/zh/blog/bedroom-bed-headboard-wall-curtain-air-gap-feng-shui/,True,7,zh,Blog,UNKNOWN (supplied aggregate only),KEEP_INDEXABLE,current HTTP/robots eligibility; quality and search indexing separate
roomfeng.win,https://roomfeng.win/zh/blog/bedroom-bed-headboard-wall-curtain-blackout-gap-feng-shui/,200,True,,,https://roomfeng.win/zh/blog/bedroom-bed-headboard-wall-curtain-blackout-gap-feng-shui/,True,6,zh,Blog,UNKNOWN (supplied aggregate only),KEEP_INDEXABLE,current HTTP/robots eligibility; quality and search indexing separate
roomfeng.win,https://roomfeng.win/zh/blog/bedroom-bed-headboard-wall-curtain-condensation-feng-shui/,200,True,,,https://roomfeng.win/zh/blog/bedroom-bed-headboard-wall-curtain-condensation-feng-shui/,True,4,zh,Blog,UNKNOWN (supplied aggregate only),KEEP_INDEXABLE,current HTTP/robots eligibility; quality and search indexing separate
roomfeng.win,https://roomfeng.win/zh/blog/bedroom-bed-headboard-wall-curtain-double-rail-feng-shui/,200,True,,,https://roomfeng.win/zh/blog/bedroom-bed-headboard-wall-curtain-double-rail-feng-shui/,True,6,zh,Blog,UNKNOWN (supplied aggregate only),KEEP_INDEXABLE,current HTTP/robots eligibility; quality and search indexing separate
roomfeng.win,https://roomfeng.win/zh/blog/bedroom-bed-headboard-wall-curtain-fabric-cleaning-feng-shui/,200,True,,,https://roomfeng.win/zh/blog/bedroom-bed-headboard-wall-curtain-fabric-cleaning-feng-shui/,True,7,zh,Blog,UNKNOWN (supplied aggregate only),KEEP_INDEXABLE,current HTTP/robots eligibility; quality and search indexing separate
roomfeng.win,https://roomfeng.win/zh/blog/bedroom-bed-headboard-wall-curtain-fabric-weight-feng-shui/,200,True,,,https://roomfeng.win/zh/blog/bedroom-bed-headboard-wall-curtain-fabric-weight-feng-shui/,True,3,zh,Blog,UNKNOWN (supplied aggregate only),KEEP_INDEXABLE,current HTTP/robots eligibility; quality and search indexing separate
roomfeng.win,https://roomfeng.win/zh/blog/bedroom-bed-headboard-wall-curtain-glare-feng-shui/,200,True,,,https://roomfeng.win/zh/blog/bedroom-bed-headboard-wall-curtain-glare-feng-shui/,True,7,zh,Blog,UNKNOWN (supplied aggregate only),KEEP_INDEXABLE,current HTTP/robots eligibility; quality and search indexing separate
roomfeng.win,https://roomfeng.win/zh/blog/bedroom-bed-headboard-wall-curtain-length-feng-shui/,200,True,,,https://roomfeng.win/zh/blog/bedroom-bed-headboard-wall-curtain-length-feng-shui/,True,9,zh,Blog,UNKNOWN (supplied aggregate only),KEEP_INDEXABLE,current HTTP/robots eligibility; quality and search indexing separate
roomfeng.win,https://roomfeng.win/zh/blog/bedroom-bed-headboard-wall-curtain-privacy-feng-shui/,200,True,,,https://roomfeng.win/zh/blog/bedroom-bed-headboard-wall-curtain-privacy-feng-shui/,True,5,zh,Blog,UNKNOWN (supplied aggregate only),KEEP_INDEXABLE,current HTTP/robots eligibility; quality and search indexing separate
roomfeng.win,https://roomfeng.win/zh/blog/bedroom-bed-headboard-wall-curtain-rail-cleaning-feng-shui/,200,True,,,https://roomfeng.win/zh/blog/bedroom-bed-headboard-wall-curtain-rail-cleaning-feng-shui/,True,4,zh,Blog,UNKNOWN (supplied aggregate only),KEEP_INDEXABLE,current HTTP/robots eligibility; quality and search indexing separate
roomfeng.win,https://roomfeng.win/zh/blog/bedroom-bed-headboard-wall-curtain-rod-fix-feng-shui/,200,True,,,https://roomfeng.win/zh/blog/bedroom-bed-headboard-wall-curtain-rod-fix-feng-shui/,True,10,zh,Blog,UNKNOWN (supplied aggregate only),KEEP_INDEXABLE,current HTTP/robots eligibility; quality and search indexing separate
roomfeng.win,https://roomfeng.win/zh/blog/bedroom-bed-headboard-wall-curtain-shadow-feng-shui/,200,True,,,https://roomfeng.win/zh/blog/bedroom-bed-headboard-wall-curtain-shadow-feng-shui/,True,10,zh,Blog,UNKNOWN (supplied aggregate only),KEEP_INDEXABLE,current HTTP/robots eligibility; quality and search indexing separate
roomfeng.win,https://roomfeng.win/zh/blog/bedroom-bed-headboard-wall-curtain-side-light-feng-shui/,200,True,,,https://roomfeng.win/zh/blog/bedroom-bed-headboard-wall-curtain-side-light-feng-shui/,True,3,zh,Blog,UNKNOWN (supplied aggregate only),KEEP_INDEXABLE,current HTTP/robots eligibility; quality and search indexing separate
roomfeng.win,https://roomfeng.win/zh/blog/bedroom-bed-headboard-wall-curtain-side-return-feng-shui/,200,True,,,https://roomfeng.win/zh/blog/bedroom-bed-headboard-wall-curtain-side-return-feng-shui/,True,9,zh,Blog,UNKNOWN (supplied aggregate only),KEEP_INDEXABLE,current HTTP/robots eligibility; quality and search indexing separate
roomfeng.win,https://roomfeng.win/zh/blog/bedroom-bed-headboard-wall-curtain-sill-contact-feng-shui/,200,True,,,https://roomfeng.win/zh/blog/bedroom-bed-headboard-wall-curtain-sill-contact-feng-shui/,True,6,zh,Blog,UNKNOWN (supplied aggregate only),KEEP_INDEXABLE,current HTTP/robots eligibility; quality and search indexing separate
roomfeng.win,https://roomfeng.win/zh/blog/bedroom-bed-headboard-wall-curtain-tieback-feng-shui/,200,True,,,https://roomfeng.win/zh/blog/bedroom-bed-headboard-wall-curtain-tieback-feng-shui/,True,4,zh,Blog,UNKNOWN (supplied aggregate only),KEEP_INDEXABLE,current HTTP/robots eligibility; quality and search indexing separate
roomfeng.win,https://roomfeng.win/zh/blog/bedroom-bed-headboard-wall-curtain-top-gap-feng-shui/,200,True,,,https://roomfeng.win/zh/blog/bedroom-bed-headboard-wall-curtain-top-gap-feng-shui/,True,7,zh,Blog,UNKNOWN (supplied aggregate only),KEEP_INDEXABLE,current HTTP/robots eligibility; quality and search indexing separate
roomfeng.win,https://roomfeng.win/zh/blog/bedroom-bed-headboard-wall-curtain-window-opening-feng-shui/,200,True,,,https://roomfeng.win/zh/blog/bedroom-bed-headboard-wall-curtain-window-opening-feng-shui/,True,3,zh,Blog,UNKNOWN (supplied aggregate only),KEEP_INDEXABLE,current HTTP/robots eligibility; quality and search indexing separate
roomfeng.win,https://roomfeng.win/zh/blog/bedroom-bed-headboard-wall-mirror-reflection-feng-shui/,200,True,,,https://roomfeng.win/zh/blog/bedroom-bed-headboard-wall-mirror-reflection-feng-shui/,True,5,zh,Blog,UNKNOWN (supplied aggregate only),KEEP_INDEXABLE,current HTTP/robots eligibility; quality and search indexing separate
roomfeng.win,https://roomfeng.win/zh/blog/bedroom-bed-headboard-wall-shelf-clearance-feng-shui/,200,True,,,https://roomfeng.win/zh/blog/bedroom-bed-headboard-wall-shelf-clearance-feng-shui/,True,6,zh,Blog,UNKNOWN (supplied aggregate only),KEEP_INDEXABLE,current HTTP/robots eligibility; quality and search indexing separate
roomfeng.win,https://roomfeng.win/zh/blog/bedroom-bed-left-wall-access-feng-shui/,200,True,,,https://roomfeng.win/zh/blog/bedroom-bed-left-wall-access-feng-shui/,True,27,zh,Blog,UNKNOWN (supplied aggregate only),KEEP_INDEXABLE,current HTTP/robots eligibility; quality and search indexing separate
roomfeng.win,https://roomfeng.win/zh/blog/bedroom-bed-pad-drying-feng-shui/,200,True,,,https://roomfeng.win/zh/blog/bedroom-bed-pad-drying-feng-shui/,True,12,zh,Blog,UNKNOWN (supplied aggregate only),KEEP_INDEXABLE,current HTTP/robots eligibility; quality and search indexing separate
roomfeng.win,https://roomfeng.win/zh/blog/bedroom-bed-sheet-cleaning-feng-shui/,200,True,,,https://roomfeng.win/zh/blog/bedroom-bed-sheet-cleaning-feng-shui/,True,7,zh,Blog,UNKNOWN (supplied aggregate only),KEEP_INDEXABLE,current HTTP/robots eligibility; quality and search indexing separate
roomfeng.win,https://roomfeng.win/zh/blog/bedroom-bed-throw-cleaning-feng-shui/,200,True,,,https://roomfeng.win/zh/blog/bedroom-bed-throw-cleaning-feng-shui/,True,5,zh,Blog,UNKNOWN (supplied aggregate only),KEEP_INDEXABLE,current HTTP/robots eligibility; quality and search indexing separate
roomfeng.win,https://roomfeng.win/zh/blog/bedroom-bed-window-curtain-clearance-feng-shui/,200,True,,,https://roomfeng.win/zh/blog/bedroom-bed-window-curtain-clearance-feng-shui/,True,12,zh,Blog,UNKNOWN (supplied aggregate only),KEEP_INDEXABLE,current HTTP/robots eligibility; quality and search indexing separate
roomfeng.win,https://roomfeng.win/zh/blog/bedroom-bed-window-curtain-cord-safety-feng-shui/,200,True,,,https://roomfeng.win/zh/blog/bedroom-bed-window-curtain-cord-safety-feng-shui/,True,11,zh,Blog,UNKNOWN (supplied aggregate only),KEEP_INDEXABLE,current HTTP/robots eligibility; quality and search indexing separate
roomfeng.win,https://roomfeng.win/zh/blog/bedroom-bed-window-opening-rain-screen-feng-shui/,200,True,,,https://roomfeng.win/zh/blog/bedroom-bed-window-opening-rain-screen-feng-shui/,True,3,zh,Blog,UNKNOWN (supplied aggregate only),KEEP_INDEXABLE,current HTTP/robots eligibility; quality and search indexing separate
roomfeng.win,https://roomfeng.win/zh/blog/bedroom-bed-window-rain-condensation-feng-shui/,200,True,,,https://roomfeng.win/zh/blog/bedroom-bed-window-rain-condensation-feng-shui/,True,9,zh,Blog,UNKNOWN (supplied aggregate only),KEEP_INDEXABLE,current HTTP/robots eligibility; quality and search indexing separate
roomfeng.win,https://roomfeng.win/zh/blog/bedroom-bed-window-screen-maintenance-feng-shui/,200,True,,,https://roomfeng.win/zh/blog/bedroom-bed-window-screen-maintenance-feng-shui/,True,9,zh,Blog,UNKNOWN (supplied aggregate only),KEEP_INDEXABLE,current HTTP/robots eligibility; quality and search indexing separate
roomfeng.win,https://roomfeng.win/zh/blog/bedroom-bed-window-sill-clearance-feng-shui/,200,True,,,https://roomfeng.win/zh/blog/bedroom-bed-window-sill-clearance-feng-shui/,True,10,zh,Blog,UNKNOWN (supplied aggregate only),KEEP_INDEXABLE,current HTTP/robots eligibility; quality and search indexing separate
roomfeng.win,https://roomfeng.win/zh/blog/bedroom-bed-window-sill-maintenance-feng-shui/,200,True,,,https://roomfeng.win/zh/blog/bedroom-bed-window-sill-maintenance-feng-shui/,True,7,zh,Blog,UNKNOWN (supplied aggregate only),KEEP_INDEXABLE,current HTTP/robots eligibility; quality and search indexing separate
roomfeng.win,https://roomfeng.win/zh/blog/bedroom-bedding-storage-feng-shui/,200,True,,,https://roomfeng.win/zh/blog/bedroom-bedding-storage-feng-shui/,True,14,zh,Blog,UNKNOWN (supplied aggregate only),KEEP_INDEXABLE,current HTTP/robots eligibility; quality and search indexing separate
roomfeng.win,https://roomfeng.win/zh/blog/bedroom-bedsheet-folding-storage-feng-shui/,200,True,,,https://roomfeng.win/zh/blog/bedroom-bedsheet-folding-storage-feng-shui/,True,3,zh,Blog,UNKNOWN (supplied aggregate only),KEEP_INDEXABLE,current HTTP/robots eligibility; quality and search indexing separate
roomfeng.win,https://roomfeng.win/zh/blog/bedroom-bedside-book-storage-feng-shui/,200,True,,,https://roomfeng.win/zh/blog/bedroom-bedside-book-storage-feng-shui/,True,9,zh,Blog,UNKNOWN (supplied aggregate only),KEEP_INDEXABLE,current HTTP/robots eligibility; quality and search indexing separate
roomfeng.win,https://roomfeng.win/zh/blog/bedroom-bedside-cabinet-cleaning-feng-shui/,200,True,,,https://roomfeng.win/zh/blog/bedroom-bedside-cabinet-cleaning-feng-shui/,True,6,zh,Blog,UNKNOWN (supplied aggregate only),KEEP_INDEXABLE,current HTTP/robots eligibility; quality and search indexing separate
roomfeng.win,https://roomfeng.win/zh/blog/bedroom-bedside-clock-battery-storage-feng-shui/,200,True,,,https://roomfeng.win/zh/blog/bedroom-bedside-clock-battery-storage-feng-shui/,True,4,zh,Blog,UNKNOWN (supplied aggregate only),KEEP_INDEXABLE,current HTTP/robots eligibility; quality and search indexing separate
roomfeng.win,https://roomfeng.win/zh/blog/bedroom-bedside-clock-display-brightness-feng-shui/,200,True,,,https://roomfeng.win/zh/blog/bedroom-bedside-clock-display-brightness-feng-shui/,True,7,zh,Blog,UNKNOWN (supplied aggregate only),KEEP_INDEXABLE,current HTTP/robots eligibility; quality and search indexing separate
roomfeng.win,https://roomfeng.win/zh/blog/bedroom-bedside-clock-feng-shui/,200,True,,,https://roomfeng.win/zh/blog/bedroom-bedside-clock-feng-shui/,True,12,zh,Blog,UNKNOWN (supplied aggregate only),KEEP_INDEXABLE,current HTTP/robots eligibility; quality and search indexing separate
roomfeng.win,https://roomfeng.win/zh/blog/bedroom-bedside-curtain-draft-clearance-feng-shui/,200,True,,,https://roomfeng.win/zh/blog/bedroom-bedside-curtain-draft-clearance-feng-shui/,True,7,zh,Blog,UNKNOWN (supplied aggregate only),KEEP_INDEXABLE,current HTTP/robots eligibility; quality and search indexing separate
roomfeng.win,https://roomfeng.win/zh/blog/bedroom-bedside-drawer-handle-cleaning-feng-shui/,200,True,,,https://roomfeng.win/zh/blog/bedroom-bedside-drawer-handle-cleaning-feng-shui/,True,4,zh,Blog,UNKNOWN (supplied aggregate only),KEEP_INDEXABLE,current HTTP/robots eligibility; quality and search indexing separate
roomfeng.win,https://roomfeng.win/zh/blog/bedroom-bedside-earplugs-storage-feng-shui/,200,True,,,https://roomfeng.win/zh/blog/bedroom-bedside-earplugs-storage-feng-shui/,True,3,zh,Blog,UNKNOWN (supplied aggregate only),KEEP_INDEXABLE,current HTTP/robots eligibility; quality and search indexing separate
roomfeng.win,https://roomfeng.win/zh/blog/bedroom-bedside-fan-airflow-angle-feng-shui/,200,True,,,https://roomfeng.win/zh/blog/bedroom-bedside-fan-airflow-angle-feng-shui/,True,7,zh,Blog,UNKNOWN (supplied aggregate only),KEEP_INDEXABLE,current HTTP/robots eligibility; quality and search indexing separate
roomfeng.win,https://roomfeng.win/zh/blog/bedroom-bedside-fan-cord-clearance-feng-shui/,200,True,,,https://roomfeng.win/zh/blog/bedroom-bedside-fan-cord-clearance-feng-shui/,True,9,zh,Blog,UNKNOWN (supplied aggregate only),KEEP_INDEXABLE,current HTTP/robots eligibility; quality and search indexing separate
roomfeng.win,https://roomfeng.win/zh/blog/bedroom-bedside-fan-dust-cleaning-feng-shui/,200,True,,,https://roomfeng.win/zh/blog/bedroom-bedside-fan-dust-cleaning-feng-shui/,True,5,zh,Blog,UNKNOWN (supplied aggregate only),KEEP_INDEXABLE,current HTTP/robots eligibility; quality and search indexing separate
roomfeng.win,https://roomfeng.win/zh/blog/bedroom-bedside-fan-night-noise-feng-shui/,200,True,,,https://roomfeng.win/zh/blog/bedroom-bedside-fan-night-noise-feng-shui/,True,5,zh,Blog,UNKNOWN (supplied aggregate only),KEEP_INDEXABLE,current HTTP/robots eligibility; quality and search indexing separate
roomfeng.win,https://roomfeng.win/zh/blog/bedroom-bedside-fan-remote-control-night-route-feng-shui/,200,True,,,https://roomfeng.win/zh/blog/bedroom-bedside-fan-remote-control-night-route-feng-shui/,True,4,zh,Blog,UNKNOWN (supplied aggregate only),KEEP_INDEXABLE,current HTTP/robots eligibility; quality and search indexing separate
roomfeng.win,https://roomfeng.win/zh/blog/bedroom-bedside-fan-timer-power-strip-feng-shui/,200,True,,,https://roomfeng.win/zh/blog/bedroom-bedside-fan-timer-power-strip-feng-shui/,True,3,zh,Blog,UNKNOWN (supplied aggregate only),KEEP_INDEXABLE,current HTTP/robots eligibility; quality and search indexing separate
roomfeng.win,https://roomfeng.win/zh/blog/bedroom-bedside-fan-window-cross-ventilation-feng-shui/,200,True,,,https://roomfeng.win/zh/blog/bedroom-bedside-fan-window-cross-ventilation-feng-shui/,True,5,zh,Blog,UNKNOWN (supplied aggregate only),KEEP_INDEXABLE,current HTTP/robots eligibility; quality and search indexing separate
roomfeng.win,https://roomfeng.win/zh/blog/bedroom-bedside-floor-cleaning-feng-shui/,200,True,,,https://roomfeng.win/zh/blog/bedroom-bedside-floor-cleaning-feng-shui/,True,11,zh,Blog,UNKNOWN (supplied aggregate only),KEEP_INDEXABLE,current HTTP/robots eligibility; quality and search indexing separate
roomfeng.win,https://roomfeng.win/zh/blog/bedroom-bedside-floor-lamp-clearance-feng-shui/,200,True,,,https://roomfeng.win/zh/blog/bedroom-bedside-floor-lamp-clearance-feng-shui/,True,4,zh,Blog,UNKNOWN (supplied aggregate only),KEEP_INDEXABLE,current HTTP/robots eligibility; quality and search indexing separate
roomfeng.win,https://roomfeng.win/zh/blog/bedroom-bedside-lamp-base-cleaning-feng-shui/,200,True,,,https://roomfeng.win/zh/blog/bedroom-bedside-lamp-base-cleaning-feng-shui/,True,5,zh,Blog,UNKNOWN (supplied aggregate only),KEEP_INDEXABLE,current HTTP/robots eligibility; quality and search indexing separate
roomfeng.win,https://roomfeng.win/zh/blog/bedroom-bedside-lamp-cord-cleaning-feng-shui/,200,True,,,https://roomfeng.win/zh/blog/bedroom-bedside-lamp-cord-cleaning-feng-shui/,True,10,zh,Blog,UNKNOWN (supplied aggregate only),KEEP_INDEXABLE,current HTTP/robots eligibility; quality and search indexing separate
roomfeng.win,https://roomfeng.win/zh/blog/bedroom-bedside-lamp-feng-shui/,200,True,,,https://roomfeng.win/zh/blog/bedroom-bedside-lamp-feng-shui/,True,17,zh,Blog,UNKNOWN (supplied aggregate only),KEEP_INDEXABLE,current HTTP/robots eligibility; quality and search indexing separate
roomfeng.win,https://roomfeng.win/zh/blog/bedroom-bedside-lamp-shade-cleaning-feng-shui/,200,True,,,https://roomfeng.win/zh/blog/bedroom-bedside-lamp-shade-cleaning-feng-shui/,True,5,zh,Blog,UNKNOWN (supplied aggregate only),KEEP_INDEXABLE,current HTTP/robots eligibility; quality and search indexing separate
roomfeng.win,https://roomfeng.win/zh/blog/bedroom-bedside-lamp-switch-cleaning-feng-shui/,200,True,,,https://roomfeng.win/zh/blog/bedroom-bedside-lamp-switch-cleaning-feng-shui/,True,3,zh,Blog,UNKNOWN (supplied aggregate only),KEEP_INDEXABLE,current HTTP/robots eligibility; quality and search indexing separate
roomfeng.win,https://roomfeng.win/zh/blog/bedroom-bedside-phone-notifications-feng-shui/,200,True,,,https://roomfeng.win/zh/blog/bedroom-bedside-phone-notifications-feng-shui/,True,5,zh,Blog,UNKNOWN (supplied aggregate only),KEEP_INDEXABLE,current HTTP/robots eligibility; quality and search indexing separate
roomfeng.win,https://roomfeng.win/zh/blog/bedroom-bedside-rail-feng-shui/,200,True,,,https://roomfeng.win/zh/blog/bedroom-bedside-rail-feng-shui/,True,5,zh,Blog,UNKNOWN (supplied aggregate only),KEEP_INDEXABLE,current HTTP/robots eligibility; quality and search indexing separate
roomfeng.win,https://roomfeng.win/zh/blog/bedroom-bedside-rug-cleaning-feng-shui/,200,True,,,https://roomfeng.win/zh/blog/bedroom-bedside-rug-cleaning-feng-shui/,True,8,zh,Blog,UNKNOWN (supplied aggregate only),KEEP_INDEXABLE,current HTTP/robots eligibility; quality and search indexing separate
roomfeng.win,https://roomfeng.win/zh/blog/bedroom-bedside-rug-night-route-feng-shui/,200,True,,,https://roomfeng.win/zh/blog/bedroom-bedside-rug-night-route-feng-shui/,True,6,zh,Blog,UNKNOWN (supplied aggregate only),KEEP_INDEXABLE,current HTTP/robots eligibility; quality and search indexing separate
roomfeng.win,https://roomfeng.win/zh/blog/bedroom-bedside-rug-walkway-feng-shui/,200,True,,,https://roomfeng.win/zh/blog/bedroom-bedside-rug-walkway-feng-shui/,True,5,zh,Blog,UNKNOWN (supplied aggregate only),KEEP_INDEXABLE,current HTTP/robots eligibility; quality and search indexing separate
roomfeng.win,https://roomfeng.win/zh/blog/bedroom-bedside-table-cable-cleaning-feng-shui/,200,True,,,https://roomfeng.win/zh/blog/bedroom-bedside-table-cable-cleaning-feng-shui/,True,4,zh,Blog,UNKNOWN (supplied aggregate only),KEEP_INDEXABLE,current HTTP/robots eligibility; quality and search indexing separate
roomfeng.win,https://roomfeng.win/zh/blog/bedroom-bedside-table-cleaning-feng-shui/,200,True,,,https://roomfeng.win/zh/blog/bedroom-bedside-table-cleaning-feng-shui/,True,14,zh,Blog,UNKNOWN (supplied aggregate only),KEEP_INDEXABLE,current HTTP/robots eligibility; quality and search indexing separate
roomfeng.win,https://roomfeng.win/zh/blog/bedroom-bedside-table-drawer-cleaning-feng-shui/,200,True,,,https://roomfeng.win/zh/blog/bedroom-bedside-table-drawer-cleaning-feng-shui/,True,7,zh,Blog,UNKNOWN (supplied aggregate only),KEEP_INDEXABLE,current HTTP/robots eligibility; quality and search indexing separate
roomfeng.win,https://roomfeng.win/zh/blog/bedroom-bedside-table-lamp-cleaning-feng-shui/,200,True,,,https://roomfeng.win/zh/blog/bedroom-bedside-table-lamp-cleaning-feng-shui/,True,4,zh,Blog,UNKNOWN (supplied aggregate only),KEEP_INDEXABLE,current HTTP/robots eligibility; quality and search indexing separate
roomfeng.win,https://roomfeng.win/zh/blog/bedroom-bedside-table-leg-cleaning-feng-shui/,200,True,,,https://roomfeng.win/zh/blog/bedroom-bedside-table-leg-cleaning-feng-shui/,True,4,zh,Blog,UNKNOWN (supplied aggregate only),KEEP_INDEXABLE,current HTTP/robots eligibility; quality and search indexing separate
roomfeng.win,https://roomfeng.win/zh/blog/bedroom-bedside-table-top-cleaning-feng-shui/,200,True,,,https://roomfeng.win/zh/blog/bedroom-bedside-table-top-cleaning-feng-shui/,True,4,zh,Blog,UNKNOWN (supplied aggregate only),KEEP_INDEXABLE,current HTTP/robots eligibility; quality and search indexing separate
roomfeng.win,https://roomfeng.win/zh/blog/bedroom-bedside-table-under-cleaning-feng-shui/,200,True,,,https://roomfeng.win/zh/blog/bedroom-bedside-table-under-cleaning-feng-shui/,True,6,zh,Blog,UNKNOWN (supplied aggregate only),KEEP_INDEXABLE,current HTTP/robots eligibility; quality and search indexing separate
roomfeng.win,https://roomfeng.win/zh/blog/bedroom-bedside-tissue-box-feng-shui/,200,True,,,https://roomfeng.win/zh/blog/bedroom-bedside-tissue-box-feng-shui/,True,5,zh,Blog,UNKNOWN (supplied aggregate only),KEEP_INDEXABLE,current HTTP/robots eligibility; quality and search indexing separate
roomfeng.win,https://roomfeng.win/zh/blog/bedroom-bedside-tray-feng-shui/,200,True,,,https://roomfeng.win/zh/blog/bedroom-bedside-tray-feng-shui/,True,4,zh,Blog,UNKNOWN (supplied aggregate only),KEEP_INDEXABLE,current HTTP/robots eligibility; quality and search indexing separate
roomfeng.win,https://roomfeng.win/zh/blog/bedroom-bedside-wastebasket-feng-shui/,200,True,,,https://roomfeng.win/zh/blog/bedroom-bedside-wastebasket-feng-shui/,True,3,zh,Blog,UNKNOWN (supplied aggregate only),KEEP_INDEXABLE,current HTTP/robots eligibility; quality and search indexing separate
roomfeng.win,https://roomfeng.win/zh/blog/bedroom-bedside-water-spill-feng-shui/,200,True,,,https://roomfeng.win/zh/blog/bedroom-bedside-water-spill-feng-shui/,True,5,zh,Blog,UNKNOWN (supplied aggregate only),KEEP_INDEXABLE,current HTTP/robots eligibility; quality and search indexing separate
roomfeng.win,https://roomfeng.win/zh/blog/bedroom-bedspread-cleaning-feng-shui/,200,True,,,https://roomfeng.win/zh/blog/bedroom-bedspread-cleaning-feng-shui/,True,3,zh,Blog,UNKNOWN (supplied aggregate only),KEEP_INDEXABLE,current HTTP/robots eligibility; quality and search indexing separate
roomfeng.win,https://roomfeng.win/zh/blog/bedroom-belt-storage-feng-shui/,200,True,,,https://roomfeng.win/zh/blog/bedroom-belt-storage-feng-shui/,True,3,zh,Blog,UNKNOWN (supplied aggregate only),KEEP_INDEXABLE,current HTTP/robots eligibility; quality and search indexing separate
roomfeng.win,https://roomfeng.win/zh/blog/bedroom-blackout-curtain-feng-shui/,200,True,,,https://roomfeng.win/zh/blog/bedroom-blackout-curtain-feng-shui/,True,4,zh,Blog,UNKNOWN (supplied aggregate only),KEEP_INDEXABLE,current HTTP/robots eligibility; quality and search indexing separate
roomfeng.win,https://roomfeng.win/zh/blog/bedroom-blanket-storage-cleaning-feng-shui/,200,True,,,https://roomfeng.win/zh/blog/bedroom-blanket-storage-cleaning-feng-shui/,True,6,zh,Blog,UNKNOWN (supplied aggregate only),KEEP_INDEXABLE,current HTTP/robots eligibility; quality and search indexing separate
roomfeng.win,https://roomfeng.win/zh/blog/bedroom-bookshelf-feng-shui/,200,True,,,https://roomfeng.win/zh/blog/bedroom-bookshelf-feng-shui/,True,9,zh,Blog,UNKNOWN (supplied aggregate only),KEEP_INDEXABLE,current HTTP/robots eligibility; quality and search indexing separate
roomfeng.win,https://roomfeng.win/zh/blog/bedroom-carbon-monoxide-alarm-feng-shui/,200,True,,,https://roomfeng.win/zh/blog/bedroom-carbon-monoxide-alarm-feng-shui/,True,3,zh,Blog,UNKNOWN (supplied aggregate only),KEEP_INDEXABLE,current HTTP/robots eligibility; quality and search indexing separate
roomfeng.win,https://roomfeng.win/zh/blog/bedroom-cat-litter-feng-shui/,200,True,,,https://roomfeng.win/zh/blog/bedroom-cat-litter-feng-shui/,True,3,zh,Blog,UNKNOWN (supplied aggregate only),KEEP_INDEXABLE,current HTTP/robots eligibility; quality and search indexing separate
roomfeng.win,https://roomfeng.win/zh/blog/bedroom-cat-tree-feng-shui/,200,True,,,https://roomfeng.win/zh/blog/bedroom-cat-tree-feng-shui/,True,4,zh,Blog,UNKNOWN (supplied aggregate only),KEEP_INDEXABLE,current HTTP/robots eligibility; quality and search indexing separate
roomfeng.win,https://roomfeng.win/zh/blog/bedroom-ceiling-fan-cleaning-feng-shui/,200,True,,,https://roomfeng.win/zh/blog/bedroom-ceiling-fan-cleaning-feng-shui/,True,4,zh,Blog,UNKNOWN (supplied aggregate only),KEEP_INDEXABLE,current HTTP/robots eligibility; quality and search indexing separate
roomfeng.win,https://roomfeng.win/zh/blog/bedroom-ceiling-fan-feng-shui/,200,True,,,https://roomfeng.win/zh/blog/bedroom-ceiling-fan-feng-shui/,True,5,zh,Blog,UNKNOWN (supplied aggregate only),KEEP_INDEXABLE,current HTTP/robots eligibility; quality and search indexing separate
roomfeng.win,https://roomfeng.win/zh/blog/bedroom-ceiling-light-diffuser-cleaning-feng-shui/,200,True,,,https://roomfeng.win/zh/blog/bedroom-ceiling-light-diffuser-cleaning-feng-shui/,True,3,zh,Blog,UNKNOWN (supplied aggregate only),KEEP_INDEXABLE,current HTTP/robots eligibility; quality and search indexing separate
roomfeng.win,https://roomfeng.win/zh/blog/bedroom-ceiling-light-feng-shui/,200,True,,,https://roomfeng.win/zh/blog/bedroom-ceiling-light-feng-shui/,True,16,zh,Blog,UNKNOWN (supplied aggregate only),KEEP_INDEXABLE,current HTTP/robots eligibility; quality and search indexing separate
roomfeng.win,https://roomfeng.win/zh/blog/bedroom-charging-station-cable-cleaning-feng-shui/,200,True,,,https://roomfeng.win/zh/blog/bedroom-charging-station-cable-cleaning-feng-shui/,True,8,zh,Blog,UNKNOWN (supplied aggregate only),KEEP_INDEXABLE,current HTTP/robots eligibility; quality and search indexing separate
roomfeng.win,https://roomfeng.win/zh/blog/bedroom-charging-station-feng-shui/,200,True,,,https://roomfeng.win/zh/blog/bedroom-charging-station-feng-shui/,True,18,zh,Blog,UNKNOWN (supplied aggregate only),KEEP_INDEXABLE,current HTTP/robots eligibility; quality and search indexing separate
roomfeng.win,https://roomfeng.win/zh/blog/bedroom-closet-door-bottom-seal-cleaning-feng-shui/,200,True,,,https://roomfeng.win/zh/blog/bedroom-closet-door-bottom-seal-cleaning-feng-shui/,True,3,zh,Blog,UNKNOWN (supplied aggregate only),KEEP_INDEXABLE,current HTTP/robots eligibility; quality and search indexing separate
roomfeng.win,https://roomfeng.win/zh/blog/bedroom-closet-door-track-dust-cleaning-feng-shui/,200,True,,,https://roomfeng.win/zh/blog/bedroom-closet-door-track-dust-cleaning-feng-shui/,True,7,zh,Blog,UNKNOWN (supplied aggregate only),KEEP_INDEXABLE,current HTTP/robots eligibility; quality and search indexing separate
roomfeng.win,https://roomfeng.win/zh/blog/bedroom-clothes-hanger-dust-cleaning-feng-shui/,200,True,,,https://roomfeng.win/zh/blog/bedroom-clothes-hanger-dust-cleaning-feng-shui/,True,4,zh,Blog,UNKNOWN (supplied aggregate only),KEEP_INDEXABLE,current HTTP/robots eligibility; quality and search indexing separate
roomfeng.win,https://roomfeng.win/zh/blog/bedroom-color-layout/,200,True,,,https://roomfeng.win/zh/blog/bedroom-color-layout/,True,5,zh,Blog,UNKNOWN (supplied aggregate only),KEEP_INDEXABLE,current HTTP/robots eligibility; quality and search indexing separate
roomfeng.win,https://roomfeng.win/zh/blog/bedroom-curtain-cleaning-feng-shui/,200,True,,,https://roomfeng.win/zh/blog/bedroom-curtain-cleaning-feng-shui/,True,8,zh,Blog,UNKNOWN (supplied aggregate only),KEEP_INDEXABLE,current HTTP/robots eligibility; quality and search indexing separate
roomfeng.win,https://roomfeng.win/zh/blog/bedroom-curtain-feng-shui/,200,True,,,https://roomfeng.win/zh/blog/bedroom-curtain-feng-shui/,True,13,zh,Blog,UNKNOWN (supplied aggregate only),KEEP_INDEXABLE,current HTTP/robots eligibility; quality and search indexing separate
roomfeng.win,https://roomfeng.win/zh/blog/bedroom-curtain-rod-cleaning-feng-shui/,200,True,,,https://roomfeng.win/zh/blog/bedroom-curtain-rod-cleaning-feng-shui/,True,7,zh,Blog,UNKNOWN (supplied aggregate only),KEEP_INDEXABLE,current HTTP/robots eligibility; quality and search indexing separate
roomfeng.win,https://roomfeng.win/zh/blog/bedroom-curtain-tieback-cleaning-feng-shui/,200,True,,,https://roomfeng.win/zh/blog/bedroom-curtain-tieback-cleaning-feng-shui/,True,3,zh,Blog,UNKNOWN (supplied aggregate only),KEEP_INDEXABLE,current HTTP/robots eligibility; quality and search indexing separate
roomfeng.win,https://roomfeng.win/zh/blog/bedroom-dehumidifier-filter-cleaning-feng-shui/,200,True,,,https://roomfeng.win/zh/blog/bedroom-dehumidifier-filter-cleaning-feng-shui/,True,9,zh,Blog,UNKNOWN (supplied aggregate only),KEEP_INDEXABLE,current HTTP/robots eligibility; quality and search indexing separate
roomfeng.win,https://roomfeng.win/zh/blog/bedroom-dresser-back-panel-cleaning-feng-shui/,200,True,,,https://roomfeng.win/zh/blog/bedroom-dresser-back-panel-cleaning-feng-shui/,True,5,zh,Blog,UNKNOWN (supplied aggregate only),KEEP_INDEXABLE,current HTTP/robots eligibility; quality and search indexing separate
roomfeng.win,https://roomfeng.win/zh/blog/bedroom-dresser-bottom-cleaning-feng-shui/,200,True,,,https://roomfeng.win/zh/blog/bedroom-dresser-bottom-cleaning-feng-shui/,True,6,zh,Blog,UNKNOWN (supplied aggregate only),KEEP_INDEXABLE,current HTTP/robots eligibility; quality and search indexing separate
roomfeng.win,https://roomfeng.win/zh/blog/bedroom-dresser-drawer-bottom-panel-cleaning-feng-shui/,200,True,,,https://roomfeng.win/zh/blog/bedroom-dresser-drawer-bottom-panel-cleaning-feng-shui/,True,3,zh,Blog,UNKNOWN (supplied aggregate only),KEEP_INDEXABLE,current HTTP/robots eligibility; quality and search indexing separate
roomfeng.win,https://roomfeng.win/zh/blog/bedroom-dresser-drawer-cleaning-feng-shui/,200,True,,,https://roomfeng.win/zh/blog/bedroom-dresser-drawer-cleaning-feng-shui/,True,4,zh,Blog,UNKNOWN (supplied aggregate only),KEEP_INDEXABLE,current HTTP/robots eligibility; quality and search indexing separate
roomfeng.win,https://roomfeng.win/zh/blog/bedroom-dresser-drawer-front-cleaning-feng-shui/,200,True,,,https://roomfeng.win/zh/blog/bedroom-dresser-drawer-front-cleaning-feng-shui/,True,4,zh,Blog,UNKNOWN (supplied aggregate only),KEEP_INDEXABLE,current HTTP/robots eligibility; quality and search indexing separate
roomfeng.win,https://roomfeng.win/zh/blog/bedroom-dresser-drawer-handle-cleaning-feng-shui/,200,True,,,https://roomfeng.win/zh/blog/bedroom-dresser-drawer-handle-cleaning-feng-shui/,True,5,zh,Blog,UNKNOWN (supplied aggregate only),KEEP_INDEXABLE,current HTTP/robots eligibility; quality and search indexing separate
roomfeng.win,https://roomfeng.win/zh/blog/bedroom-dresser-drawer-rail-cleaning-feng-shui/,200,True,,,https://roomfeng.win/zh/blog/bedroom-dresser-drawer-rail-cleaning-feng-shui/,True,7,zh,Blog,UNKNOWN (supplied aggregate only),KEEP_INDEXABLE,current HTTP/robots eligibility; quality and search indexing separate
roomfeng.win,https://roomfeng.win/zh/blog/bedroom-dresser-handle-cleaning-feng-shui/,200,True,,,https://roomfeng.win/zh/blog/bedroom-dresser-handle-cleaning-feng-shui/,True,3,zh,Blog,UNKNOWN (supplied aggregate only),KEEP_INDEXABLE,current HTTP/robots eligibility; quality and search indexing separate
roomfeng.win,https://roomfeng.win/zh/blog/bedroom-dresser-side-panel-cleaning-feng-shui/,200,True,,,https://roomfeng.win/zh/blog/bedroom-dresser-side-panel-cleaning-feng-shui/,True,7,zh,Blog,UNKNOWN (supplied aggregate only),KEEP_INDEXABLE,current HTTP/robots eligibility; quality and search indexing separate
roomfeng.win,https://roomfeng.win/zh/blog/bedroom-dresser-top-cleaning-feng-shui/,200,True,,,https://roomfeng.win/zh/blog/bedroom-dresser-top-cleaning-feng-shui/,True,9,zh,Blog,UNKNOWN (supplied aggregate only),KEEP_INDEXABLE,current HTTP/robots eligibility; quality and search indexing separate
roomfeng.win,https://roomfeng.win/zh/blog/bedroom-dresser-wall-anchor-cleaning-feng-shui/,200,True,,,https://roomfeng.win/zh/blog/bedroom-dresser-wall-anchor-cleaning-feng-shui/,True,5,zh,Blog,UNKNOWN (supplied aggregate only),KEEP_INDEXABLE,current HTTP/robots eligibility; quality and search indexing separate
roomfeng.win,https://roomfeng.win/zh/blog/bedroom-dresser-wall-gap-cleaning-feng-shui/,200,True,,,https://roomfeng.win/zh/blog/bedroom-dresser-wall-gap-cleaning-feng-shui/,True,4,zh,Blog,UNKNOWN (supplied aggregate only),KEEP_INDEXABLE,current HTTP/robots eligibility; quality and search indexing separate
roomfeng.win,https://roomfeng.win/zh/blog/bedroom-drying-rack-feng-shui/,200,True,,,https://roomfeng.win/zh/blog/bedroom-drying-rack-feng-shui/,True,9,zh,Blog,UNKNOWN (supplied aggregate only),KEEP_INDEXABLE,current HTTP/robots eligibility; quality and search indexing separate
roomfeng.win,https://roomfeng.win/zh/blog/bedroom-duvet-cover-cleaning-feng-shui/,200,True,,,https://roomfeng.win/zh/blog/bedroom-duvet-cover-cleaning-feng-shui/,True,4,zh,Blog,UNKNOWN (supplied aggregate only),KEEP_INDEXABLE,current HTTP/robots eligibility; quality and search indexing separate
roomfeng.win,https://roomfeng.win/zh/blog/bedroom-electric-blanket-cleaning-feng-shui/,200,True,,,https://roomfeng.win/zh/blog/bedroom-electric-blanket-cleaning-feng-shui/,True,7,zh,Blog,UNKNOWN (supplied aggregate only),KEEP_INDEXABLE,current HTTP/robots eligibility; quality and search indexing separate
roomfeng.win,https://roomfeng.win/zh/blog/bedroom-electric-blanket-feng-shui/,200,True,,,https://roomfeng.win/zh/blog/bedroom-electric-blanket-feng-shui/,True,6,zh,Blog,UNKNOWN (supplied aggregate only),KEEP_INDEXABLE,current HTTP/robots eligibility; quality and search indexing separate
roomfeng.win,https://roomfeng.win/zh/blog/bedroom-electric-heater-filter-cleaning-feng-shui/,200,True,,,https://roomfeng.win/zh/blog/bedroom-electric-heater-filter-cleaning-feng-shui/,True,5,zh,Blog,UNKNOWN (supplied aggregate only),KEEP_INDEXABLE,current HTTP/robots eligibility; quality and search indexing separate
roomfeng.win,https://roomfeng.win/zh/blog/bedroom-electric-mosquito-repellent-cleaning-feng-shui/,200,True,,,https://roomfeng.win/zh/blog/bedroom-electric-mosquito-repellent-cleaning-feng-shui/,True,4,zh,Blog,UNKNOWN (supplied aggregate only),KEEP_INDEXABLE,current HTTP/robots eligibility; quality and search indexing separate
roomfeng.win,https://roomfeng.win/zh/blog/bedroom-electric-mosquito-repellent-feng-shui/,200,True,,,https://roomfeng.win/zh/blog/bedroom-electric-mosquito-repellent-feng-shui/,True,5,zh,Blog,UNKNOWN (supplied aggregate only),KEEP_INDEXABLE,current HTTP/robots eligibility; quality and search indexing separate
roomfeng.win,https://roomfeng.win/zh/blog/bedroom-eyeglasses-storage-feng-shui/,200,True,,,https://roomfeng.win/zh/blog/bedroom-eyeglasses-storage-feng-shui/,True,3,zh,Blog,UNKNOWN (supplied aggregate only),KEEP_INDEXABLE,current HTTP/robots eligibility; quality and search indexing separate
roomfeng.win,https://roomfeng.win/zh/blog/bedroom-fan-cleaning-feng-shui/,200,True,,,https://roomfeng.win/zh/blog/bedroom-fan-cleaning-feng-shui/,True,4,zh,Blog,UNKNOWN (supplied aggregate only),KEEP_INDEXABLE,current HTTP/robots eligibility; quality and search indexing separate
roomfeng.win,https://roomfeng.win/zh/blog/bedroom-fan-feng-shui/,200,True,,,https://roomfeng.win/zh/blog/bedroom-fan-feng-shui/,True,11,zh,Blog,UNKNOWN (supplied aggregate only),KEEP_INDEXABLE,current HTTP/robots eligibility; quality and search indexing separate
roomfeng.win,https://roomfeng.win/zh/blog/bedroom-fan-filter-cleaning-feng-shui/,200,True,,,https://roomfeng.win/zh/blog/bedroom-fan-filter-cleaning-feng-shui/,True,4,zh,Blog,UNKNOWN (supplied aggregate only),KEEP_INDEXABLE,current HTTP/robots eligibility; quality and search indexing separate
roomfeng.win,https://roomfeng.win/zh/blog/bedroom-floor-lamp-cleaning-feng-shui/,200,True,,,https://roomfeng.win/zh/blog/bedroom-floor-lamp-cleaning-feng-shui/,True,10,zh,Blog,UNKNOWN (supplied aggregate only),KEEP_INDEXABLE,current HTTP/robots eligibility; quality and search indexing separate
roomfeng.win,https://roomfeng.win/zh/blog/bedroom-foot-of-bed-feng-shui/,200,True,,,https://roomfeng.win/zh/blog/bedroom-foot-of-bed-feng-shui/,True,11,zh,Blog,UNKNOWN (supplied aggregate only),KEEP_INDEXABLE,current HTTP/robots eligibility; quality and search indexing separate
roomfeng.win,https://roomfeng.win/zh/blog/bedroom-hair-straightener-cleaning-feng-shui/,200,True,,,https://roomfeng.win/zh/blog/bedroom-hair-straightener-cleaning-feng-shui/,True,3,zh,Blog,UNKNOWN (supplied aggregate only),KEEP_INDEXABLE,current HTTP/robots eligibility; quality and search indexing separate
roomfeng.win,https://roomfeng.win/zh/blog/bedroom-hairbrush-storage-feng-shui/,200,True,,,https://roomfeng.win/zh/blog/bedroom-hairbrush-storage-feng-shui/,True,4,zh,Blog,UNKNOWN (supplied aggregate only),KEEP_INDEXABLE,current HTTP/robots eligibility; quality and search indexing separate
roomfeng.win,https://roomfeng.win/zh/blog/bedroom-hat-storage-feng-shui/,200,True,,,https://roomfeng.win/zh/blog/bedroom-hat-storage-feng-shui/,True,4,zh,Blog,UNKNOWN (supplied aggregate only),KEEP_INDEXABLE,current HTTP/robots eligibility; quality and search indexing separate
roomfeng.win,https://roomfeng.win/zh/blog/bedroom-headboard-cleaning-feng-shui/,200,True,,,https://roomfeng.win/zh/blog/bedroom-headboard-cleaning-feng-shui/,True,4,zh,Blog,UNKNOWN (supplied aggregate only),KEEP_INDEXABLE,current HTTP/robots eligibility; quality and search indexing separate
roomfeng.win,https://roomfeng.win/zh/blog/bedroom-headboard-stability-feng-shui/,200,True,,,https://roomfeng.win/zh/blog/bedroom-headboard-stability-feng-shui/,True,9,zh,Blog,UNKNOWN (supplied aggregate only),KEEP_INDEXABLE,current HTTP/robots eligibility; quality and search indexing separate
roomfeng.win,https://roomfeng.win/zh/blog/bedroom-heating-pad-cord-cleaning-feng-shui/,200,True,,,https://roomfeng.win/zh/blog/bedroom-heating-pad-cord-cleaning-feng-shui/,True,3,zh,Blog,UNKNOWN (supplied aggregate only),KEEP_INDEXABLE,current HTTP/robots eligibility; quality and search indexing separate
roomfeng.win,https://roomfeng.win/zh/blog/bedroom-humidifier-feng-shui/,200,True,,,https://roomfeng.win/zh/blog/bedroom-humidifier-feng-shui/,True,11,zh,Blog,UNKNOWN (supplied aggregate only),KEEP_INDEXABLE,current HTTP/robots eligibility; quality and search indexing separate
roomfeng.win,https://roomfeng.win/zh/blog/bedroom-humidifier-water-tank-cleaning-feng-shui/,200,True,,,https://roomfeng.win/zh/blog/bedroom-humidifier-water-tank-cleaning-feng-shui/,True,4,zh,Blog,UNKNOWN (supplied aggregate only),KEEP_INDEXABLE,current HTTP/robots eligibility; quality and search indexing separate
roomfeng.win,https://roomfeng.win/zh/blog/bedroom-indoor-slippers-feng-shui/,200,True,,,https://roomfeng.win/zh/blog/bedroom-indoor-slippers-feng-shui/,True,4,zh,Blog,UNKNOWN (supplied aggregate only),KEEP_INDEXABLE,current HTTP/robots eligibility; quality and search indexing separate
roomfeng.win,https://roomfeng.win/zh/blog/bedroom-jewelry-storage-feng-shui/,200,True,,,https://roomfeng.win/zh/blog/bedroom-jewelry-storage-feng-shui/,True,7,zh,Blog,UNKNOWN (supplied aggregate only),KEEP_INDEXABLE,current HTTP/robots eligibility; quality and search indexing separate
roomfeng.win,https://roomfeng.win/zh/blog/bedroom-laundry-bag-feng-shui/,200,True,,,https://roomfeng.win/zh/blog/bedroom-laundry-bag-feng-shui/,True,6,zh,Blog,UNKNOWN (supplied aggregate only),KEEP_INDEXABLE,current HTTP/robots eligibility; quality and search indexing separate
roomfeng.win,https://roomfeng.win/zh/blog/bedroom-makeup-brush-storage-feng-shui/,200,True,,,https://roomfeng.win/zh/blog/bedroom-makeup-brush-storage-feng-shui/,True,4,zh,Blog,UNKNOWN (supplied aggregate only),KEEP_INDEXABLE,current HTTP/robots eligibility; quality and search indexing separate
roomfeng.win,https://roomfeng.win/zh/blog/bedroom-massage-gun-cleaning-feng-shui/,200,True,,,https://roomfeng.win/zh/blog/bedroom-massage-gun-cleaning-feng-shui/,True,3,zh,Blog,UNKNOWN (supplied aggregate only),KEEP_INDEXABLE,current HTTP/robots eligibility; quality and search indexing separate
roomfeng.win,https://roomfeng.win/zh/blog/bedroom-mattress-edge-cleaning-feng-shui/,200,True,,,https://roomfeng.win/zh/blog/bedroom-mattress-edge-cleaning-feng-shui/,True,3,zh,Blog,UNKNOWN (supplied aggregate only),KEEP_INDEXABLE,current HTTP/robots eligibility; quality and search indexing separate
roomfeng.win,https://roomfeng.win/zh/blog/bedroom-mattress-flip-rotation-feng-shui/,200,True,,,https://roomfeng.win/zh/blog/bedroom-mattress-flip-rotation-feng-shui/,True,6,zh,Blog,UNKNOWN (supplied aggregate only),KEEP_INDEXABLE,current HTTP/robots eligibility; quality and search indexing separate
roomfeng.win,https://roomfeng.win/zh/blog/bedroom-mattress-height-feng-shui/,200,True,,,https://roomfeng.win/zh/blog/bedroom-mattress-height-feng-shui/,True,7,zh,Blog,UNKNOWN (supplied aggregate only),KEEP_INDEXABLE,current HTTP/robots eligibility; quality and search indexing separate
roomfeng.win,https://roomfeng.win/zh/blog/bedroom-mattress-label-warranty-feng-shui/,200,True,,,https://roomfeng.win/zh/blog/bedroom-mattress-label-warranty-feng-shui/,True,4,zh,Blog,UNKNOWN (supplied aggregate only),KEEP_INDEXABLE,current HTTP/robots eligibility; quality and search indexing separate
roomfeng.win,https://roomfeng.win/zh/blog/bedroom-mattress-protector-cleaning-feng-shui/,200,True,,,https://roomfeng.win/zh/blog/bedroom-mattress-protector-cleaning-feng-shui/,True,11,zh,Blog,UNKNOWN (supplied aggregate only),KEEP_INDEXABLE,current HTTP/robots eligibility; quality and search indexing separate
roomfeng.win,https://roomfeng.win/zh/blog/bedroom-mattress-protector-feng-shui/,200,True,,,https://roomfeng.win/zh/blog/bedroom-mattress-protector-feng-shui/,True,8,zh,Blog,UNKNOWN (supplied aggregate only),KEEP_INDEXABLE,current HTTP/robots eligibility; quality and search indexing separate
roomfeng.win,https://roomfeng.win/zh/blog/bedroom-mattress-protector-storage-feng-shui/,200,True,,,https://roomfeng.win/zh/blog/bedroom-mattress-protector-storage-feng-shui/,True,4,zh,Blog,UNKNOWN (supplied aggregate only),KEEP_INDEXABLE,current HTTP/robots eligibility; quality and search indexing separate
roomfeng.win,https://roomfeng.win/zh/blog/bedroom-mattress-side-cleaning-feng-shui/,200,True,,,https://roomfeng.win/zh/blog/bedroom-mattress-side-cleaning-feng-shui/,True,4,zh,Blog,UNKNOWN (supplied aggregate only),KEEP_INDEXABLE,current HTTP/robots eligibility; quality and search indexing separate
roomfeng.win,https://roomfeng.win/zh/blog/bedroom-mattress-side-seam-cleaning-feng-shui/,200,True,,,https://roomfeng.win/zh/blog/bedroom-mattress-side-seam-cleaning-feng-shui/,True,5,zh,Blog,UNKNOWN (supplied aggregate only),KEEP_INDEXABLE,current HTTP/robots eligibility; quality and search indexing separate
roomfeng.win,https://roomfeng.win/zh/blog/bedroom-mattress-vacuum-cleaning-feng-shui/,200,True,,,https://roomfeng.win/zh/blog/bedroom-mattress-vacuum-cleaning-feng-shui/,True,8,zh,Blog,UNKNOWN (supplied aggregate only),KEEP_INDEXABLE,current HTTP/robots eligibility; quality and search indexing separate
roomfeng.win,https://roomfeng.win/zh/blog/bedroom-mattress-ventilation-dehumidifying-feng-shui/,200,True,,,https://roomfeng.win/zh/blog/bedroom-mattress-ventilation-dehumidifying-feng-shui/,True,12,zh,Blog,UNKNOWN (supplied aggregate only),KEEP_INDEXABLE,current HTTP/robots eligibility; quality and search indexing separate
roomfeng.win,https://roomfeng.win/zh/blog/bedroom-mattress-wall-gap-feng-shui/,200,True,,,https://roomfeng.win/zh/blog/bedroom-mattress-wall-gap-feng-shui/,True,6,zh,Blog,UNKNOWN (supplied aggregate only),KEEP_INDEXABLE,current HTTP/robots eligibility; quality and search indexing separate
roomfeng.win,https://roomfeng.win/zh/blog/bedroom-mirror-edge-cleaning-feng-shui/,200,True,,,https://roomfeng.win/zh/blog/bedroom-mirror-edge-cleaning-feng-shui/,True,3,zh,Blog,UNKNOWN (supplied aggregate only),KEEP_INDEXABLE,current HTTP/robots eligibility; quality and search indexing separate
roomfeng.win,https://roomfeng.win/zh/blog/bedroom-mosquito-net-feng-shui/,200,True,,,https://roomfeng.win/zh/blog/bedroom-mosquito-net-feng-shui/,True,3,zh,Blog,UNKNOWN (supplied aggregate only),KEEP_INDEXABLE,current HTTP/robots eligibility; quality and search indexing separate
roomfeng.win,https://roomfeng.win/zh/blog/bedroom-night-light-feng-shui/,200,True,,,https://roomfeng.win/zh/blog/bedroom-night-light-feng-shui/,True,14,zh,Blog,UNKNOWN (supplied aggregate only),KEEP_INDEXABLE,current HTTP/robots eligibility; quality and search indexing separate
roomfeng.win,https://roomfeng.win/zh/blog/bedroom-night-walkway-feng-shui/,200,True,,,https://roomfeng.win/zh/blog/bedroom-night-walkway-feng-shui/,True,22,zh,Blog,UNKNOWN (supplied aggregate only),KEEP_INDEXABLE,current HTTP/robots eligibility; quality and search indexing separate
roomfeng.win,https://roomfeng.win/zh/blog/bedroom-nightstand-drawer-doorway-clearance-feng-shui/,200,True,,,https://roomfeng.win/zh/blog/bedroom-nightstand-drawer-doorway-clearance-feng-shui/,True,5,zh,Blog,UNKNOWN (supplied aggregate only),KEEP_INDEXABLE,current HTTP/robots eligibility; quality and search indexing separate
roomfeng.win,https://roomfeng.win/zh/blog/bedroom-nightstand-lamp-switch-cleaning-feng-shui/,200,True,,,https://roomfeng.win/zh/blog/bedroom-nightstand-lamp-switch-cleaning-feng-shui/,True,5,zh,Blog,UNKNOWN (supplied aggregate only),KEEP_INDEXABLE,current HTTP/robots eligibility; quality and search indexing separate
roomfeng.win,https://roomfeng.win/zh/blog/bedroom-pajama-hamper-feng-shui/,200,True,,,https://roomfeng.win/zh/blog/bedroom-pajama-hamper-feng-shui/,True,3,zh,Blog,UNKNOWN (supplied aggregate only),KEEP_INDEXABLE,current HTTP/robots eligibility; quality and search indexing separate
roomfeng.win,https://roomfeng.win/zh/blog/bedroom-pajama-storage-feng-shui/,200,True,,,https://roomfeng.win/zh/blog/bedroom-pajama-storage-feng-shui/,True,4,zh,Blog,UNKNOWN (supplied aggregate only),KEEP_INDEXABLE,current HTTP/robots eligibility; quality and search indexing separate
roomfeng.win,https://roomfeng.win/zh/blog/bedroom-pet-bed-feng-shui/,200,True,,,https://roomfeng.win/zh/blog/bedroom-pet-bed-feng-shui/,True,7,zh,Blog,UNKNOWN (supplied aggregate only),KEEP_INDEXABLE,current HTTP/robots eligibility; quality and search indexing separate
roomfeng.win,https://roomfeng.win/zh/blog/bedroom-pet-crate-feng-shui/,200,True,,,https://roomfeng.win/zh/blog/bedroom-pet-crate-feng-shui/,True,5,zh,Blog,UNKNOWN (supplied aggregate only),KEEP_INDEXABLE,current HTTP/robots eligibility; quality and search indexing separate
roomfeng.win,https://roomfeng.win/zh/blog/bedroom-pillow-cleaning-feng-shui/,200,True,,,https://roomfeng.win/zh/blog/bedroom-pillow-cleaning-feng-shui/,True,5,zh,Blog,UNKNOWN (supplied aggregate only),KEEP_INDEXABLE,current HTTP/robots eligibility; quality and search indexing separate
roomfeng.win,https://roomfeng.win/zh/blog/bedroom-pillow-dust-cleaning-feng-shui/,200,True,,,https://roomfeng.win/zh/blog/bedroom-pillow-dust-cleaning-feng-shui/,True,9,zh,Blog,UNKNOWN (supplied aggregate only),KEEP_INDEXABLE,current HTTP/robots eligibility; quality and search indexing separate
roomfeng.win,https://roomfeng.win/zh/blog/bedroom-pillow-edge-seam-cleaning-feng-shui/,200,True,,,https://roomfeng.win/zh/blog/bedroom-pillow-edge-seam-cleaning-feng-shui/,True,4,zh,Blog,UNKNOWN (supplied aggregate only),KEEP_INDEXABLE,current HTTP/robots eligibility; quality and search indexing separate
roomfeng.win,https://roomfeng.win/zh/blog/bedroom-pillow-protector-drying-feng-shui/,200,True,,,https://roomfeng.win/zh/blog/bedroom-pillow-protector-drying-feng-shui/,True,5,zh,Blog,UNKNOWN (supplied aggregate only),KEEP_INDEXABLE,current HTTP/robots eligibility; quality and search indexing separate
roomfeng.win,https://roomfeng.win/zh/blog/bedroom-pillow-storage-feng-shui/,200,True,,,https://roomfeng.win/zh/blog/bedroom-pillow-storage-feng-shui/,True,10,zh,Blog,UNKNOWN (supplied aggregate only),KEEP_INDEXABLE,current HTTP/robots eligibility; quality and search indexing separate
roomfeng.win,https://roomfeng.win/zh/blog/bedroom-pillowcase-cleaning-feng-shui/,200,True,,,https://roomfeng.win/zh/blog/bedroom-pillowcase-cleaning-feng-shui/,True,4,zh,Blog,UNKNOWN (supplied aggregate only),KEEP_INDEXABLE,current HTTP/robots eligibility; quality and search indexing separate
roomfeng.win,https://roomfeng.win/zh/blog/bedroom-pillowcase-drying-feng-shui/,200,True,,,https://roomfeng.win/zh/blog/bedroom-pillowcase-drying-feng-shui/,True,3,zh,Blog,UNKNOWN (supplied aggregate only),KEEP_INDEXABLE,current HTTP/robots eligibility; quality and search indexing separate
roomfeng.win,https://roomfeng.win/zh/blog/bedroom-pillowcase-wash-storage-feng-shui/,200,True,,,https://roomfeng.win/zh/blog/bedroom-pillowcase-wash-storage-feng-shui/,True,6,zh,Blog,UNKNOWN (supplied aggregate only),KEEP_INDEXABLE,current HTTP/robots eligibility; quality and search indexing separate
roomfeng.win,https://roomfeng.win/zh/blog/bedroom-quilt-storage-cleaning-feng-shui/,200,True,,,https://roomfeng.win/zh/blog/bedroom-quilt-storage-cleaning-feng-shui/,True,4,zh,Blog,UNKNOWN (supplied aggregate only),KEEP_INDEXABLE,current HTTP/robots eligibility; quality and search indexing separate
roomfeng.win,https://roomfeng.win/zh/blog/bedroom-quilt-storage-feng-shui/,200,True,,,https://roomfeng.win/zh/blog/bedroom-quilt-storage-feng-shui/,True,5,zh,Blog,UNKNOWN (supplied aggregate only),KEEP_INDEXABLE,current HTTP/robots eligibility; quality and search indexing separate
roomfeng.win,https://roomfeng.win/zh/blog/bedroom-rental-bed-doorway-privacy-feng-shui/,200,True,,,https://roomfeng.win/zh/blog/bedroom-rental-bed-doorway-privacy-feng-shui/,True,9,zh,Blog,UNKNOWN (supplied aggregate only),KEEP_INDEXABLE,current HTTP/robots eligibility; quality and search indexing separate
roomfeng.win,https://roomfeng.win/zh/blog/bedroom-rental-bed-placement-window-door-feng-shui/,200,True,,,https://roomfeng.win/zh/blog/bedroom-rental-bed-placement-window-door-feng-shui/,True,10,zh,Blog,UNKNOWN (supplied aggregate only),KEEP_INDEXABLE,current HTTP/robots eligibility; quality and search indexing separate
roomfeng.win,https://roomfeng.win/zh/blog/bedroom-rental-bed-window-condensation-curtain-feng-shui/,200,True,,,https://roomfeng.win/zh/blog/bedroom-rental-bed-window-condensation-curtain-feng-shui/,True,3,zh,Blog,UNKNOWN (supplied aggregate only),KEEP_INDEXABLE,current HTTP/robots eligibility; quality and search indexing separate
roomfeng.win,https://roomfeng.win/zh/blog/bedroom-rental-window-curtain-no-drill-feng-shui/,200,True,,,https://roomfeng.win/zh/blog/bedroom-rental-window-curtain-no-drill-feng-shui/,True,6,zh,Blog,UNKNOWN (supplied aggregate only),KEEP_INDEXABLE,current HTTP/robots eligibility; quality and search indexing separate
roomfeng.win,https://roomfeng.win/zh/blog/bedroom-robe-hook-storage-feng-shui/,200,True,,,https://roomfeng.win/zh/blog/bedroom-robe-hook-storage-feng-shui/,True,4,zh,Blog,UNKNOWN (supplied aggregate only),KEEP_INDEXABLE,current HTTP/robots eligibility; quality and search indexing separate
roomfeng.win,https://roomfeng.win/zh/blog/bedroom-rug-feng-shui/,200,True,,,https://roomfeng.win/zh/blog/bedroom-rug-feng-shui/,True,5,zh,Blog,UNKNOWN (supplied aggregate only),KEEP_INDEXABLE,current HTTP/robots eligibility; quality and search indexing separate
roomfeng.win,https://roomfeng.win/zh/blog/bedroom-scarf-storage-feng-shui/,200,True,,,https://roomfeng.win/zh/blog/bedroom-scarf-storage-feng-shui/,True,3,zh,Blog,UNKNOWN (supplied aggregate only),KEEP_INDEXABLE,current HTTP/robots eligibility; quality and search indexing separate
roomfeng.win,https://roomfeng.win/zh/blog/bedroom-sleep-earplugs-storage-feng-shui/,200,True,,,https://roomfeng.win/zh/blog/bedroom-sleep-earplugs-storage-feng-shui/,True,3,zh,Blog,UNKNOWN (supplied aggregate only),KEEP_INDEXABLE,current HTTP/robots eligibility; quality and search indexing separate
roomfeng.win,https://roomfeng.win/zh/blog/bedroom-sleep-journal-feng-shui/,200,True,,,https://roomfeng.win/zh/blog/bedroom-sleep-journal-feng-shui/,True,3,zh,Blog,UNKNOWN (supplied aggregate only),KEEP_INDEXABLE,current HTTP/robots eligibility; quality and search indexing separate
roomfeng.win,https://roomfeng.win/zh/blog/bedroom-sleep-mask-storage-feng-shui/,200,True,,,https://roomfeng.win/zh/blog/bedroom-sleep-mask-storage-feng-shui/,True,4,zh,Blog,UNKNOWN (supplied aggregate only),KEEP_INDEXABLE,current HTTP/robots eligibility; quality and search indexing separate
roomfeng.win,https://roomfeng.win/zh/blog/bedroom-sleep-tracker-feng-shui/,200,True,,,https://roomfeng.win/zh/blog/bedroom-sleep-tracker-feng-shui/,True,4,zh,Blog,UNKNOWN (supplied aggregate only),KEEP_INDEXABLE,current HTTP/robots eligibility; quality and search indexing separate
roomfeng.win,https://roomfeng.win/zh/blog/bedroom-smart-speaker-feng-shui/,200,True,,,https://roomfeng.win/zh/blog/bedroom-smart-speaker-feng-shui/,True,5,zh,Blog,UNKNOWN (supplied aggregate only),KEEP_INDEXABLE,current HTTP/robots eligibility; quality and search indexing separate
roomfeng.win,https://roomfeng.win/zh/blog/bedroom-smartphone-screen-cleaning-feng-shui/,200,True,,,https://roomfeng.win/zh/blog/bedroom-smartphone-screen-cleaning-feng-shui/,True,4,zh,Blog,UNKNOWN (supplied aggregate only),KEEP_INDEXABLE,current HTTP/robots eligibility; quality and search indexing separate
roomfeng.win,https://roomfeng.win/zh/blog/bedroom-smoke-alarm-feng-shui/,200,True,,,https://roomfeng.win/zh/blog/bedroom-smoke-alarm-feng-shui/,True,4,zh,Blog,UNKNOWN (supplied aggregate only),KEEP_INDEXABLE,current HTTP/robots eligibility; quality and search indexing separate
roomfeng.win,https://roomfeng.win/zh/blog/bedroom-socks-storage-feng-shui/,200,True,,,https://roomfeng.win/zh/blog/bedroom-socks-storage-feng-shui/,True,4,zh,Blog,UNKNOWN (supplied aggregate only),KEEP_INDEXABLE,current HTTP/robots eligibility; quality and search indexing separate
roomfeng.win,https://roomfeng.win/zh/blog/bedroom-soundproofing-diy/,200,True,,,https://roomfeng.win/zh/blog/bedroom-soundproofing-diy/,True,9,zh,Blog,UNKNOWN (supplied aggregate only),KEEP_INDEXABLE,current HTTP/robots eligibility; quality and search indexing separate
roomfeng.win,https://roomfeng.win/zh/blog/bedroom-space-heater-feng-shui/,200,True,,,https://roomfeng.win/zh/blog/bedroom-space-heater-feng-shui/,True,9,zh,Blog,UNKNOWN (supplied aggregate only),KEEP_INDEXABLE,current HTTP/robots eligibility; quality and search indexing separate
roomfeng.win,https://roomfeng.win/zh/blog/bedroom-suitcase-storage-feng-shui/,200,True,,,https://roomfeng.win/zh/blog/bedroom-suitcase-storage-feng-shui/,True,3,zh,Blog,UNKNOWN (supplied aggregate only),KEEP_INDEXABLE,current HTTP/robots eligibility; quality and search indexing separate
roomfeng.win,https://roomfeng.win/zh/blog/bedroom-under-mattress-cleaning-feng-shui/,200,True,,,https://roomfeng.win/zh/blog/bedroom-under-mattress-cleaning-feng-shui/,True,8,zh,Blog,UNKNOWN (supplied aggregate only),KEEP_INDEXABLE,current HTTP/robots eligibility; quality and search indexing separate
roomfeng.win,https://roomfeng.win/zh/blog/bedroom-underwear-storage-feng-shui/,200,True,,,https://roomfeng.win/zh/blog/bedroom-underwear-storage-feng-shui/,True,3,zh,Blog,UNKNOWN (supplied aggregate only),KEEP_INDEXABLE,current HTTP/robots eligibility; quality and search indexing separate
roomfeng.win,https://roomfeng.win/zh/blog/bedroom-wake-up-light-feng-shui/,200,True,,,https://roomfeng.win/zh/blog/bedroom-wake-up-light-feng-shui/,True,4,zh,Blog,UNKNOWN (supplied aggregate only),KEEP_INDEXABLE,current HTTP/robots eligibility; quality and search indexing separate
roomfeng.win,https://roomfeng.win/zh/blog/bedroom-wardrobe-back-panel-cleaning-feng-shui/,200,True,,,https://roomfeng.win/zh/blog/bedroom-wardrobe-back-panel-cleaning-feng-shui/,True,3,zh,Blog,UNKNOWN (supplied aggregate only),KEEP_INDEXABLE,current HTTP/robots eligibility; quality and search indexing separate
roomfeng.win,https://roomfeng.win/zh/blog/bedroom-wardrobe-bottom-cleaning-feng-shui/,200,True,,,https://roomfeng.win/zh/blog/bedroom-wardrobe-bottom-cleaning-feng-shui/,True,6,zh,Blog,UNKNOWN (supplied aggregate only),KEEP_INDEXABLE,current HTTP/robots eligibility; quality and search indexing separate
roomfeng.win,https://roomfeng.win/zh/blog/bedroom-wardrobe-cleaning-feng-shui/,200,True,,,https://roomfeng.win/zh/blog/bedroom-wardrobe-cleaning-feng-shui/,True,11,zh,Blog,UNKNOWN (supplied aggregate only),KEEP_INDEXABLE,current HTTP/robots eligibility; quality and search indexing separate
roomfeng.win,https://roomfeng.win/zh/blog/bedroom-wardrobe-door-hinge-cleaning-feng-shui/,200,True,,,https://roomfeng.win/zh/blog/bedroom-wardrobe-door-hinge-cleaning-feng-shui/,True,5,zh,Blog,UNKNOWN (supplied aggregate only),KEEP_INDEXABLE,current HTTP/robots eligibility; quality and search indexing separate
roomfeng.win,https://roomfeng.win/zh/blog/bedroom-wardrobe-door-opening-clearance-feng-shui/,200,True,,,https://roomfeng.win/zh/blog/bedroom-wardrobe-door-opening-clearance-feng-shui/,True,5,zh,Blog,UNKNOWN (supplied aggregate only),KEEP_INDEXABLE,current HTTP/robots eligibility; quality and search indexing separate
roomfeng.win,https://roomfeng.win/zh/blog/bedroom-wardrobe-door-track-cleaning-feng-shui/,200,True,,,https://roomfeng.win/zh/blog/bedroom-wardrobe-door-track-cleaning-feng-shui/,True,5,zh,Blog,UNKNOWN (supplied aggregate only),KEEP_INDEXABLE,current HTTP/robots eligibility; quality and search indexing separate
roomfeng.win,https://roomfeng.win/zh/blog/bedroom-wardrobe-drawer-cleaning-feng-shui/,200,True,,,https://roomfeng.win/zh/blog/bedroom-wardrobe-drawer-cleaning-feng-shui/,True,6,zh,Blog,UNKNOWN (supplied aggregate only),KEEP_INDEXABLE,current HTTP/robots eligibility; quality and search indexing separate
roomfeng.win,https://roomfeng.win/zh/blog/bedroom-wardrobe-drawer-rail-cleaning-feng-shui/,200,True,,,https://roomfeng.win/zh/blog/bedroom-wardrobe-drawer-rail-cleaning-feng-shui/,True,4,zh,Blog,UNKNOWN (supplied aggregate only),KEEP_INDEXABLE,current HTTP/robots eligibility; quality and search indexing separate
roomfeng.win,https://roomfeng.win/zh/blog/bedroom-wardrobe-handle-cleaning-feng-shui/,200,True,,,https://roomfeng.win/zh/blog/bedroom-wardrobe-handle-cleaning-feng-shui/,True,6,zh,Blog,UNKNOWN (supplied aggregate only),KEEP_INDEXABLE,current HTTP/robots eligibility; quality and search indexing separate
roomfeng.win,https://roomfeng.win/zh/blog/bedroom-wardrobe-lighting-feng-shui/,200,True,,,https://roomfeng.win/zh/blog/bedroom-wardrobe-lighting-feng-shui/,True,10,zh,Blog,UNKNOWN (supplied aggregate only),KEEP_INDEXABLE,current HTTP/robots eligibility; quality and search indexing separate
roomfeng.win,https://roomfeng.win/zh/blog/bedroom-wardrobe-shelf-liner-cleaning-feng-shui/,200,True,,,https://roomfeng.win/zh/blog/bedroom-wardrobe-shelf-liner-cleaning-feng-shui/,True,4,zh,Blog,UNKNOWN (supplied aggregate only),KEEP_INDEXABLE,current HTTP/robots eligibility; quality and search indexing separate
roomfeng.win,https://roomfeng.win/zh/blog/bedroom-water-bottle-storage-feng-shui/,200,True,,,https://roomfeng.win/zh/blog/bedroom-water-bottle-storage-feng-shui/,True,5,zh,Blog,UNKNOWN (supplied aggregate only),KEEP_INDEXABLE,current HTTP/robots eligibility; quality and search indexing separate
roomfeng.win,https://roomfeng.win/zh/blog/bedroom-wealth-corner/,200,True,,,https://roomfeng.win/zh/blog/bedroom-wealth-corner/,True,6,zh,Blog,UNKNOWN (supplied aggregate only),KEEP_INDEXABLE,current HTTP/robots eligibility; quality and search indexing separate
roomfeng.win,https://roomfeng.win/zh/blog/bedroom-window-blind-cord-cleaning-feng-shui/,200,True,,,https://roomfeng.win/zh/blog/bedroom-window-blind-cord-cleaning-feng-shui/,True,3,zh,Blog,UNKNOWN (supplied aggregate only),KEEP_INDEXABLE,current HTTP/robots eligibility; quality and search indexing separate
roomfeng.win,https://roomfeng.win/zh/blog/bedroom-window-blinds-feng-shui/,200,True,,,https://roomfeng.win/zh/blog/bedroom-window-blinds-feng-shui/,True,12,zh,Blog,UNKNOWN (supplied aggregate only),KEEP_INDEXABLE,current HTTP/robots eligibility; quality and search indexing separate
roomfeng.win,https://roomfeng.win/zh/blog/bedroom-window-condensation-cleaning-feng-shui/,200,True,,,https://roomfeng.win/zh/blog/bedroom-window-condensation-cleaning-feng-shui/,True,5,zh,Blog,UNKNOWN (supplied aggregate only),KEEP_INDEXABLE,current HTTP/robots eligibility; quality and search indexing separate
roomfeng.win,https://roomfeng.win/zh/blog/bedroom-window-condensation-feng-shui/,200,True,,,https://roomfeng.win/zh/blog/bedroom-window-condensation-feng-shui/,True,22,zh,Blog,UNKNOWN (supplied aggregate only),KEEP_INDEXABLE,current HTTP/robots eligibility; quality and search indexing separate
roomfeng.win,https://roomfeng.win/zh/blog/bedroom-window-sill-cleaning-feng-shui/,200,True,,,https://roomfeng.win/zh/blog/bedroom-window-sill-cleaning-feng-shui/,True,9,zh,Blog,UNKNOWN (supplied aggregate only),KEEP_INDEXABLE,current HTTP/robots eligibility; quality and search indexing separate
roomfeng.win,https://roomfeng.win/zh/blog/bedroom-window-sill-dust-cleaning-feng-shui/,200,True,,,https://roomfeng.win/zh/blog/bedroom-window-sill-dust-cleaning-feng-shui/,True,5,zh,Blog,UNKNOWN (supplied aggregate only),KEEP_INDEXABLE,current HTTP/robots eligibility; quality and search indexing separate
roomfeng.win,https://roomfeng.win/zh/blog/bedroom-window-weatherstrip-cleaning-feng-shui/,200,True,,,https://roomfeng.win/zh/blog/bedroom-window-weatherstrip-cleaning-feng-shui/,True,4,zh,Blog,UNKNOWN (supplied aggregate only),KEEP_INDEXABLE,current HTTP/robots eligibility; quality and search indexing separate
roomfeng.win,https://roomfeng.win/zh/blog/bedroom-with-balcony-layout/,200,True,,,https://roomfeng.win/zh/blog/bedroom-with-balcony-layout/,True,5,zh,Blog,UNKNOWN (supplied aggregate only),KEEP_INDEXABLE,current HTTP/robots eligibility; quality and search indexing separate
roomfeng.win,https://roomfeng.win/zh/blog/bedroom-worn-clothes-storage-feng-shui/,200,True,,,https://roomfeng.win/zh/blog/bedroom-worn-clothes-storage-feng-shui/,True,14,zh,Blog,UNKNOWN (supplied aggregate only),KEEP_INDEXABLE,current HTTP/robots eligibility; quality and search indexing separate
roomfeng.win,https://roomfeng.win/zh/blog/bedside-table-feng-shui/,200,True,,,https://roomfeng.win/zh/blog/bedside-table-feng-shui/,True,16,zh,Blog,UNKNOWN (supplied aggregate only),KEEP_INDEXABLE,current HTTP/robots eligibility; quality and search indexing separate
roomfeng.win,https://roomfeng.win/zh/blog/clock-placement-feng-shui/,200,True,,,https://roomfeng.win/zh/blog/clock-placement-feng-shui/,True,4,zh,Blog,UNKNOWN (supplied aggregate only),KEEP_INDEXABLE,current HTTP/robots eligibility; quality and search indexing separate
roomfeng.win,https://roomfeng.win/zh/blog/couple-bedroom-layout/,200,True,,,https://roomfeng.win/zh/blog/couple-bedroom-layout/,True,8,zh,Blog,UNKNOWN (supplied aggregate only),KEEP_INDEXABLE,current HTTP/robots eligibility; quality and search indexing separate
roomfeng.win,https://roomfeng.win/zh/blog/dehumidifier-placement-bedroom/,200,True,,,https://roomfeng.win/zh/blog/dehumidifier-placement-bedroom/,True,5,zh,Blog,UNKNOWN (supplied aggregate only),KEEP_INDEXABLE,current HTTP/robots eligibility; quality and search indexing separate
roomfeng.win,https://roomfeng.win/zh/blog/desk-window-lighting/,200,True,,,https://roomfeng.win/zh/blog/desk-window-lighting/,True,14,zh,Blog,UNKNOWN (supplied aggregate only),KEEP_INDEXABLE,current HTTP/robots eligibility; quality and search indexing separate
roomfeng.win,https://roomfeng.win/zh/blog/dining-chair-feng-shui/,200,True,,,https://roomfeng.win/zh/blog/dining-chair-feng-shui/,True,14,zh,Blog,UNKNOWN (supplied aggregate only),KEEP_INDEXABLE,current HTTP/robots eligibility; quality and search indexing separate
roomfeng.win,https://roomfeng.win/zh/blog/dining-room-chair-armrest-cleaning-feng-shui/,200,True,,,https://roomfeng.win/zh/blog/dining-room-chair-armrest-cleaning-feng-shui/,True,3,zh,Blog,UNKNOWN (supplied aggregate only),KEEP_INDEXABLE,current HTTP/robots eligibility; quality and search indexing separate
roomfeng.win,https://roomfeng.win/zh/blog/dining-room-chair-back-cleaning-feng-shui/,200,True,,,https://roomfeng.win/zh/blog/dining-room-chair-back-cleaning-feng-shui/,True,7,zh,Blog,UNKNOWN (supplied aggregate only),KEEP_INDEXABLE,current HTTP/robots eligibility; quality and search indexing separate
roomfeng.win,https://roomfeng.win/zh/blog/dining-room-chair-felt-pad-cleaning-feng-shui/,200,True,,,https://roomfeng.win/zh/blog/dining-room-chair-felt-pad-cleaning-feng-shui/,True,4,zh,Blog,UNKNOWN (supplied aggregate only),KEEP_INDEXABLE,current HTTP/robots eligibility; quality and search indexing separate
roomfeng.win,https://roomfeng.win/zh/blog/dining-room-chair-foot-cleaning-feng-shui/,200,True,,,https://roomfeng.win/zh/blog/dining-room-chair-foot-cleaning-feng-shui/,True,6,zh,Blog,UNKNOWN (supplied aggregate only),KEEP_INDEXABLE,current HTTP/robots eligibility; quality and search indexing separate
roomfeng.win,https://roomfeng.win/zh/blog/dining-room-chair-leg-cleaning-feng-shui/,200,True,,,https://roomfeng.win/zh/blog/dining-room-chair-leg-cleaning-feng-shui/,True,5,zh,Blog,UNKNOWN (supplied aggregate only),KEEP_INDEXABLE,current HTTP/robots eligibility; quality and search indexing separate
roomfeng.win,https://roomfeng.win/zh/blog/dining-room-chair-leg-joint-cleaning-feng-shui/,200,True,,,https://roomfeng.win/zh/blog/dining-room-chair-leg-joint-cleaning-feng-shui/,True,4,zh,Blog,UNKNOWN (supplied aggregate only),KEEP_INDEXABLE,current HTTP/robots eligibility; quality and search indexing separate
roomfeng.win,https://roomfeng.win/zh/blog/dining-room-chair-seat-cleaning-feng-shui/,200,True,,,https://roomfeng.win/zh/blog/dining-room-chair-seat-cleaning-feng-shui/,True,6,zh,Blog,UNKNOWN (supplied aggregate only),KEEP_INDEXABLE,current HTTP/robots eligibility; quality and search indexing separate
roomfeng.win,https://roomfeng.win/zh/blog/dining-room-chair-underside-cleaning-feng-shui/,200,True,,,https://roomfeng.win/zh/blog/dining-room-chair-underside-cleaning-feng-shui/,True,4,zh,Blog,UNKNOWN (supplied aggregate only),KEEP_INDEXABLE,current HTTP/robots eligibility; quality and search indexing separate
roomfeng.win,https://roomfeng.win/zh/blog/dining-room-coaster-storage-feng-shui/,200,True,,,https://roomfeng.win/zh/blog/dining-room-coaster-storage-feng-shui/,True,3,zh,Blog,UNKNOWN (supplied aggregate only),KEEP_INDEXABLE,current HTTP/robots eligibility; quality and search indexing separate
roomfeng.win,https://roomfeng.win/zh/blog/dining-room-extendable-table-leaf-cleaning-feng-shui/,200,True,,,https://roomfeng.win/zh/blog/dining-room-extendable-table-leaf-cleaning-feng-shui/,True,4,zh,Blog,UNKNOWN (supplied aggregate only),KEEP_INDEXABLE,current HTTP/robots eligibility; quality and search indexing separate
roomfeng.win,https://roomfeng.win/zh/blog/dining-room-high-chair-feng-shui/,200,True,,,https://roomfeng.win/zh/blog/dining-room-high-chair-feng-shui/,True,3,zh,Blog,UNKNOWN (supplied aggregate only),KEEP_INDEXABLE,current HTTP/robots eligibility; quality and search indexing separate
roomfeng.win,https://roomfeng.win/zh/blog/dining-room-lighting-feng-shui/,200,True,,,https://roomfeng.win/zh/blog/dining-room-lighting-feng-shui/,True,5,zh,Blog,UNKNOWN (supplied aggregate only),KEEP_INDEXABLE,current HTTP/robots eligibility; quality and search indexing separate
roomfeng.win,https://roomfeng.win/zh/blog/dining-room-mirror-feng-shui/,200,True,,,https://roomfeng.win/zh/blog/dining-room-mirror-feng-shui/,True,6,zh,Blog,UNKNOWN (supplied aggregate only),KEEP_INDEXABLE,current HTTP/robots eligibility; quality and search indexing separate
roomfeng.win,https://roomfeng.win/zh/blog/dining-room-placemat-cleaning-feng-shui/,200,True,,,https://roomfeng.win/zh/blog/dining-room-placemat-cleaning-feng-shui/,True,3,zh,Blog,UNKNOWN (supplied aggregate only),KEEP_INDEXABLE,current HTTP/robots eligibility; quality and search indexing separate
roomfeng.win,https://roomfeng.win/zh/blog/dining-room-serving-cart-feng-shui/,200,True,,,https://roomfeng.win/zh/blog/dining-room-serving-cart-feng-shui/,True,5,zh,Blog,UNKNOWN (supplied aggregate only),KEEP_INDEXABLE,current HTTP/robots eligibility; quality and search indexing separate
roomfeng.win,https://roomfeng.win/zh/blog/dining-room-table-apron-cleaning-feng-shui/,200,True,,,https://roomfeng.win/zh/blog/dining-room-table-apron-cleaning-feng-shui/,True,4,zh,Blog,UNKNOWN (supplied aggregate only),KEEP_INDEXABLE,current HTTP/robots eligibility; quality and search indexing separate
roomfeng.win,https://roomfeng.win/zh/blog/dining-room-table-centerpiece-cleaning-feng-shui/,200,True,,,https://roomfeng.win/zh/blog/dining-room-table-centerpiece-cleaning-feng-shui/,True,7,zh,Blog,UNKNOWN (supplied aggregate only),KEEP_INDEXABLE,current HTTP/robots eligibility; quality and search indexing separate
roomfeng.win,https://roomfeng.win/zh/blog/dining-room-table-chair-clearance-feng-shui/,200,True,,,https://roomfeng.win/zh/blog/dining-room-table-chair-clearance-feng-shui/,True,3,zh,Blog,UNKNOWN (supplied aggregate only),KEEP_INDEXABLE,current HTTP/robots eligibility; quality and search indexing separate
roomfeng.win,https://roomfeng.win/zh/blog/dining-room-table-cleaning-feng-shui/,200,True,,,https://roomfeng.win/zh/blog/dining-room-table-cleaning-feng-shui/,True,9,zh,Blog,UNKNOWN (supplied aggregate only),KEEP_INDEXABLE,current HTTP/robots eligibility; quality and search indexing separate
roomfeng.win,https://roomfeng.win/zh/blog/dining-room-table-corner-cleaning-feng-shui/,200,True,,,https://roomfeng.win/zh/blog/dining-room-table-corner-cleaning-feng-shui/,True,3,zh,Blog,UNKNOWN (supplied aggregate only),KEEP_INDEXABLE,current HTTP/robots eligibility; quality and search indexing separate
roomfeng.win,https://roomfeng.win/zh/blog/dining-room-table-edge-cleaning-feng-shui/,200,True,,,https://roomfeng.win/zh/blog/dining-room-table-edge-cleaning-feng-shui/,True,10,zh,Blog,UNKNOWN (supplied aggregate only),KEEP_INDEXABLE,current HTTP/robots eligibility; quality and search indexing separate
roomfeng.win,https://roomfeng.win/zh/blog/dining-room-table-edge-safety-feng-shui/,200,True,,,https://roomfeng.win/zh/blog/dining-room-table-edge-safety-feng-shui/,True,4,zh,Blog,UNKNOWN (supplied aggregate only),KEEP_INDEXABLE,current HTTP/robots eligibility; quality and search indexing separate
roomfeng.win,https://roomfeng.win/zh/blog/dining-room-table-extension-lock-cleaning-feng-shui/,200,True,,,https://roomfeng.win/zh/blog/dining-room-table-extension-lock-cleaning-feng-shui/,True,4,zh,Blog,UNKNOWN (supplied aggregate only),KEEP_INDEXABLE,current HTTP/robots eligibility; quality and search indexing separate
roomfeng.win,https://roomfeng.win/zh/blog/dining-room-table-extension-rail-cleaning-feng-shui/,200,True,,,https://roomfeng.win/zh/blog/dining-room-table-extension-rail-cleaning-feng-shui/,True,4,zh,Blog,UNKNOWN (supplied aggregate only),KEEP_INDEXABLE,current HTTP/robots eligibility; quality and search indexing separate
roomfeng.win,https://roomfeng.win/zh/blog/dining-room-table-leaf-cleaning-feng-shui/,200,True,,,https://roomfeng.win/zh/blog/dining-room-table-leaf-cleaning-feng-shui/,True,5,zh,Blog,UNKNOWN (supplied aggregate only),KEEP_INDEXABLE,current HTTP/robots eligibility; quality and search indexing separate
roomfeng.win,https://roomfeng.win/zh/blog/dining-room-table-leg-cleaning-feng-shui/,200,True,,,https://roomfeng.win/zh/blog/dining-room-table-leg-cleaning-feng-shui/,True,9,zh,Blog,UNKNOWN (supplied aggregate only),KEEP_INDEXABLE,current HTTP/robots eligibility; quality and search indexing separate
roomfeng.win,https://roomfeng.win/zh/blog/dining-room-table-runner-cleaning-feng-shui/,200,True,,,https://roomfeng.win/zh/blog/dining-room-table-runner-cleaning-feng-shui/,True,4,zh,Blog,UNKNOWN (supplied aggregate only),KEEP_INDEXABLE,current HTTP/robots eligibility; quality and search indexing separate
roomfeng.win,https://roomfeng.win/zh/blog/dining-room-table-runner-feng-shui/,200,True,,,https://roomfeng.win/zh/blog/dining-room-table-runner-feng-shui/,True,5,zh,Blog,UNKNOWN (supplied aggregate only),KEEP_INDEXABLE,current HTTP/robots eligibility; quality and search indexing separate
roomfeng.win,https://roomfeng.win/zh/blog/dining-room-table-under-cleaning-feng-shui/,200,True,,,https://roomfeng.win/zh/blog/dining-room-table-under-cleaning-feng-shui/,True,10,zh,Blog,UNKNOWN (supplied aggregate only),KEEP_INDEXABLE,current HTTP/robots eligibility; quality and search indexing separate
roomfeng.win,https://roomfeng.win/zh/blog/dining-room-table-underside-cleaning-feng-shui/,200,True,,,https://roomfeng.win/zh/blog/dining-room-table-underside-cleaning-feng-shui/,True,5,zh,Blog,UNKNOWN (supplied aggregate only),KEEP_INDEXABLE,current HTTP/robots eligibility; quality and search indexing separate
roomfeng.win,https://roomfeng.win/zh/blog/dining-room-tablecloth-cleaning-feng-shui/,200,True,,,https://roomfeng.win/zh/blog/dining-room-tablecloth-cleaning-feng-shui/,True,3,zh,Blog,UNKNOWN (supplied aggregate only),KEEP_INDEXABLE,current HTTP/robots eligibility; quality and search indexing separate
roomfeng.win,https://roomfeng.win/zh/blog/dining-room-tablecloth-feng-shui/,200,True,,,https://roomfeng.win/zh/blog/dining-room-tablecloth-feng-shui/,True,7,zh,Blog,UNKNOWN (supplied aggregate only),KEEP_INDEXABLE,current HTTP/robots eligibility; quality and search indexing separate
roomfeng.win,https://roomfeng.win/zh/blog/dining-room-water-pitcher-feng-shui/,200,True,,,https://roomfeng.win/zh/blog/dining-room-water-pitcher-feng-shui/,True,5,zh,Blog,UNKNOWN (supplied aggregate only),KEEP_INDEXABLE,current HTTP/robots eligibility; quality and search indexing separate
roomfeng.win,https://roomfeng.win/zh/blog/dining-sideboard-feng-shui/,200,True,,,https://roomfeng.win/zh/blog/dining-sideboard-feng-shui/,True,10,zh,Blog,UNKNOWN (supplied aggregate only),KEEP_INDEXABLE,current HTTP/robots eligibility; quality and search indexing separate
roomfeng.win,https://roomfeng.win/zh/blog/dining-table-facing-door-feng-shui/,200,True,,,https://roomfeng.win/zh/blog/dining-table-facing-door-feng-shui/,True,22,zh,Blog,UNKNOWN (supplied aggregate only),KEEP_INDEXABLE,current HTTP/robots eligibility; quality and search indexing separate
roomfeng.win,https://roomfeng.win/zh/blog/dining-table-napkin-storage-feng-shui/,200,True,,,https://roomfeng.win/zh/blog/dining-table-napkin-storage-feng-shui/,True,6,zh,Blog,UNKNOWN (supplied aggregate only),KEEP_INDEXABLE,current HTTP/robots eligibility; quality and search indexing separate
roomfeng.win,https://roomfeng.win/zh/blog/door-facing-door-feng-shui/,200,True,,,https://roomfeng.win/zh/blog/door-facing-door-feng-shui/,True,7,zh,Blog,UNKNOWN (supplied aggregate only),KEEP_INDEXABLE,current HTTP/robots eligibility; quality and search indexing separate
roomfeng.win,https://roomfeng.win/zh/blog/door-facing-window-room-layout/,200,True,,,https://roomfeng.win/zh/blog/door-facing-window-room-layout/,True,7,zh,Blog,UNKNOWN (supplied aggregate only),KEEP_INDEXABLE,current HTTP/robots eligibility; quality and search indexing separate
roomfeng.win,https://roomfeng.win/zh/blog/door-first-sight-rules/,200,True,,,https://roomfeng.win/zh/blog/door-first-sight-rules/,True,7,zh,Blog,UNKNOWN (supplied aggregate only),KEEP_INDEXABLE,current HTTP/robots eligibility; quality and search indexing separate
roomfeng.win,https://roomfeng.win/zh/blog/double-bed-against-wall-feng-shui/,200,True,,,https://roomfeng.win/zh/blog/double-bed-against-wall-feng-shui/,True,9,zh,Blog,UNKNOWN (supplied aggregate only),KEEP_INDEXABLE,current HTTP/robots eligibility; quality and search indexing separate
roomfeng.win,https://roomfeng.win/zh/blog/elderly-bedroom-layout/,200,True,,,https://roomfeng.win/zh/blog/elderly-bedroom-layout/,True,7,zh,Blog,UNKNOWN (supplied aggregate only),KEEP_INDEXABLE,current HTTP/robots eligibility; quality and search indexing separate
roomfeng.win,https://roomfeng.win/zh/blog/entryway-bag-storage-feng-shui/,200,True,,,https://roomfeng.win/zh/blog/entryway-bag-storage-feng-shui/,True,6,zh,Blog,UNKNOWN (supplied aggregate only),KEEP_INDEXABLE,current HTTP/robots eligibility; quality and search indexing separate
roomfeng.win,https://roomfeng.win/zh/blog/entryway-bench-doorway-clearance-feng-shui/,200,True,,,https://roomfeng.win/zh/blog/entryway-bench-doorway-clearance-feng-shui/,True,3,zh,Blog,UNKNOWN (supplied aggregate only),KEEP_INDEXABLE,current HTTP/robots eligibility; quality and search indexing separate
roomfeng.win,https://roomfeng.win/zh/blog/entryway-bench-feng-shui/,200,True,,,https://roomfeng.win/zh/blog/entryway-bench-feng-shui/,True,10,zh,Blog,UNKNOWN (supplied aggregate only),KEEP_INDEXABLE,current HTTP/robots eligibility; quality and search indexing separate
roomfeng.win,https://roomfeng.win/zh/blog/entryway-bicycle-feng-shui/,200,True,,,https://roomfeng.win/zh/blog/entryway-bicycle-feng-shui/,True,7,zh,Blog,UNKNOWN (supplied aggregate only),KEEP_INDEXABLE,current HTTP/robots eligibility; quality and search indexing separate
roomfeng.win,https://roomfeng.win/zh/blog/entryway-coat-rack-feng-shui/,200,True,,,https://roomfeng.win/zh/blog/entryway-coat-rack-feng-shui/,True,10,zh,Blog,UNKNOWN (supplied aggregate only),KEEP_INDEXABLE,current HTTP/robots eligibility; quality and search indexing separate
roomfeng.win,https://roomfeng.win/zh/blog/entryway-door-bottom-dust-cleaning-feng-shui/,200,True,,,https://roomfeng.win/zh/blog/entryway-door-bottom-dust-cleaning-feng-shui/,True,7,zh,Blog,UNKNOWN (supplied aggregate only),KEEP_INDEXABLE,current HTTP/robots eligibility; quality and search indexing separate
roomfeng.win,https://roomfeng.win/zh/blog/entryway-door-closer-cleaning-feng-shui/,200,True,,,https://roomfeng.win/zh/blog/entryway-door-closer-cleaning-feng-shui/,True,5,zh,Blog,UNKNOWN (supplied aggregate only),KEEP_INDEXABLE,current HTTP/robots eligibility; quality and search indexing separate
roomfeng.win,https://roomfeng.win/zh/blog/entryway-door-handle-cleaning-feng-shui/,200,True,,,https://roomfeng.win/zh/blog/entryway-door-handle-cleaning-feng-shui/,True,11,zh,Blog,UNKNOWN (supplied aggregate only),KEEP_INDEXABLE,current HTTP/robots eligibility; quality and search indexing separate
roomfeng.win,https://roomfeng.win/zh/blog/entryway-door-hinge-cleaning-feng-shui/,200,True,,,https://roomfeng.win/zh/blog/entryway-door-hinge-cleaning-feng-shui/,True,8,zh,Blog,UNKNOWN (supplied aggregate only),KEEP_INDEXABLE,current HTTP/robots eligibility; quality and search indexing separate
roomfeng.win,https://roomfeng.win/zh/blog/entryway-door-hinge-squeak-cleaning-feng-shui/,200,True,,,https://roomfeng.win/zh/blog/entryway-door-hinge-squeak-cleaning-feng-shui/,True,3,zh,Blog,UNKNOWN (supplied aggregate only),KEEP_INDEXABLE,current HTTP/robots eligibility; quality and search indexing separate
roomfeng.win,https://roomfeng.win/zh/blog/entryway-door-lock-cleaning-feng-shui/,200,True,,,https://roomfeng.win/zh/blog/entryway-door-lock-cleaning-feng-shui/,True,8,zh,Blog,UNKNOWN (supplied aggregate only),KEEP_INDEXABLE,current HTTP/robots eligibility; quality and search indexing separate
roomfeng.win,https://roomfeng.win/zh/blog/entryway-door-opening-radius-feng-shui/,200,True,,,https://roomfeng.win/zh/blog/entryway-door-opening-radius-feng-shui/,True,6,zh,Blog,UNKNOWN (supplied aggregate only),KEEP_INDEXABLE,current HTTP/robots eligibility; quality and search indexing separate
roomfeng.win,https://roomfeng.win/zh/blog/entryway-door-peephole-cleaning-feng-shui/,200,True,,,https://roomfeng.win/zh/blog/entryway-door-peephole-cleaning-feng-shui/,True,4,zh,Blog,UNKNOWN (supplied aggregate only),KEEP_INDEXABLE,current HTTP/robots eligibility; quality and search indexing separate
roomfeng.win,https://roomfeng.win/zh/blog/entryway-door-safety-chain-cleaning-feng-shui/,200,True,,,https://roomfeng.win/zh/blog/entryway-door-safety-chain-cleaning-feng-shui/,True,4,zh,Blog,UNKNOWN (supplied aggregate only),KEEP_INDEXABLE,current HTTP/robots eligibility; quality and search indexing separate
roomfeng.win,https://roomfeng.win/zh/blog/entryway-door-strike-plate-cleaning-feng-shui/,200,True,,,https://roomfeng.win/zh/blog/entryway-door-strike-plate-cleaning-feng-shui/,True,5,zh,Blog,UNKNOWN (supplied aggregate only),KEEP_INDEXABLE,current HTTP/robots eligibility; quality and search indexing separate
roomfeng.win,https://roomfeng.win/zh/blog/entryway-door-sweep-cleaning-feng-shui/,200,True,,,https://roomfeng.win/zh/blog/entryway-door-sweep-cleaning-feng-shui/,True,5,zh,Blog,UNKNOWN (supplied aggregate only),KEEP_INDEXABLE,current HTTP/robots eligibility; quality and search indexing separate
roomfeng.win,https://roomfeng.win/zh/blog/entryway-door-threshold-cleaning-feng-shui/,200,True,,,https://roomfeng.win/zh/blog/entryway-door-threshold-cleaning-feng-shui/,True,7,zh,Blog,UNKNOWN (supplied aggregate only),KEEP_INDEXABLE,current HTTP/robots eligibility; quality and search indexing separate
roomfeng.win,https://roomfeng.win/zh/blog/entryway-door-threshold-corner-cleaning-feng-shui/,200,True,,,https://roomfeng.win/zh/blog/entryway-door-threshold-corner-cleaning-feng-shui/,True,4,zh,Blog,UNKNOWN (supplied aggregate only),KEEP_INDEXABLE,current HTTP/robots eligibility; quality and search indexing separate
roomfeng.win,https://roomfeng.win/zh/blog/entryway-door-threshold-seal-cleaning-feng-shui/,200,True,,,https://roomfeng.win/zh/blog/entryway-door-threshold-seal-cleaning-feng-shui/,True,9,zh,Blog,UNKNOWN (supplied aggregate only),KEEP_INDEXABLE,current HTTP/robots eligibility; quality and search indexing separate
roomfeng.win,https://roomfeng.win/zh/blog/entryway-door-weatherstrip-cleaning-feng-shui/,200,True,,,https://roomfeng.win/zh/blog/entryway-door-weatherstrip-cleaning-feng-shui/,True,4,zh,Blog,UNKNOWN (supplied aggregate only),KEEP_INDEXABLE,current HTTP/robots eligibility; quality and search indexing separate
roomfeng.win,https://roomfeng.win/zh/blog/entryway-doorbell-button-cleaning-feng-shui/,200,True,,,https://roomfeng.win/zh/blog/entryway-doorbell-button-cleaning-feng-shui/,True,5,zh,Blog,UNKNOWN (supplied aggregate only),KEEP_INDEXABLE,current HTTP/robots eligibility; quality and search indexing separate
roomfeng.win,https://roomfeng.win/zh/blog/entryway-doorbell-camera-feng-shui/,200,True,,,https://roomfeng.win/zh/blog/entryway-doorbell-camera-feng-shui/,True,7,zh,Blog,UNKNOWN (supplied aggregate only),KEEP_INDEXABLE,current HTTP/robots eligibility; quality and search indexing separate
roomfeng.win,https://roomfeng.win/zh/blog/entryway-doorbell-camera-lens-cleaning-feng-shui/,200,True,,,https://roomfeng.win/zh/blog/entryway-doorbell-camera-lens-cleaning-feng-shui/,True,3,zh,Blog,UNKNOWN (supplied aggregate only),KEEP_INDEXABLE,current HTTP/robots eligibility; quality and search indexing separate
roomfeng.win,https://roomfeng.win/zh/blog/entryway-doorframe-cleaning-feng-shui/,200,True,,,https://roomfeng.win/zh/blog/entryway-doorframe-cleaning-feng-shui/,True,9,zh,Blog,UNKNOWN (supplied aggregate only),KEEP_INDEXABLE,current HTTP/robots eligibility; quality and search indexing separate
roomfeng.win,https://roomfeng.win/zh/blog/entryway-doormat-feng-shui/,200,True,,,https://roomfeng.win/zh/blog/entryway-doormat-feng-shui/,True,12,zh,Blog,UNKNOWN (supplied aggregate only),KEEP_INDEXABLE,current HTTP/robots eligibility; quality and search indexing separate
roomfeng.win,https://roomfeng.win/zh/blog/entryway-electric-bicycle-charging-feng-shui/,200,True,,,https://roomfeng.win/zh/blog/entryway-electric-bicycle-charging-feng-shui/,True,4,zh,Blog,UNKNOWN (supplied aggregate only),KEEP_INDEXABLE,current HTTP/robots eligibility; quality and search indexing separate
roomfeng.win,https://roomfeng.win/zh/blog/entryway-emergency-bag-storage-feng-shui/,200,True,,,https://roomfeng.win/zh/blog/entryway-emergency-bag-storage-feng-shui/,True,4,zh,Blog,UNKNOWN (supplied aggregate only),KEEP_INDEXABLE,current HTTP/robots eligibility; quality and search indexing separate
roomfeng.win,https://roomfeng.win/zh/blog/entryway-fire-door-closer-cleaning-feng-shui/,200,True,,,https://roomfeng.win/zh/blog/entryway-fire-door-closer-cleaning-feng-shui/,True,3,zh,Blog,UNKNOWN (supplied aggregate only),KEEP_INDEXABLE,current HTTP/robots eligibility; quality and search indexing separate
roomfeng.win,https://roomfeng.win/zh/blog/entryway-fire-extinguisher-feng-shui/,200,True,,,https://roomfeng.win/zh/blog/entryway-fire-extinguisher-feng-shui/,True,10,zh,Blog,UNKNOWN (supplied aggregate only),KEEP_INDEXABLE,current HTTP/robots eligibility; quality and search indexing separate
roomfeng.win,https://roomfeng.win/zh/blog/entryway-hand-sanitizer-storage-feng-shui/,200,True,,,https://roomfeng.win/zh/blog/entryway-hand-sanitizer-storage-feng-shui/,True,3,zh,Blog,UNKNOWN (supplied aggregate only),KEEP_INDEXABLE,current HTTP/robots eligibility; quality and search indexing separate
roomfeng.win,https://roomfeng.win/zh/blog/entryway-hat-storage-feng-shui/,200,True,,,https://roomfeng.win/zh/blog/entryway-hat-storage-feng-shui/,True,3,zh,Blog,UNKNOWN (supplied aggregate only),KEEP_INDEXABLE,current HTTP/robots eligibility; quality and search indexing separate
roomfeng.win,https://roomfeng.win/zh/blog/entryway-helmet-storage-feng-shui/,200,True,,,https://roomfeng.win/zh/blog/entryway-helmet-storage-feng-shui/,True,3,zh,Blog,UNKNOWN (supplied aggregate only),KEEP_INDEXABLE,current HTTP/robots eligibility; quality and search indexing separate
roomfeng.win,https://roomfeng.win/zh/blog/entryway-intercom-button-cleaning-feng-shui/,200,True,,,https://roomfeng.win/zh/blog/entryway-intercom-button-cleaning-feng-shui/,True,3,zh,Blog,UNKNOWN (supplied aggregate only),KEEP_INDEXABLE,current HTTP/robots eligibility; quality and search indexing separate
roomfeng.win,https://roomfeng.win/zh/blog/entryway-key-tray-cleaning-feng-shui/,200,True,,,https://roomfeng.win/zh/blog/entryway-key-tray-cleaning-feng-shui/,True,3,zh,Blog,UNKNOWN (supplied aggregate only),KEEP_INDEXABLE,current HTTP/robots eligibility; quality and search indexing separate
roomfeng.win,https://roomfeng.win/zh/blog/entryway-key-tray-feng-shui/,200,True,,,https://roomfeng.win/zh/blog/entryway-key-tray-feng-shui/,True,8,zh,Blog,UNKNOWN (supplied aggregate only),KEEP_INDEXABLE,current HTTP/robots eligibility; quality and search indexing separate
roomfeng.win,https://roomfeng.win/zh/blog/entryway-light-switch-cleaning-feng-shui/,200,True,,,https://roomfeng.win/zh/blog/entryway-light-switch-cleaning-feng-shui/,True,4,zh,Blog,UNKNOWN (supplied aggregate only),KEEP_INDEXABLE,current HTTP/robots eligibility; quality and search indexing separate
roomfeng.win,https://roomfeng.win/zh/blog/entryway-luggage-storage-feng-shui/,200,True,,,https://roomfeng.win/zh/blog/entryway-luggage-storage-feng-shui/,True,4,zh,Blog,UNKNOWN (supplied aggregate only),KEEP_INDEXABLE,current HTTP/robots eligibility; quality and search indexing separate
roomfeng.win,https://roomfeng.win/zh/blog/entryway-mail-sorting-feng-shui/,200,True,,,https://roomfeng.win/zh/blog/entryway-mail-sorting-feng-shui/,True,4,zh,Blog,UNKNOWN (supplied aggregate only),KEEP_INDEXABLE,current HTTP/robots eligibility; quality and search indexing separate
roomfeng.win,https://roomfeng.win/zh/blog/entryway-mirror-feng-shui/,200,True,,,https://roomfeng.win/zh/blog/entryway-mirror-feng-shui/,True,9,zh,Blog,UNKNOWN (supplied aggregate only),KEEP_INDEXABLE,current HTTP/robots eligibility; quality and search indexing separate
roomfeng.win,https://roomfeng.win/zh/blog/entryway-package-drop-zone-feng-shui/,200,True,,,https://roomfeng.win/zh/blog/entryway-package-drop-zone-feng-shui/,True,15,zh,Blog,UNKNOWN (supplied aggregate only),KEEP_INDEXABLE,current HTTP/robots eligibility; quality and search indexing separate
roomfeng.win,https://roomfeng.win/zh/blog/entryway-pet-leash-feng-shui/,200,True,,,https://roomfeng.win/zh/blog/entryway-pet-leash-feng-shui/,True,3,zh,Blog,UNKNOWN (supplied aggregate only),KEEP_INDEXABLE,current HTTP/robots eligibility; quality and search indexing separate
roomfeng.win,https://roomfeng.win/zh/blog/entryway-raincoat-drying-feng-shui/,200,True,,,https://roomfeng.win/zh/blog/entryway-raincoat-drying-feng-shui/,True,4,zh,Blog,UNKNOWN (supplied aggregate only),KEEP_INDEXABLE,current HTTP/robots eligibility; quality and search indexing separate
roomfeng.win,https://roomfeng.win/zh/blog/entryway-raincoat-storage-feng-shui/,200,True,,,https://roomfeng.win/zh/blog/entryway-raincoat-storage-feng-shui/,True,5,zh,Blog,UNKNOWN (supplied aggregate only),KEEP_INDEXABLE,current HTTP/robots eligibility; quality and search indexing separate
roomfeng.win,https://roomfeng.win/zh/blog/entryway-recycling-station-feng-shui/,200,True,,,https://roomfeng.win/zh/blog/entryway-recycling-station-feng-shui/,True,4,zh,Blog,UNKNOWN (supplied aggregate only),KEEP_INDEXABLE,current HTTP/robots eligibility; quality and search indexing separate
roomfeng.win,https://roomfeng.win/zh/blog/entryway-robot-vacuum-feng-shui/,200,True,,,https://roomfeng.win/zh/blog/entryway-robot-vacuum-feng-shui/,True,6,zh,Blog,UNKNOWN (supplied aggregate only),KEEP_INDEXABLE,current HTTP/robots eligibility; quality and search indexing separate
roomfeng.win,https://roomfeng.win/zh/blog/entryway-schoolbag-storage-feng-shui/,200,True,,,https://roomfeng.win/zh/blog/entryway-schoolbag-storage-feng-shui/,True,3,zh,Blog,UNKNOWN (supplied aggregate only),KEEP_INDEXABLE,current HTTP/robots eligibility; quality and search indexing separate
roomfeng.win,https://roomfeng.win/zh/blog/entryway-screen-feng-shui/,200,True,,,https://roomfeng.win/zh/blog/entryway-screen-feng-shui/,True,5,zh,Blog,UNKNOWN (supplied aggregate only),KEEP_INDEXABLE,current HTTP/robots eligibility; quality and search indexing separate
roomfeng.win,https://roomfeng.win/zh/blog/entryway-shoe-cabinet-cleaning-feng-shui/,200,True,,,https://roomfeng.win/zh/blog/entryway-shoe-cabinet-cleaning-feng-shui/,True,10,zh,Blog,UNKNOWN (supplied aggregate only),KEEP_INDEXABLE,current HTTP/robots eligibility; quality and search indexing separate
roomfeng.win,https://roomfeng.win/zh/blog/entryway-shoe-cabinet-door-panel-cleaning-feng-shui/,200,True,,,https://roomfeng.win/zh/blog/entryway-shoe-cabinet-door-panel-cleaning-feng-shui/,True,4,zh,Blog,UNKNOWN (supplied aggregate only),KEEP_INDEXABLE,current HTTP/robots eligibility; quality and search indexing separate
roomfeng.win,https://roomfeng.win/zh/blog/entryway-shoe-cabinet-doorway-clearance-feng-shui/,200,True,,,https://roomfeng.win/zh/blog/entryway-shoe-cabinet-doorway-clearance-feng-shui/,True,4,zh,Blog,UNKNOWN (supplied aggregate only),KEEP_INDEXABLE,current HTTP/robots eligibility; quality and search indexing separate
roomfeng.win,https://roomfeng.win/zh/blog/entryway-shoe-cabinet-hinge-cleaning-feng-shui/,200,True,,,https://roomfeng.win/zh/blog/entryway-shoe-cabinet-hinge-cleaning-feng-shui/,True,5,zh,Blog,UNKNOWN (supplied aggregate only),KEEP_INDEXABLE,current HTTP/robots eligibility; quality and search indexing separate
roomfeng.win,https://roomfeng.win/zh/blog/entryway-shoe-cabinet-shelf-cleaning-feng-shui/,200,True,,,https://roomfeng.win/zh/blog/entryway-shoe-cabinet-shelf-cleaning-feng-shui/,True,6,zh,Blog,UNKNOWN (supplied aggregate only),KEEP_INDEXABLE,current HTTP/robots eligibility; quality and search indexing separate
roomfeng.win,https://roomfeng.win/zh/blog/entryway-shoe-cabinet-ventilation-feng-shui/,200,True,,,https://roomfeng.win/zh/blog/entryway-shoe-cabinet-ventilation-feng-shui/,True,7,zh,Blog,UNKNOWN (supplied aggregate only),KEEP_INDEXABLE,current HTTP/robots eligibility; quality and search indexing separate
roomfeng.win,https://roomfeng.win/zh/blog/entryway-shoe-rack-cleaning-feng-shui/,200,True,,,https://roomfeng.win/zh/blog/entryway-shoe-rack-cleaning-feng-shui/,True,3,zh,Blog,UNKNOWN (supplied aggregate only),KEEP_INDEXABLE,current HTTP/robots eligibility; quality and search indexing separate
roomfeng.win,https://roomfeng.win/zh/blog/entryway-shoe-rack-dust-feng-shui/,200,True,,,https://roomfeng.win/zh/blog/entryway-shoe-rack-dust-feng-shui/,True,7,zh,Blog,UNKNOWN (supplied aggregate only),KEEP_INDEXABLE,current HTTP/robots eligibility; quality and search indexing separate
roomfeng.win,https://roomfeng.win/zh/blog/entryway-shoe-tray-cleaning-feng-shui/,200,True,,,https://roomfeng.win/zh/blog/entryway-shoe-tray-cleaning-feng-shui/,True,5,zh,Blog,UNKNOWN (supplied aggregate only),KEEP_INDEXABLE,current HTTP/robots eligibility; quality and search indexing separate
roomfeng.win,https://roomfeng.win/zh/blog/entryway-shoehorn-storage-feng-shui/,200,True,,,https://roomfeng.win/zh/blog/entryway-shoehorn-storage-feng-shui/,True,3,zh,Blog,UNKNOWN (supplied aggregate only),KEEP_INDEXABLE,current HTTP/robots eligibility; quality and search indexing separate
roomfeng.win,https://roomfeng.win/zh/blog/entryway-stroller-feng-shui/,200,True,,,https://roomfeng.win/zh/blog/entryway-stroller-feng-shui/,True,4,zh,Blog,UNKNOWN (supplied aggregate only),KEEP_INDEXABLE,current HTTP/robots eligibility; quality and search indexing separate
roomfeng.win,https://roomfeng.win/zh/blog/entryway-umbrella-drip-tray-cleaning-feng-shui/,200,True,,,https://roomfeng.win/zh/blog/entryway-umbrella-drip-tray-cleaning-feng-shui/,True,5,zh,Blog,UNKNOWN (supplied aggregate only),KEEP_INDEXABLE,current HTTP/robots eligibility; quality and search indexing separate
roomfeng.win,https://roomfeng.win/zh/blog/entryway-umbrella-stand-cleaning-feng-shui/,200,True,,,https://roomfeng.win/zh/blog/entryway-umbrella-stand-cleaning-feng-shui/,True,4,zh,Blog,UNKNOWN (supplied aggregate only),KEEP_INDEXABLE,current HTTP/robots eligibility; quality and search indexing separate
roomfeng.win,https://roomfeng.win/zh/blog/entryway-umbrella-stand-drip-cleaning-feng-shui/,200,True,,,https://roomfeng.win/zh/blog/entryway-umbrella-stand-drip-cleaning-feng-shui/,True,3,zh,Blog,UNKNOWN (supplied aggregate only),KEEP_INDEXABLE,current HTTP/robots eligibility; quality and search indexing separate
roomfeng.win,https://roomfeng.win/zh/blog/entryway-umbrella-stand-feng-shui/,200,True,,,https://roomfeng.win/zh/blog/entryway-umbrella-stand-feng-shui/,True,5,zh,Blog,UNKNOWN (supplied aggregate only),KEEP_INDEXABLE,current HTTP/robots eligibility; quality and search indexing separate
roomfeng.win,https://roomfeng.win/zh/blog/entryway-umbrella-storage-feng-shui/,200,True,,,https://roomfeng.win/zh/blog/entryway-umbrella-storage-feng-shui/,True,3,zh,Blog,UNKNOWN (supplied aggregate only),KEEP_INDEXABLE,current HTTP/robots eligibility; quality and search indexing separate
roomfeng.win,https://roomfeng.win/zh/blog/entryway-vacuum-cleaner-filter-cleaning-feng-shui/,200,True,,,https://roomfeng.win/zh/blog/entryway-vacuum-cleaner-filter-cleaning-feng-shui/,True,3,zh,Blog,UNKNOWN (supplied aggregate only),KEEP_INDEXABLE,current HTTP/robots eligibility; quality and search indexing separate
roomfeng.win,https://roomfeng.win/zh/blog/entryway-walker-storage-feng-shui/,200,True,,,https://roomfeng.win/zh/blog/entryway-walker-storage-feng-shui/,True,3,zh,Blog,UNKNOWN (supplied aggregate only),KEEP_INDEXABLE,current HTTP/robots eligibility; quality and search indexing separate
roomfeng.win,https://roomfeng.win/zh/blog/entryway-walking-cane-storage-feng-shui/,200,True,,,https://roomfeng.win/zh/blog/entryway-walking-cane-storage-feng-shui/,True,5,zh,Blog,UNKNOWN (supplied aggregate only),KEEP_INDEXABLE,current HTTP/robots eligibility; quality and search indexing separate
roomfeng.win,https://roomfeng.win/zh/blog/entryway-wet-shoes-drying-feng-shui/,200,True,,,https://roomfeng.win/zh/blog/entryway-wet-shoes-drying-feng-shui/,True,5,zh,Blog,UNKNOWN (supplied aggregate only),KEEP_INDEXABLE,current HTTP/robots eligibility; quality and search indexing separate
roomfeng.win,https://roomfeng.win/zh/blog/entryway-wet-shoes-feng-shui/,200,True,,,https://roomfeng.win/zh/blog/entryway-wet-shoes-feng-shui/,True,19,zh,Blog,UNKNOWN (supplied aggregate only),KEEP_INDEXABLE,current HTTP/robots eligibility; quality and search indexing separate
roomfeng.win,https://roomfeng.win/zh/blog/feng-shui-bedroom-plant-placement/,200,True,,,https://roomfeng.win/zh/blog/feng-shui-bedroom-plant-placement/,True,7,zh,Blog,UNKNOWN (supplied aggregate only),KEEP_INDEXABLE,current HTTP/robots eligibility; quality and search indexing separate
roomfeng.win,https://roomfeng.win/zh/blog/feng-shui-entry-bedroom-doorway/,200,True,,,https://roomfeng.win/zh/blog/feng-shui-entry-bedroom-doorway/,True,10,zh,Blog,UNKNOWN (supplied aggregate only),KEEP_INDEXABLE,current HTTP/robots eligibility; quality and search indexing separate
roomfeng.win,https://roomfeng.win/zh/blog/feng-shui-terms-glossary/,200,True,,,https://roomfeng.win/zh/blog/feng-shui-terms-glossary/,True,4,zh,Blog,UNKNOWN (supplied aggregate only),KEEP_INDEXABLE,current HTTP/robots eligibility; quality and search indexing separate
roomfeng.win,https://roomfeng.win/zh/blog/five-ping-bedroom-floor-plan-feng-shui/,200,True,,,https://roomfeng.win/zh/blog/five-ping-bedroom-floor-plan-feng-shui/,True,3,zh,Blog,UNKNOWN (supplied aggregate only),KEEP_INDEXABLE,current HTTP/robots eligibility; quality and search indexing separate
roomfeng.win,https://roomfeng.win/zh/blog/floor-mattress-feng-shui/,200,True,,,https://roomfeng.win/zh/blog/floor-mattress-feng-shui/,True,4,zh,Blog,UNKNOWN (supplied aggregate only),KEEP_INDEXABLE,current HTTP/robots eligibility; quality and search indexing separate
roomfeng.win,https://roomfeng.win/zh/blog/home-office-bedroom-layout/,200,True,,,https://roomfeng.win/zh/blog/home-office-bedroom-layout/,True,9,zh,Blog,UNKNOWN (supplied aggregate only),KEEP_INDEXABLE,current HTTP/robots eligibility; quality and search indexing separate
roomfeng.win,https://roomfeng.win/zh/blog/home-office-cable-management-feng-shui/,200,True,,,https://roomfeng.win/zh/blog/home-office-cable-management-feng-shui/,True,11,zh,Blog,UNKNOWN (supplied aggregate only),KEEP_INDEXABLE,current HTTP/robots eligibility; quality and search indexing separate
roomfeng.win,https://roomfeng.win/zh/blog/home-office-desk-cable-cleaning-feng-shui/,200,True,,,https://roomfeng.win/zh/blog/home-office-desk-cable-cleaning-feng-shui/,True,6,zh,Blog,UNKNOWN (supplied aggregate only),KEEP_INDEXABLE,current HTTP/robots eligibility; quality and search indexing separate
roomfeng.win,https://roomfeng.win/zh/blog/home-office-desk-chair-armrest-cleaning-feng-shui/,200,True,,,https://roomfeng.win/zh/blog/home-office-desk-chair-armrest-cleaning-feng-shui/,True,3,zh,Blog,UNKNOWN (supplied aggregate only),KEEP_INDEXABLE,current HTTP/robots eligibility; quality and search indexing separate
roomfeng.win,https://roomfeng.win/zh/blog/home-office-desk-chair-back-wall-clearance-feng-shui/,200,True,,,https://roomfeng.win/zh/blog/home-office-desk-chair-back-wall-clearance-feng-shui/,True,8,zh,Blog,UNKNOWN (supplied aggregate only),KEEP_INDEXABLE,current HTTP/robots eligibility; quality and search indexing separate
roomfeng.win,https://roomfeng.win/zh/blog/home-office-desk-chair-caster-cleaning-feng-shui/,200,True,,,https://roomfeng.win/zh/blog/home-office-desk-chair-caster-cleaning-feng-shui/,True,4,zh,Blog,UNKNOWN (supplied aggregate only),KEEP_INDEXABLE,current HTTP/robots eligibility; quality and search indexing separate
roomfeng.win,https://roomfeng.win/zh/blog/home-office-desk-document-holder-viewing-distance-feng-shui/,200,True,,,https://roomfeng.win/zh/blog/home-office-desk-document-holder-viewing-distance-feng-shui/,True,7,zh,Blog,UNKNOWN (supplied aggregate only),KEEP_INDEXABLE,current HTTP/robots eligibility; quality and search indexing separate
roomfeng.win,https://roomfeng.win/zh/blog/home-office-desk-doorway-clearance-feng-shui/,200,True,,,https://roomfeng.win/zh/blog/home-office-desk-doorway-clearance-feng-shui/,True,11,zh,Blog,UNKNOWN (supplied aggregate only),KEEP_INDEXABLE,current HTTP/robots eligibility; quality and search indexing separate
roomfeng.win,https://roomfeng.win/zh/blog/home-office-desk-doorway-sound-privacy-feng-shui/,200,True,,,https://roomfeng.win/zh/blog/home-office-desk-doorway-sound-privacy-feng-shui/,True,9,zh,Blog,UNKNOWN (supplied aggregate only),KEEP_INDEXABLE,current HTTP/robots eligibility; quality and search indexing separate
roomfeng.win,https://roomfeng.win/zh/blog/home-office-desk-drawer-cleaning-feng-shui/,200,True,,,https://roomfeng.win/zh/blog/home-office-desk-drawer-cleaning-feng-shui/,True,4,zh,Blog,UNKNOWN (supplied aggregate only),KEEP_INDEXABLE,current HTTP/robots eligibility; quality and search indexing separate
roomfeng.win,https://roomfeng.win/zh/blog/home-office-desk-facing-door-bedroom-work-sleep-zone-feng-shui/,200,True,,,https://roomfeng.win/zh/blog/home-office-desk-facing-door-bedroom-work-sleep-zone-feng-shui/,True,6,zh,Blog,UNKNOWN (supplied aggregate only),KEEP_INDEXABLE,current HTTP/robots eligibility; quality and search indexing separate
roomfeng.win,https://roomfeng.win/zh/blog/home-office-desk-facing-door-behind-chair-walkway-feng-shui/,200,True,,,https://roomfeng.win/zh/blog/home-office-desk-facing-door-behind-chair-walkway-feng-shui/,True,10,zh,Blog,UNKNOWN (supplied aggregate only),KEEP_INDEXABLE,current HTTP/robots eligibility; quality and search indexing separate
roomfeng.win,https://roomfeng.win/zh/blog/home-office-desk-facing-door-cable-channel-feng-shui/,200,True,,,https://roomfeng.win/zh/blog/home-office-desk-facing-door-cable-channel-feng-shui/,True,6,zh,Blog,UNKNOWN (supplied aggregate only),KEEP_INDEXABLE,current HTTP/robots eligibility; quality and search indexing separate
roomfeng.win,https://roomfeng.win/zh/blog/home-office-desk-facing-door-chair-angle-feng-shui/,200,True,,,https://roomfeng.win/zh/blog/home-office-desk-facing-door-chair-angle-feng-shui/,True,3,zh,Blog,UNKNOWN (supplied aggregate only),KEEP_INDEXABLE,current HTTP/robots eligibility; quality and search indexing separate
roomfeng.win,https://roomfeng.win/zh/blog/home-office-desk-facing-door-chair-turning-feng-shui/,200,True,,,https://roomfeng.win/zh/blog/home-office-desk-facing-door-chair-turning-feng-shui/,True,10,zh,Blog,UNKNOWN (supplied aggregate only),KEEP_INDEXABLE,current HTTP/robots eligibility; quality and search indexing separate
roomfeng.win,https://roomfeng.win/zh/blog/home-office-desk-facing-door-chair-wheel-drift-feng-shui/,200,True,,,https://roomfeng.win/zh/blog/home-office-desk-facing-door-chair-wheel-drift-feng-shui/,True,5,zh,Blog,UNKNOWN (supplied aggregate only),KEEP_INDEXABLE,current HTTP/robots eligibility; quality and search indexing separate
roomfeng.win,https://roomfeng.win/zh/blog/home-office-desk-facing-door-compact-monitor-view-feng-shui/,200,True,,,https://roomfeng.win/zh/blog/home-office-desk-facing-door-compact-monitor-view-feng-shui/,True,4,zh,Blog,UNKNOWN (supplied aggregate only),KEEP_INDEXABLE,current HTTP/robots eligibility; quality and search indexing separate
roomfeng.win,https://roomfeng.win/zh/blog/home-office-desk-facing-door-conversation-privacy-feng-shui/,200,True,,,https://roomfeng.win/zh/blog/home-office-desk-facing-door-conversation-privacy-feng-shui/,True,3,zh,Blog,UNKNOWN (supplied aggregate only),KEEP_INDEXABLE,current HTTP/robots eligibility; quality and search indexing separate
roomfeng.win,https://roomfeng.win/zh/blog/home-office-desk-facing-door-corner-turning-feng-shui/,200,True,,,https://roomfeng.win/zh/blog/home-office-desk-facing-door-corner-turning-feng-shui/,True,4,zh,Blog,UNKNOWN (supplied aggregate only),KEEP_INDEXABLE,current HTTP/robots eligibility; quality and search indexing separate
roomfeng.win,https://roomfeng.win/zh/blog/home-office-desk-facing-door-desk-mat-feng-shui/,200,True,,,https://roomfeng.win/zh/blog/home-office-desk-facing-door-desk-mat-feng-shui/,True,4,zh,Blog,UNKNOWN (supplied aggregate only),KEEP_INDEXABLE,current HTTP/robots eligibility; quality and search indexing separate
roomfeng.win,https://roomfeng.win/zh/blog/home-office-desk-facing-door-document-privacy-reset-feng-shui/,200,True,,,https://roomfeng.win/zh/blog/home-office-desk-facing-door-document-privacy-reset-feng-shui/,True,3,zh,Blog,UNKNOWN (supplied aggregate only),KEEP_INDEXABLE,current HTTP/robots eligibility; quality and search indexing separate
roomfeng.win,https://roomfeng.win/zh/blog/home-office-desk-facing-door-document-tray-privacy-feng-shui/,200,True,,,https://roomfeng.win/zh/blog/home-office-desk-facing-door-document-tray-privacy-feng-shui/,True,7,zh,Blog,UNKNOWN (supplied aggregate only),KEEP_INDEXABLE,current HTTP/robots eligibility; quality and search indexing separate
roomfeng.win,https://roomfeng.win/zh/blog/home-office-desk-facing-door-door-swing-clearance-feng-shui/,200,True,,,https://roomfeng.win/zh/blog/home-office-desk-facing-door-door-swing-clearance-feng-shui/,True,17,zh,Blog,UNKNOWN (supplied aggregate only),KEEP_INDEXABLE,current HTTP/robots eligibility; quality and search indexing separate
roomfeng.win,https://roomfeng.win/zh/blog/home-office-desk-facing-door-doorway-quiet-hours-feng-shui/,200,True,,,https://roomfeng.win/zh/blog/home-office-desk-facing-door-doorway-quiet-hours-feng-shui/,True,3,zh,Blog,UNKNOWN (supplied aggregate only),KEEP_INDEXABLE,current HTTP/robots eligibility; quality and search indexing separate
roomfeng.win,https://roomfeng.win/zh/blog/home-office-desk-facing-door-drawer-clearance-feng-shui/,200,True,,,https://roomfeng.win/zh/blog/home-office-desk-facing-door-drawer-clearance-feng-shui/,True,7,zh,Blog,UNKNOWN (supplied aggregate only),KEEP_INDEXABLE,current HTTP/robots eligibility; quality and search indexing separate
roomfeng.win,https://roomfeng.win/zh/blog/home-office-desk-facing-door-end-of-day-reset-feng-shui/,200,True,,,https://roomfeng.win/zh/blog/home-office-desk-facing-door-end-of-day-reset-feng-shui/,True,8,zh,Blog,UNKNOWN (supplied aggregate only),KEEP_INDEXABLE,current HTTP/robots eligibility; quality and search indexing separate
roomfeng.win,https://roomfeng.win/zh/blog/home-office-desk-facing-door-evening-light-glare-feng-shui/,200,True,,,https://roomfeng.win/zh/blog/home-office-desk-facing-door-evening-light-glare-feng-shui/,True,5,zh,Blog,UNKNOWN (supplied aggregate only),KEEP_INDEXABLE,current HTTP/robots eligibility; quality and search indexing separate
roomfeng.win,https://roomfeng.win/zh/blog/home-office-desk-facing-door-floor-cable-boundary-feng-shui/,200,True,,,https://roomfeng.win/zh/blog/home-office-desk-facing-door-floor-cable-boundary-feng-shui/,True,5,zh,Blog,UNKNOWN (supplied aggregate only),KEEP_INDEXABLE,current HTTP/robots eligibility; quality and search indexing separate
roomfeng.win,https://roomfeng.win/zh/blog/home-office-desk-facing-door-folding-desk-rental-feng-shui/,200,True,,,https://roomfeng.win/zh/blog/home-office-desk-facing-door-folding-desk-rental-feng-shui/,True,4,zh,Blog,UNKNOWN (supplied aggregate only),KEEP_INDEXABLE,current HTTP/robots eligibility; quality and search indexing separate
roomfeng.win,https://roomfeng.win/zh/blog/home-office-desk-facing-door-footrest-feng-shui/,200,True,,,https://roomfeng.win/zh/blog/home-office-desk-facing-door-footrest-feng-shui/,True,6,zh,Blog,UNKNOWN (supplied aggregate only),KEEP_INDEXABLE,current HTTP/robots eligibility; quality and search indexing separate
roomfeng.win,https://roomfeng.win/zh/blog/home-office-desk-facing-door-headphone-stand-feng-shui/,200,True,,,https://roomfeng.win/zh/blog/home-office-desk-facing-door-headphone-stand-feng-shui/,True,3,zh,Blog,UNKNOWN (supplied aggregate only),KEEP_INDEXABLE,current HTTP/robots eligibility; quality and search indexing separate
roomfeng.win,https://roomfeng.win/zh/blog/home-office-desk-facing-door-headset-cable-feng-shui/,200,True,,,https://roomfeng.win/zh/blog/home-office-desk-facing-door-headset-cable-feng-shui/,True,8,zh,Blog,UNKNOWN (supplied aggregate only),KEEP_INDEXABLE,current HTTP/robots eligibility; quality and search indexing separate
roomfeng.win,https://roomfeng.win/zh/blog/home-office-desk-facing-door-keyboard-distance-feng-shui/,200,True,,,https://roomfeng.win/zh/blog/home-office-desk-facing-door-keyboard-distance-feng-shui/,True,8,zh,Blog,UNKNOWN (supplied aggregate only),KEEP_INDEXABLE,current HTTP/robots eligibility; quality and search indexing separate
roomfeng.win,https://roomfeng.win/zh/blog/home-office-desk-facing-door-laptop-stand-feng-shui/,200,True,,,https://roomfeng.win/zh/blog/home-office-desk-facing-door-laptop-stand-feng-shui/,True,4,zh,Blog,UNKNOWN (supplied aggregate only),KEEP_INDEXABLE,current HTTP/robots eligibility; quality and search indexing separate
roomfeng.win,https://roomfeng.win/zh/blog/home-office-desk-facing-door-monitor-height-feng-shui/,200,True,,,https://roomfeng.win/zh/blog/home-office-desk-facing-door-monitor-height-feng-shui/,True,9,zh,Blog,UNKNOWN (supplied aggregate only),KEEP_INDEXABLE,current HTTP/robots eligibility; quality and search indexing separate
roomfeng.win,https://roomfeng.win/zh/blog/home-office-desk-facing-door-monitor-privacy-feng-shui/,200,True,,,https://roomfeng.win/zh/blog/home-office-desk-facing-door-monitor-privacy-feng-shui/,True,12,zh,Blog,UNKNOWN (supplied aggregate only),KEEP_INDEXABLE,current HTTP/robots eligibility; quality and search indexing separate
roomfeng.win,https://roomfeng.win/zh/blog/home-office-desk-facing-door-mouse-placement-feng-shui/,200,True,,,https://roomfeng.win/zh/blog/home-office-desk-facing-door-mouse-placement-feng-shui/,True,7,zh,Blog,UNKNOWN (supplied aggregate only),KEEP_INDEXABLE,current HTTP/robots eligibility; quality and search indexing separate
roomfeng.win,https://roomfeng.win/zh/blog/home-office-desk-facing-door-notebook-position-feng-shui/,200,True,,,https://roomfeng.win/zh/blog/home-office-desk-facing-door-notebook-position-feng-shui/,True,5,zh,Blog,UNKNOWN (supplied aggregate only),KEEP_INDEXABLE,current HTTP/robots eligibility; quality and search indexing separate
roomfeng.win,https://roomfeng.win/zh/blog/home-office-desk-facing-door-notice-board-privacy-feng-shui/,200,True,,,https://roomfeng.win/zh/blog/home-office-desk-facing-door-notice-board-privacy-feng-shui/,True,5,zh,Blog,UNKNOWN (supplied aggregate only),KEEP_INDEXABLE,current HTTP/robots eligibility; quality and search indexing separate
roomfeng.win,https://roomfeng.win/zh/blog/home-office-desk-facing-door-pen-cup-feng-shui/,200,True,,,https://roomfeng.win/zh/blog/home-office-desk-facing-door-pen-cup-feng-shui/,True,3,zh,Blog,UNKNOWN (supplied aggregate only),KEEP_INDEXABLE,current HTTP/robots eligibility; quality and search indexing separate
roomfeng.win,https://roomfeng.win/zh/blog/home-office-desk-facing-door-phone-call-privacy-feng-shui/,200,True,,,https://roomfeng.win/zh/blog/home-office-desk-facing-door-phone-call-privacy-feng-shui/,True,9,zh,Blog,UNKNOWN (supplied aggregate only),KEEP_INDEXABLE,current HTTP/robots eligibility; quality and search indexing separate
roomfeng.win,https://roomfeng.win/zh/blog/home-office-desk-facing-door-phone-stand-feng-shui/,200,True,,,https://roomfeng.win/zh/blog/home-office-desk-facing-door-phone-stand-feng-shui/,True,7,zh,Blog,UNKNOWN (supplied aggregate only),KEEP_INDEXABLE,current HTTP/robots eligibility; quality and search indexing separate
roomfeng.win,https://roomfeng.win/zh/blog/home-office-desk-facing-door-printer-paper-tray-feng-shui/,200,True,,,https://roomfeng.win/zh/blog/home-office-desk-facing-door-printer-paper-tray-feng-shui/,True,5,zh,Blog,UNKNOWN (supplied aggregate only),KEEP_INDEXABLE,current HTTP/robots eligibility; quality and search indexing separate
roomfeng.win,https://roomfeng.win/zh/blog/home-office-desk-facing-door-rental-no-drill-privacy-feng-shui/,200,True,,,https://roomfeng.win/zh/blog/home-office-desk-facing-door-rental-no-drill-privacy-feng-shui/,True,9,zh,Blog,UNKNOWN (supplied aggregate only),KEEP_INDEXABLE,current HTTP/robots eligibility; quality and search indexing separate
roomfeng.win,https://roomfeng.win/zh/blog/home-office-desk-facing-door-renter-measurement-reset-feng-shui/,200,True,,,https://roomfeng.win/zh/blog/home-office-desk-facing-door-renter-measurement-reset-feng-shui/,True,4,zh,Blog,UNKNOWN (supplied aggregate only),KEEP_INDEXABLE,current HTTP/robots eligibility; quality and search indexing separate
roomfeng.win,https://roomfeng.win/zh/blog/home-office-desk-facing-door-shared-bedroom-door-path-feng-shui/,200,True,,,https://roomfeng.win/zh/blog/home-office-desk-facing-door-shared-bedroom-door-path-feng-shui/,True,3,zh,Blog,UNKNOWN (supplied aggregate only),KEEP_INDEXABLE,current HTTP/robots eligibility; quality and search indexing separate
roomfeng.win,https://roomfeng.win/zh/blog/home-office-desk-facing-door-shared-calendar-feng-shui/,200,True,,,https://roomfeng.win/zh/blog/home-office-desk-facing-door-shared-calendar-feng-shui/,True,4,zh,Blog,UNKNOWN (supplied aggregate only),KEEP_INDEXABLE,current HTTP/robots eligibility; quality and search indexing separate
roomfeng.win,https://roomfeng.win/zh/blog/home-office-desk-facing-door-shared-home-interruption-rules-feng-shui/,200,True,,,https://roomfeng.win/zh/blog/home-office-desk-facing-door-shared-home-interruption-rules-feng-shui/,True,12,zh,Blog,UNKNOWN (supplied aggregate only),KEEP_INDEXABLE,current HTTP/robots eligibility; quality and search indexing separate
roomfeng.win,https://roomfeng.win/zh/blog/home-office-desk-facing-door-stationery-organizer-feng-shui/,200,True,,,https://roomfeng.win/zh/blog/home-office-desk-facing-door-stationery-organizer-feng-shui/,True,5,zh,Blog,UNKNOWN (supplied aggregate only),KEEP_INDEXABLE,current HTTP/robots eligibility; quality and search indexing separate
roomfeng.win,https://roomfeng.win/zh/blog/home-office-desk-facing-door-task-light-feng-shui/,200,True,,,https://roomfeng.win/zh/blog/home-office-desk-facing-door-task-light-feng-shui/,True,7,zh,Blog,UNKNOWN (supplied aggregate only),KEEP_INDEXABLE,current HTTP/robots eligibility; quality and search indexing separate
roomfeng.win,https://roomfeng.win/zh/blog/home-office-desk-facing-door-visibility-feng-shui/,200,True,,,https://roomfeng.win/zh/blog/home-office-desk-facing-door-visibility-feng-shui/,True,15,zh,Blog,UNKNOWN (supplied aggregate only),KEEP_INDEXABLE,current HTTP/robots eligibility; quality and search indexing separate
roomfeng.win,https://roomfeng.win/zh/blog/home-office-desk-facing-door-visitor-standing-zone-feng-shui/,200,True,,,https://roomfeng.win/zh/blog/home-office-desk-facing-door-visitor-standing-zone-feng-shui/,True,5,zh,Blog,UNKNOWN (supplied aggregate only),KEEP_INDEXABLE,current HTTP/robots eligibility; quality and search indexing separate
roomfeng.win,https://roomfeng.win/zh/blog/home-office-desk-facing-door-webcam-angle-feng-shui/,200,True,,,https://roomfeng.win/zh/blog/home-office-desk-facing-door-webcam-angle-feng-shui/,True,6,zh,Blog,UNKNOWN (supplied aggregate only),KEEP_INDEXABLE,current HTTP/robots eligibility; quality and search indexing separate
roomfeng.win,https://roomfeng.win/zh/blog/home-office-desk-facing-door-window-light-balance-feng-shui/,200,True,,,https://roomfeng.win/zh/blog/home-office-desk-facing-door-window-light-balance-feng-shui/,True,7,zh,Blog,UNKNOWN (supplied aggregate only),KEEP_INDEXABLE,current HTTP/robots eligibility; quality and search indexing separate
roomfeng.win,https://roomfeng.win/zh/blog/home-office-desk-lamp-feng-shui/,200,True,,,https://roomfeng.win/zh/blog/home-office-desk-lamp-feng-shui/,True,11,zh,Blog,UNKNOWN (supplied aggregate only),KEEP_INDEXABLE,current HTTP/robots eligibility; quality and search indexing separate
roomfeng.win,https://roomfeng.win/zh/blog/home-office-desk-monitor-height-window-glare-feng-shui/,200,True,,,https://roomfeng.win/zh/blog/home-office-desk-monitor-height-window-glare-feng-shui/,True,3,zh,Blog,UNKNOWN (supplied aggregate only),KEEP_INDEXABLE,current HTTP/robots eligibility; quality and search indexing separate
roomfeng.win,https://roomfeng.win/zh/blog/home-office-desk-monitor-wall-distance-feng-shui/,200,True,,,https://roomfeng.win/zh/blog/home-office-desk-monitor-wall-distance-feng-shui/,True,11,zh,Blog,UNKNOWN (supplied aggregate only),KEEP_INDEXABLE,current HTTP/robots eligibility; quality and search indexing separate
roomfeng.win,https://roomfeng.win/zh/blog/home-office-desk-phone-headset-reach-feng-shui/,200,True,,,https://roomfeng.win/zh/blog/home-office-desk-phone-headset-reach-feng-shui/,True,3,zh,Blog,UNKNOWN (supplied aggregate only),KEEP_INDEXABLE,current HTTP/robots eligibility; quality and search indexing separate
roomfeng.win,https://roomfeng.win/zh/blog/home-office-desk-printer-paper-clearance-feng-shui/,200,True,,,https://roomfeng.win/zh/blog/home-office-desk-printer-paper-clearance-feng-shui/,True,3,zh,Blog,UNKNOWN (supplied aggregate only),KEEP_INDEXABLE,current HTTP/robots eligibility; quality and search indexing separate
roomfeng.win,https://roomfeng.win/zh/blog/home-office-desk-task-light-diffuser-feng-shui/,200,True,,,https://roomfeng.win/zh/blog/home-office-desk-task-light-diffuser-feng-shui/,True,4,zh,Blog,UNKNOWN (supplied aggregate only),KEEP_INDEXABLE,current HTTP/robots eligibility; quality and search indexing separate
roomfeng.win,https://roomfeng.win/zh/blog/home-office-desk-task-light-keyboard-shadow-feng-shui/,200,True,,,https://roomfeng.win/zh/blog/home-office-desk-task-light-keyboard-shadow-feng-shui/,True,5,zh,Blog,UNKNOWN (supplied aggregate only),KEEP_INDEXABLE,current HTTP/robots eligibility; quality and search indexing separate
roomfeng.win,https://roomfeng.win/zh/blog/home-office-desk-task-light-screen-glare-feng-shui/,200,True,,,https://roomfeng.win/zh/blog/home-office-desk-task-light-screen-glare-feng-shui/,True,10,zh,Blog,UNKNOWN (supplied aggregate only),KEEP_INDEXABLE,current HTTP/robots eligibility; quality and search indexing separate
roomfeng.win,https://roomfeng.win/zh/blog/home-office-desk-task-light-window-blinds-feng-shui/,200,True,,,https://roomfeng.win/zh/blog/home-office-desk-task-light-window-blinds-feng-shui/,True,5,zh,Blog,UNKNOWN (supplied aggregate only),KEEP_INDEXABLE,current HTTP/robots eligibility; quality and search indexing separate
roomfeng.win,https://roomfeng.win/zh/blog/home-office-desk-window-curtain-clearance-feng-shui/,200,True,,,https://roomfeng.win/zh/blog/home-office-desk-window-curtain-clearance-feng-shui/,True,5,zh,Blog,UNKNOWN (supplied aggregate only),KEEP_INDEXABLE,current HTTP/robots eligibility; quality and search indexing separate
roomfeng.win,https://roomfeng.win/zh/blog/home-office-desk-window-curtain-pulley-clearance-feng-shui/,200,True,,,https://roomfeng.win/zh/blog/home-office-desk-window-curtain-pulley-clearance-feng-shui/,True,3,zh,Blog,UNKNOWN (supplied aggregate only),KEEP_INDEXABLE,current HTTP/robots eligibility; quality and search indexing separate
roomfeng.win,https://roomfeng.win/zh/blog/home-office-desk-window-opening-clearance-feng-shui/,200,True,,,https://roomfeng.win/zh/blog/home-office-desk-window-opening-clearance-feng-shui/,True,9,zh,Blog,UNKNOWN (supplied aggregate only),KEEP_INDEXABLE,current HTTP/robots eligibility; quality and search indexing separate
roomfeng.win,https://roomfeng.win/zh/blog/home-office-desk-window-reflection-glare-feng-shui/,200,True,,,https://roomfeng.win/zh/blog/home-office-desk-window-reflection-glare-feng-shui/,True,10,zh,Blog,UNKNOWN (supplied aggregate only),KEEP_INDEXABLE,current HTTP/robots eligibility; quality and search indexing separate
roomfeng.win,https://roomfeng.win/zh/blog/home-office-document-cabinet-feng-shui/,200,True,,,https://roomfeng.win/zh/blog/home-office-document-cabinet-feng-shui/,True,3,zh,Blog,UNKNOWN (supplied aggregate only),KEEP_INDEXABLE,current HTTP/robots eligibility; quality and search indexing separate
roomfeng.win,https://roomfeng.win/zh/blog/home-office-ergonomic-chair-feng-shui/,200,True,,,https://roomfeng.win/zh/blog/home-office-ergonomic-chair-feng-shui/,True,7,zh,Blog,UNKNOWN (supplied aggregate only),KEEP_INDEXABLE,current HTTP/robots eligibility; quality and search indexing separate
roomfeng.win,https://roomfeng.win/zh/blog/home-office-headset-feng-shui/,200,True,,,https://roomfeng.win/zh/blog/home-office-headset-feng-shui/,True,3,zh,Blog,UNKNOWN (supplied aggregate only),KEEP_INDEXABLE,current HTTP/robots eligibility; quality and search indexing separate
roomfeng.win,https://roomfeng.win/zh/blog/home-office-keyboard-cleaning-feng-shui/,200,True,,,https://roomfeng.win/zh/blog/home-office-keyboard-cleaning-feng-shui/,True,3,zh,Blog,UNKNOWN (supplied aggregate only),KEEP_INDEXABLE,current HTTP/robots eligibility; quality and search indexing separate
roomfeng.win,https://roomfeng.win/zh/blog/home-office-monitor-feng-shui/,200,True,,,https://roomfeng.win/zh/blog/home-office-monitor-feng-shui/,True,13,zh,Blog,UNKNOWN (supplied aggregate only),KEEP_INDEXABLE,current HTTP/robots eligibility; quality and search indexing separate
roomfeng.win,https://roomfeng.win/zh/blog/home-office-paper-shredder-feng-shui/,200,True,,,https://roomfeng.win/zh/blog/home-office-paper-shredder-feng-shui/,True,4,zh,Blog,UNKNOWN (supplied aggregate only),KEEP_INDEXABLE,current HTTP/robots eligibility; quality and search indexing separate
roomfeng.win,https://roomfeng.win/zh/blog/home-office-power-strip-feng-shui/,200,True,,,https://roomfeng.win/zh/blog/home-office-power-strip-feng-shui/,True,5,zh,Blog,UNKNOWN (supplied aggregate only),KEEP_INDEXABLE,current HTTP/robots eligibility; quality and search indexing separate
roomfeng.win,https://roomfeng.win/zh/blog/home-office-printer-feng-shui/,200,True,,,https://roomfeng.win/zh/blog/home-office-printer-feng-shui/,True,6,zh,Blog,UNKNOWN (supplied aggregate only),KEEP_INDEXABLE,current HTTP/robots eligibility; quality and search indexing separate
roomfeng.win,https://roomfeng.win/zh/blog/home-office-standing-desk-feng-shui/,200,True,,,https://roomfeng.win/zh/blog/home-office-standing-desk-feng-shui/,True,4,zh,Blog,UNKNOWN (supplied aggregate only),KEEP_INDEXABLE,current HTTP/robots eligibility; quality and search indexing separate
roomfeng.win,https://roomfeng.win/zh/blog/home-office-webcam-feng-shui/,200,True,,,https://roomfeng.win/zh/blog/home-office-webcam-feng-shui/,True,4,zh,Blog,UNKNOWN (supplied aggregate only),KEEP_INDEXABLE,current HTTP/robots eligibility; quality and search indexing separate
roomfeng.win,https://roomfeng.win/zh/blog/home-office-window-glare-feng-shui/,200,True,,,https://roomfeng.win/zh/blog/home-office-window-glare-feng-shui/,True,7,zh,Blog,UNKNOWN (supplied aggregate only),KEEP_INDEXABLE,current HTTP/robots eligibility; quality and search indexing separate
roomfeng.win,https://roomfeng.win/zh/blog/irregular-room-feng-shui-layout/,200,True,,,https://roomfeng.win/zh/blog/irregular-room-feng-shui-layout/,True,5,zh,Blog,UNKNOWN (supplied aggregate only),KEEP_INDEXABLE,current HTTP/robots eligibility; quality and search indexing separate
roomfeng.win,https://roomfeng.win/zh/blog/kids-room-layout-safety/,200,True,,,https://roomfeng.win/zh/blog/kids-room-layout-safety/,True,12,zh,Blog,UNKNOWN (supplied aggregate only),KEEP_INDEXABLE,current HTTP/robots eligibility; quality and search indexing separate
roomfeng.win,https://roomfeng.win/zh/blog/kitchen-air-fryer-basket-cleaning-feng-shui/,200,True,,,https://roomfeng.win/zh/blog/kitchen-air-fryer-basket-cleaning-feng-shui/,True,3,zh,Blog,UNKNOWN (supplied aggregate only),KEEP_INDEXABLE,current HTTP/robots eligibility; quality and search indexing separate
roomfeng.win,https://roomfeng.win/zh/blog/kitchen-air-fryer-feng-shui/,200,True,,,https://roomfeng.win/zh/blog/kitchen-air-fryer-feng-shui/,True,7,zh,Blog,UNKNOWN (supplied aggregate only),KEEP_INDEXABLE,current HTTP/robots eligibility; quality and search indexing separate
roomfeng.win,https://roomfeng.win/zh/blog/kitchen-apron-storage-feng-shui/,200,True,,,https://roomfeng.win/zh/blog/kitchen-apron-storage-feng-shui/,True,4,zh,Blog,UNKNOWN (supplied aggregate only),KEEP_INDEXABLE,current HTTP/robots eligibility; quality and search indexing separate
roomfeng.win,https://roomfeng.win/zh/blog/kitchen-baking-station-feng-shui/,200,True,,,https://roomfeng.win/zh/blog/kitchen-baking-station-feng-shui/,True,4,zh,Blog,UNKNOWN (supplied aggregate only),KEEP_INDEXABLE,current HTTP/robots eligibility; quality and search indexing separate
roomfeng.win,https://roomfeng.win/zh/blog/kitchen-blender-blade-cleaning-feng-shui/,200,True,,,https://roomfeng.win/zh/blog/kitchen-blender-blade-cleaning-feng-shui/,True,4,zh,Blog,UNKNOWN (supplied aggregate only),KEEP_INDEXABLE,current HTTP/robots eligibility; quality and search indexing separate
roomfeng.win,https://roomfeng.win/zh/blog/kitchen-blender-feng-shui/,200,True,,,https://roomfeng.win/zh/blog/kitchen-blender-feng-shui/,True,4,zh,Blog,UNKNOWN (supplied aggregate only),KEEP_INDEXABLE,current HTTP/robots eligibility; quality and search indexing separate
roomfeng.win,https://roomfeng.win/zh/blog/kitchen-bowl-storage-feng-shui/,200,True,,,https://roomfeng.win/zh/blog/kitchen-bowl-storage-feng-shui/,True,5,zh,Blog,UNKNOWN (supplied aggregate only),KEEP_INDEXABLE,current HTTP/robots eligibility; quality and search indexing separate
roomfeng.win,https://roomfeng.win/zh/blog/kitchen-bread-box-cleaning-feng-shui/,200,True,,,https://roomfeng.win/zh/blog/kitchen-bread-box-cleaning-feng-shui/,True,5,zh,Blog,UNKNOWN (supplied aggregate only),KEEP_INDEXABLE,current HTTP/robots eligibility; quality and search indexing separate
roomfeng.win,https://roomfeng.win/zh/blog/kitchen-bread-box-feng-shui/,200,True,,,https://roomfeng.win/zh/blog/kitchen-bread-box-feng-shui/,True,4,zh,Blog,UNKNOWN (supplied aggregate only),KEEP_INDEXABLE,current HTTP/robots eligibility; quality and search indexing separate
roomfeng.win,https://roomfeng.win/zh/blog/kitchen-breakfast-nook-feng-shui/,200,True,,,https://roomfeng.win/zh/blog/kitchen-breakfast-nook-feng-shui/,True,3,zh,Blog,UNKNOWN (supplied aggregate only),KEEP_INDEXABLE,current HTTP/robots eligibility; quality and search indexing separate
roomfeng.win,https://roomfeng.win/zh/blog/kitchen-cabinet-bottom-cleaning-feng-shui/,200,True,,,https://roomfeng.win/zh/blog/kitchen-cabinet-bottom-cleaning-feng-shui/,True,4,zh,Blog,UNKNOWN (supplied aggregate only),KEEP_INDEXABLE,current HTTP/robots eligibility; quality and search indexing separate
roomfeng.win,https://roomfeng.win/zh/blog/kitchen-cabinet-door-cleaning-feng-shui/,200,True,,,https://roomfeng.win/zh/blog/kitchen-cabinet-door-cleaning-feng-shui/,True,5,zh,Blog,UNKNOWN (supplied aggregate only),KEEP_INDEXABLE,current HTTP/robots eligibility; quality and search indexing separate
roomfeng.win,https://roomfeng.win/zh/blog/kitchen-cabinet-door-seal-cleaning-feng-shui/,200,True,,,https://roomfeng.win/zh/blog/kitchen-cabinet-door-seal-cleaning-feng-shui/,True,3,zh,Blog,UNKNOWN (supplied aggregate only),KEEP_INDEXABLE,current HTTP/robots eligibility; quality and search indexing separate
roomfeng.win,https://roomfeng.win/zh/blog/kitchen-cabinet-handle-cleaning-feng-shui/,200,True,,,https://roomfeng.win/zh/blog/kitchen-cabinet-handle-cleaning-feng-shui/,True,6,zh,Blog,UNKNOWN (supplied aggregate only),KEEP_INDEXABLE,current HTTP/robots eligibility; quality and search indexing separate
roomfeng.win,https://roomfeng.win/zh/blog/kitchen-cabinet-handle-grease-cleaning-feng-shui/,200,True,,,https://roomfeng.win/zh/blog/kitchen-cabinet-handle-grease-cleaning-feng-shui/,True,3,zh,Blog,UNKNOWN (supplied aggregate only),KEEP_INDEXABLE,current HTTP/robots eligibility; quality and search indexing separate
roomfeng.win,https://roomfeng.win/zh/blog/kitchen-cabinet-hinge-cleaning-feng-shui/,200,True,,,https://roomfeng.win/zh/blog/kitchen-cabinet-hinge-cleaning-feng-shui/,True,4,zh,Blog,UNKNOWN (supplied aggregate only),KEEP_INDEXABLE,current HTTP/robots eligibility; quality and search indexing separate
roomfeng.win,https://roomfeng.win/zh/blog/kitchen-cabinet-shelf-liner-cleaning-feng-shui/,200,True,,,https://roomfeng.win/zh/blog/kitchen-cabinet-shelf-liner-cleaning-feng-shui/,True,7,zh,Blog,UNKNOWN (supplied aggregate only),KEEP_INDEXABLE,current HTTP/robots eligibility; quality and search indexing separate
roomfeng.win,https://roomfeng.win/zh/blog/kitchen-chopstick-storage-feng-shui/,200,True,,,https://roomfeng.win/zh/blog/kitchen-chopstick-storage-feng-shui/,True,3,zh,Blog,UNKNOWN (supplied aggregate only),KEEP_INDEXABLE,current HTTP/robots eligibility; quality and search indexing separate
roomfeng.win,https://roomfeng.win/zh/blog/kitchen-coffee-grinder-cleaning-feng-shui/,200,True,,,https://roomfeng.win/zh/blog/kitchen-coffee-grinder-cleaning-feng-shui/,True,4,zh,Blog,UNKNOWN (supplied aggregate only),KEEP_INDEXABLE,current HTTP/robots eligibility; quality and search indexing separate
roomfeng.win,https://roomfeng.win/zh/blog/kitchen-coffee-machine-brew-head-cleaning-feng-shui/,200,True,,,https://roomfeng.win/zh/blog/kitchen-coffee-machine-brew-head-cleaning-feng-shui/,True,3,zh,Blog,UNKNOWN (supplied aggregate only),KEEP_INDEXABLE,current HTTP/robots eligibility; quality and search indexing separate
roomfeng.win,https://roomfeng.win/zh/blog/kitchen-coffee-machine-drip-tray-cleaning-feng-shui/,200,True,,,https://roomfeng.win/zh/blog/kitchen-coffee-machine-drip-tray-cleaning-feng-shui/,True,6,zh,Blog,UNKNOWN (supplied aggregate only),KEEP_INDEXABLE,current HTTP/robots eligibility; quality and search indexing separate
roomfeng.win,https://roomfeng.win/zh/blog/kitchen-coffee-machine-feng-shui/,200,True,,,https://roomfeng.win/zh/blog/kitchen-coffee-machine-feng-shui/,True,10,zh,Blog,UNKNOWN (supplied aggregate only),KEEP_INDEXABLE,current HTTP/robots eligibility; quality and search indexing separate
roomfeng.win,https://roomfeng.win/zh/blog/kitchen-coffee-machine-filter-basket-cleaning-feng-shui/,200,True,,,https://roomfeng.win/zh/blog/kitchen-coffee-machine-filter-basket-cleaning-feng-shui/,True,5,zh,Blog,UNKNOWN (supplied aggregate only),KEEP_INDEXABLE,current HTTP/robots eligibility; quality and search indexing separate
roomfeng.win,https://roomfeng.win/zh/blog/kitchen-coffee-machine-portafilter-cleaning-feng-shui/,200,True,,,https://roomfeng.win/zh/blog/kitchen-coffee-machine-portafilter-cleaning-feng-shui/,True,4,zh,Blog,UNKNOWN (supplied aggregate only),KEEP_INDEXABLE,current HTTP/robots eligibility; quality and search indexing separate
roomfeng.win,https://roomfeng.win/zh/blog/kitchen-coffee-machine-water-tank-cleaning-feng-shui/,200,True,,,https://roomfeng.win/zh/blog/kitchen-coffee-machine-water-tank-cleaning-feng-shui/,True,9,zh,Blog,UNKNOWN (supplied aggregate only),KEEP_INDEXABLE,current HTTP/robots eligibility; quality and search indexing separate
roomfeng.win,https://roomfeng.win/zh/blog/kitchen-colander-storage-feng-shui/,200,True,,,https://roomfeng.win/zh/blog/kitchen-colander-storage-feng-shui/,True,4,zh,Blog,UNKNOWN (supplied aggregate only),KEEP_INDEXABLE,current HTTP/robots eligibility; quality and search indexing separate
roomfeng.win,https://roomfeng.win/zh/blog/kitchen-cooking-oil-storage-feng-shui/,200,True,,,https://roomfeng.win/zh/blog/kitchen-cooking-oil-storage-feng-shui/,True,4,zh,Blog,UNKNOWN (supplied aggregate only),KEEP_INDEXABLE,current HTTP/robots eligibility; quality and search indexing separate
roomfeng.win,https://roomfeng.win/zh/blog/kitchen-cooktop-control-panel-cleaning-feng-shui/,200,True,,,https://roomfeng.win/zh/blog/kitchen-cooktop-control-panel-cleaning-feng-shui/,True,3,zh,Blog,UNKNOWN (supplied aggregate only),KEEP_INDEXABLE,current HTTP/robots eligibility; quality and search indexing separate
roomfeng.win,https://roomfeng.win/zh/blog/kitchen-cooktop-knob-cleaning-feng-shui/,200,True,,,https://roomfeng.win/zh/blog/kitchen-cooktop-knob-cleaning-feng-shui/,True,4,zh,Blog,UNKNOWN (supplied aggregate only),KEEP_INDEXABLE,current HTTP/robots eligibility; quality and search indexing separate
roomfeng.win,https://roomfeng.win/zh/blog/kitchen-counter-doorway-clearance-feng-shui/,200,True,,,https://roomfeng.win/zh/blog/kitchen-counter-doorway-clearance-feng-shui/,True,3,zh,Blog,UNKNOWN (supplied aggregate only),KEEP_INDEXABLE,current HTTP/robots eligibility; quality and search indexing separate
roomfeng.win,https://roomfeng.win/zh/blog/kitchen-countertop-cleaning-feng-shui/,200,True,,,https://roomfeng.win/zh/blog/kitchen-countertop-cleaning-feng-shui/,True,10,zh,Blog,UNKNOWN (supplied aggregate only),KEEP_INDEXABLE,current HTTP/robots eligibility; quality and search indexing separate
roomfeng.win,https://roomfeng.win/zh/blog/kitchen-countertop-corner-cleaning-feng-shui/,200,True,,,https://roomfeng.win/zh/blog/kitchen-countertop-corner-cleaning-feng-shui/,True,3,zh,Blog,UNKNOWN (supplied aggregate only),KEEP_INDEXABLE,current HTTP/robots eligibility; quality and search indexing separate
roomfeng.win,https://roomfeng.win/zh/blog/kitchen-countertop-seam-cleaning-feng-shui/,200,True,,,https://roomfeng.win/zh/blog/kitchen-countertop-seam-cleaning-feng-shui/,True,5,zh,Blog,UNKNOWN (supplied aggregate only),KEEP_INDEXABLE,current HTTP/robots eligibility; quality and search indexing separate
roomfeng.win,https://roomfeng.win/zh/blog/kitchen-cutlery-drawer-cleaning-feng-shui/,200,True,,,https://roomfeng.win/zh/blog/kitchen-cutlery-drawer-cleaning-feng-shui/,True,3,zh,Blog,UNKNOWN (supplied aggregate only),KEEP_INDEXABLE,current HTTP/robots eligibility; quality and search indexing separate
roomfeng.win,https://roomfeng.win/zh/blog/kitchen-cutting-board-cleaning-feng-shui/,200,True,,,https://roomfeng.win/zh/blog/kitchen-cutting-board-cleaning-feng-shui/,True,6,zh,Blog,UNKNOWN (supplied aggregate only),KEEP_INDEXABLE,current HTTP/robots eligibility; quality and search indexing separate
roomfeng.win,https://roomfeng.win/zh/blog/kitchen-cutting-board-drying-feng-shui/,200,True,,,https://roomfeng.win/zh/blog/kitchen-cutting-board-drying-feng-shui/,True,3,zh,Blog,UNKNOWN (supplied aggregate only),KEEP_INDEXABLE,current HTTP/robots eligibility; quality and search indexing separate
roomfeng.win,https://roomfeng.win/zh/blog/kitchen-cutting-board-rack-feng-shui/,200,True,,,https://roomfeng.win/zh/blog/kitchen-cutting-board-rack-feng-shui/,True,5,zh,Blog,UNKNOWN (supplied aggregate only),KEEP_INDEXABLE,current HTTP/robots eligibility; quality and search indexing separate
roomfeng.win,https://roomfeng.win/zh/blog/kitchen-cutting-board-storage-feng-shui/,200,True,,,https://roomfeng.win/zh/blog/kitchen-cutting-board-storage-feng-shui/,True,10,zh,Blog,UNKNOWN (supplied aggregate only),KEEP_INDEXABLE,current HTTP/robots eligibility; quality and search indexing separate
roomfeng.win,https://roomfeng.win/zh/blog/kitchen-dish-rack-cleaning-feng-shui/,200,True,,,https://roomfeng.win/zh/blog/kitchen-dish-rack-cleaning-feng-shui/,True,8,zh,Blog,UNKNOWN (supplied aggregate only),KEEP_INDEXABLE,current HTTP/robots eligibility; quality and search indexing separate
roomfeng.win,https://roomfeng.win/zh/blog/kitchen-dish-rack-feng-shui/,200,True,,,https://roomfeng.win/zh/blog/kitchen-dish-rack-feng-shui/,True,14,zh,Blog,UNKNOWN (supplied aggregate only),KEEP_INDEXABLE,current HTTP/robots eligibility; quality and search indexing separate
roomfeng.win,https://roomfeng.win/zh/blog/kitchen-dish-towel-storage-feng-shui/,200,True,,,https://roomfeng.win/zh/blog/kitchen-dish-towel-storage-feng-shui/,True,4,zh,Blog,UNKNOWN (supplied aggregate only),KEEP_INDEXABLE,current HTTP/robots eligibility; quality and search indexing separate
roomfeng.win,https://roomfeng.win/zh/blog/kitchen-dishwasher-cleaning-feng-shui/,200,True,,,https://roomfeng.win/zh/blog/kitchen-dishwasher-cleaning-feng-shui/,True,5,zh,Blog,UNKNOWN (supplied aggregate only),KEEP_INDEXABLE,current HTTP/robots eligibility; quality and search indexing separate
roomfeng.win,https://roomfeng.win/zh/blog/kitchen-dishwasher-detergent-dispenser-cleaning-feng-shui/,200,True,,,https://roomfeng.win/zh/blog/kitchen-dishwasher-detergent-dispenser-cleaning-feng-shui/,True,3,zh,Blog,UNKNOWN (supplied aggregate only),KEEP_INDEXABLE,current HTTP/robots eligibility; quality and search indexing separate
roomfeng.win,https://roomfeng.win/zh/blog/kitchen-dishwasher-door-hinge-cleaning-feng-shui/,200,True,,,https://roomfeng.win/zh/blog/kitchen-dishwasher-door-hinge-cleaning-feng-shui/,True,4,zh,Blog,UNKNOWN (supplied aggregate only),KEEP_INDEXABLE,current HTTP/robots eligibility; quality and search indexing separate
roomfeng.win,https://roomfeng.win/zh/blog/kitchen-dishwasher-door-seal-cleaning-feng-shui/,200,True,,,https://roomfeng.win/zh/blog/kitchen-dishwasher-door-seal-cleaning-feng-shui/,True,5,zh,Blog,UNKNOWN (supplied aggregate only),KEEP_INDEXABLE,current HTTP/robots eligibility; quality and search indexing separate
roomfeng.win,https://roomfeng.win/zh/blog/kitchen-dishwasher-feng-shui/,200,True,,,https://roomfeng.win/zh/blog/kitchen-dishwasher-feng-shui/,True,5,zh,Blog,UNKNOWN (supplied aggregate only),KEEP_INDEXABLE,current HTTP/robots eligibility; quality and search indexing separate
roomfeng.win,https://roomfeng.win/zh/blog/kitchen-dishwasher-filter-cleaning-feng-shui/,200,True,,,https://roomfeng.win/zh/blog/kitchen-dishwasher-filter-cleaning-feng-shui/,True,12,zh,Blog,UNKNOWN (supplied aggregate only),KEEP_INDEXABLE,current HTTP/robots eligibility; quality and search indexing separate
roomfeng.win,https://roomfeng.win/zh/blog/kitchen-dishwasher-rack-cleaning-feng-shui/,200,True,,,https://roomfeng.win/zh/blog/kitchen-dishwasher-rack-cleaning-feng-shui/,True,5,zh,Blog,UNKNOWN (supplied aggregate only),KEEP_INDEXABLE,current HTTP/robots eligibility; quality and search indexing separate
roomfeng.win,https://roomfeng.win/zh/blog/kitchen-dishwasher-spray-arm-cleaning-feng-shui/,200,True,,,https://roomfeng.win/zh/blog/kitchen-dishwasher-spray-arm-cleaning-feng-shui/,True,5,zh,Blog,UNKNOWN (supplied aggregate only),KEEP_INDEXABLE,current HTTP/robots eligibility; quality and search indexing separate
roomfeng.win,https://roomfeng.win/zh/blog/kitchen-dishwasher-spray-arm-hole-cleaning-feng-shui/,200,True,,,https://roomfeng.win/zh/blog/kitchen-dishwasher-spray-arm-hole-cleaning-feng-shui/,True,3,zh,Blog,UNKNOWN (supplied aggregate only),KEEP_INDEXABLE,current HTTP/robots eligibility; quality and search indexing separate
roomfeng.win,https://roomfeng.win/zh/blog/kitchen-dishwashing-gloves-storage-feng-shui/,200,True,,,https://roomfeng.win/zh/blog/kitchen-dishwashing-gloves-storage-feng-shui/,True,3,zh,Blog,UNKNOWN (supplied aggregate only),KEEP_INDEXABLE,current HTTP/robots eligibility; quality and search indexing separate
roomfeng.win,https://roomfeng.win/zh/blog/kitchen-door-feng-shui/,200,True,,,https://roomfeng.win/zh/blog/kitchen-door-feng-shui/,True,10,zh,Blog,UNKNOWN (supplied aggregate only),KEEP_INDEXABLE,current HTTP/robots eligibility; quality and search indexing separate
roomfeng.win,https://roomfeng.win/zh/blog/kitchen-drawer-crumbs-cleaning-feng-shui/,200,True,,,https://roomfeng.win/zh/blog/kitchen-drawer-crumbs-cleaning-feng-shui/,True,4,zh,Blog,UNKNOWN (supplied aggregate only),KEEP_INDEXABLE,current HTTP/robots eligibility; quality and search indexing separate
roomfeng.win,https://roomfeng.win/zh/blog/kitchen-drawer-organizer-cleaning-feng-shui/,200,True,,,https://roomfeng.win/zh/blog/kitchen-drawer-organizer-cleaning-feng-shui/,True,6,zh,Blog,UNKNOWN (supplied aggregate only),KEEP_INDEXABLE,current HTTP/robots eligibility; quality and search indexing separate
roomfeng.win,https://roomfeng.win/zh/blog/kitchen-dry-goods-cabinet-cleaning-feng-shui/,200,True,,,https://roomfeng.win/zh/blog/kitchen-dry-goods-cabinet-cleaning-feng-shui/,True,5,zh,Blog,UNKNOWN (supplied aggregate only),KEEP_INDEXABLE,current HTTP/robots eligibility; quality and search indexing separate
roomfeng.win,https://roomfeng.win/zh/blog/kitchen-dry-goods-cabinet-feng-shui/,200,True,,,https://roomfeng.win/zh/blog/kitchen-dry-goods-cabinet-feng-shui/,True,14,zh,Blog,UNKNOWN (supplied aggregate only),KEEP_INDEXABLE,current HTTP/robots eligibility; quality and search indexing separate
roomfeng.win,https://roomfeng.win/zh/blog/kitchen-electric-griddle-feng-shui/,200,True,,,https://roomfeng.win/zh/blog/kitchen-electric-griddle-feng-shui/,True,4,zh,Blog,UNKNOWN (supplied aggregate only),KEEP_INDEXABLE,current HTTP/robots eligibility; quality and search indexing separate
roomfeng.win,https://roomfeng.win/zh/blog/kitchen-electric-hot-pot-feng-shui/,200,True,,,https://roomfeng.win/zh/blog/kitchen-electric-hot-pot-feng-shui/,True,4,zh,Blog,UNKNOWN (supplied aggregate only),KEEP_INDEXABLE,current HTTP/robots eligibility; quality and search indexing separate
roomfeng.win,https://roomfeng.win/zh/blog/kitchen-electric-hot-pot-plug-cleaning-feng-shui/,200,True,,,https://roomfeng.win/zh/blog/kitchen-electric-hot-pot-plug-cleaning-feng-shui/,True,8,zh,Blog,UNKNOWN (supplied aggregate only),KEEP_INDEXABLE,current HTTP/robots eligibility; quality and search indexing separate
roomfeng.win,https://roomfeng.win/zh/blog/kitchen-electric-kettle-base-cleaning-feng-shui/,200,True,,,https://roomfeng.win/zh/blog/kitchen-electric-kettle-base-cleaning-feng-shui/,True,5,zh,Blog,UNKNOWN (supplied aggregate only),KEEP_INDEXABLE,current HTTP/robots eligibility; quality and search indexing separate
roomfeng.win,https://roomfeng.win/zh/blog/kitchen-electric-kettle-cord-cleaning-feng-shui/,200,True,,,https://roomfeng.win/zh/blog/kitchen-electric-kettle-cord-cleaning-feng-shui/,True,3,zh,Blog,UNKNOWN (supplied aggregate only),KEEP_INDEXABLE,current HTTP/robots eligibility; quality and search indexing separate
roomfeng.win,https://roomfeng.win/zh/blog/kitchen-electric-kettle-feng-shui/,200,True,,,https://roomfeng.win/zh/blog/kitchen-electric-kettle-feng-shui/,True,8,zh,Blog,UNKNOWN (supplied aggregate only),KEEP_INDEXABLE,current HTTP/robots eligibility; quality and search indexing separate
roomfeng.win,https://roomfeng.win/zh/blog/kitchen-electric-kettle-handle-cleaning-feng-shui/,200,True,,,https://roomfeng.win/zh/blog/kitchen-electric-kettle-handle-cleaning-feng-shui/,True,4,zh,Blog,UNKNOWN (supplied aggregate only),KEEP_INDEXABLE,current HTTP/robots eligibility; quality and search indexing separate
roomfeng.win,https://roomfeng.win/zh/blog/kitchen-electric-kettle-lid-cleaning-feng-shui/,200,True,,,https://roomfeng.win/zh/blog/kitchen-electric-kettle-lid-cleaning-feng-shui/,True,5,zh,Blog,UNKNOWN (supplied aggregate only),KEEP_INDEXABLE,current HTTP/robots eligibility; quality and search indexing separate
roomfeng.win,https://roomfeng.win/zh/blog/kitchen-electric-kettle-scale-cleaning-feng-shui/,200,True,,,https://roomfeng.win/zh/blog/kitchen-electric-kettle-scale-cleaning-feng-shui/,True,7,zh,Blog,UNKNOWN (supplied aggregate only),KEEP_INDEXABLE,current HTTP/robots eligibility; quality and search indexing separate
roomfeng.win,https://roomfeng.win/zh/blog/kitchen-electric-kettle-spout-filter-cleaning-feng-shui/,200,True,,,https://roomfeng.win/zh/blog/kitchen-electric-kettle-spout-filter-cleaning-feng-shui/,True,5,zh,Blog,UNKNOWN (supplied aggregate only),KEEP_INDEXABLE,current HTTP/robots eligibility; quality and search indexing separate
roomfeng.win,https://roomfeng.win/zh/blog/kitchen-faucet-aerator-cleaning-feng-shui/,200,True,,,https://roomfeng.win/zh/blog/kitchen-faucet-aerator-cleaning-feng-shui/,True,3,zh,Blog,UNKNOWN (supplied aggregate only),KEEP_INDEXABLE,current HTTP/robots eligibility; quality and search indexing separate
roomfeng.win,https://roomfeng.win/zh/blog/kitchen-fire-blanket-storage-feng-shui/,200,True,,,https://roomfeng.win/zh/blog/kitchen-fire-blanket-storage-feng-shui/,True,4,zh,Blog,UNKNOWN (supplied aggregate only),KEEP_INDEXABLE,current HTTP/robots eligibility; quality and search indexing separate
roomfeng.win,https://roomfeng.win/zh/blog/kitchen-fire-extinguisher-feng-shui/,200,True,,,https://roomfeng.win/zh/blog/kitchen-fire-extinguisher-feng-shui/,True,3,zh,Blog,UNKNOWN (supplied aggregate only),KEEP_INDEXABLE,current HTTP/robots eligibility; quality and search indexing separate
roomfeng.win,https://roomfeng.win/zh/blog/kitchen-food-container-lid-feng-shui/,200,True,,,https://roomfeng.win/zh/blog/kitchen-food-container-lid-feng-shui/,True,16,zh,Blog,UNKNOWN (supplied aggregate only),KEEP_INDEXABLE,current HTTP/robots eligibility; quality and search indexing separate
roomfeng.win,https://roomfeng.win/zh/blog/kitchen-food-container-seal-cleaning-feng-shui/,200,True,,,https://roomfeng.win/zh/blog/kitchen-food-container-seal-cleaning-feng-shui/,True,6,zh,Blog,UNKNOWN (supplied aggregate only),KEEP_INDEXABLE,current HTTP/robots eligibility; quality and search indexing separate
roomfeng.win,https://roomfeng.win/zh/blog/kitchen-food-processor-feng-shui/,200,True,,,https://roomfeng.win/zh/blog/kitchen-food-processor-feng-shui/,True,4,zh,Blog,UNKNOWN (supplied aggregate only),KEEP_INDEXABLE,current HTTP/robots eligibility; quality and search indexing separate
roomfeng.win,https://roomfeng.win/zh/blog/kitchen-food-scale-feng-shui/,200,True,,,https://roomfeng.win/zh/blog/kitchen-food-scale-feng-shui/,True,4,zh,Blog,UNKNOWN (supplied aggregate only),KEEP_INDEXABLE,current HTTP/robots eligibility; quality and search indexing separate
roomfeng.win,https://roomfeng.win/zh/blog/kitchen-food-thermometer-feng-shui/,200,True,,,https://roomfeng.win/zh/blog/kitchen-food-thermometer-feng-shui/,True,3,zh,Blog,UNKNOWN (supplied aggregate only),KEEP_INDEXABLE,current HTTP/robots eligibility; quality and search indexing separate
roomfeng.win,https://roomfeng.win/zh/blog/kitchen-food-waste-bin-feng-shui/,200,True,,,https://roomfeng.win/zh/blog/kitchen-food-waste-bin-feng-shui/,True,6,zh,Blog,UNKNOWN (supplied aggregate only),KEEP_INDEXABLE,current HTTP/robots eligibility; quality and search indexing separate
roomfeng.win,https://roomfeng.win/zh/blog/kitchen-food-wrap-storage-feng-shui/,200,True,,,https://roomfeng.win/zh/blog/kitchen-food-wrap-storage-feng-shui/,True,3,zh,Blog,UNKNOWN (supplied aggregate only),KEEP_INDEXABLE,current HTTP/robots eligibility; quality and search indexing separate
roomfeng.win,https://roomfeng.win/zh/blog/kitchen-freezer-drawer-cleaning-feng-shui/,200,True,,,https://roomfeng.win/zh/blog/kitchen-freezer-drawer-cleaning-feng-shui/,True,4,zh,Blog,UNKNOWN (supplied aggregate only),KEEP_INDEXABLE,current HTTP/robots eligibility; quality and search indexing separate
roomfeng.win,https://roomfeng.win/zh/blog/kitchen-fridge-cleaning-feng-shui/,200,True,,,https://roomfeng.win/zh/blog/kitchen-fridge-cleaning-feng-shui/,True,14,zh,Blog,UNKNOWN (supplied aggregate only),KEEP_INDEXABLE,current HTTP/robots eligibility; quality and search indexing separate
roomfeng.win,https://roomfeng.win/zh/blog/kitchen-fridge-door-condiment-storage-feng-shui/,200,True,,,https://roomfeng.win/zh/blog/kitchen-fridge-door-condiment-storage-feng-shui/,True,8,zh,Blog,UNKNOWN (supplied aggregate only),KEEP_INDEXABLE,current HTTP/robots eligibility; quality and search indexing separate
roomfeng.win,https://roomfeng.win/zh/blog/kitchen-fruit-bowl-feng-shui/,200,True,,,https://roomfeng.win/zh/blog/kitchen-fruit-bowl-feng-shui/,True,3,zh,Blog,UNKNOWN (supplied aggregate only),KEEP_INDEXABLE,current HTTP/robots eligibility; quality and search indexing separate
roomfeng.win,https://roomfeng.win/zh/blog/kitchen-garbage-bin-feng-shui/,200,True,,,https://roomfeng.win/zh/blog/kitchen-garbage-bin-feng-shui/,True,9,zh,Blog,UNKNOWN (supplied aggregate only),KEEP_INDEXABLE,current HTTP/robots eligibility; quality and search indexing separate
roomfeng.win,https://roomfeng.win/zh/blog/kitchen-gas-leak-detector-feng-shui/,200,True,,,https://roomfeng.win/zh/blog/kitchen-gas-leak-detector-feng-shui/,True,3,zh,Blog,UNKNOWN (supplied aggregate only),KEEP_INDEXABLE,current HTTP/robots eligibility; quality and search indexing separate
roomfeng.win,https://roomfeng.win/zh/blog/kitchen-gas-stove-burner-cap-cleaning-feng-shui/,200,True,,,https://roomfeng.win/zh/blog/kitchen-gas-stove-burner-cap-cleaning-feng-shui/,True,4,zh,Blog,UNKNOWN (supplied aggregate only),KEEP_INDEXABLE,current HTTP/robots eligibility; quality and search indexing separate
roomfeng.win,https://roomfeng.win/zh/blog/kitchen-gas-stove-burner-cleaning-feng-shui/,200,True,,,https://roomfeng.win/zh/blog/kitchen-gas-stove-burner-cleaning-feng-shui/,True,4,zh,Blog,UNKNOWN (supplied aggregate only),KEEP_INDEXABLE,current HTTP/robots eligibility; quality and search indexing separate
roomfeng.win,https://roomfeng.win/zh/blog/kitchen-gas-stove-cleaning-feng-shui/,200,True,,,https://roomfeng.win/zh/blog/kitchen-gas-stove-cleaning-feng-shui/,True,6,zh,Blog,UNKNOWN (supplied aggregate only),KEEP_INDEXABLE,current HTTP/robots eligibility; quality and search indexing separate
roomfeng.win,https://roomfeng.win/zh/blog/kitchen-gas-stove-ventilation-feng-shui/,200,True,,,https://roomfeng.win/zh/blog/kitchen-gas-stove-ventilation-feng-shui/,True,15,zh,Blog,UNKNOWN (supplied aggregate only),KEEP_INDEXABLE,current HTTP/robots eligibility; quality and search indexing separate
roomfeng.win,https://roomfeng.win/zh/blog/kitchen-induction-cooker-feng-shui/,200,True,,,https://roomfeng.win/zh/blog/kitchen-induction-cooker-feng-shui/,True,7,zh,Blog,UNKNOWN (supplied aggregate only),KEEP_INDEXABLE,current HTTP/robots eligibility; quality and search indexing separate
roomfeng.win,https://roomfeng.win/zh/blog/kitchen-island-feng-shui/,200,True,,,https://roomfeng.win/zh/blog/kitchen-island-feng-shui/,True,13,zh,Blog,UNKNOWN (supplied aggregate only),KEEP_INDEXABLE,current HTTP/robots eligibility; quality and search indexing separate
roomfeng.win,https://roomfeng.win/zh/blog/kitchen-island-stool-feng-shui/,200,True,,,https://roomfeng.win/zh/blog/kitchen-island-stool-feng-shui/,True,4,zh,Blog,UNKNOWN (supplied aggregate only),KEEP_INDEXABLE,current HTTP/robots eligibility; quality and search indexing separate
roomfeng.win,https://roomfeng.win/zh/blog/kitchen-island-work-triangle-feng-shui/,200,True,,,https://roomfeng.win/zh/blog/kitchen-island-work-triangle-feng-shui/,True,3,zh,Blog,UNKNOWN (supplied aggregate only),KEEP_INDEXABLE,current HTTP/robots eligibility; quality and search indexing separate
roomfeng.win,https://roomfeng.win/zh/blog/kitchen-knife-cleaning-feng-shui/,200,True,,,https://roomfeng.win/zh/blog/kitchen-knife-cleaning-feng-shui/,True,5,zh,Blog,UNKNOWN (supplied aggregate only),KEEP_INDEXABLE,current HTTP/robots eligibility; quality and search indexing separate
roomfeng.win,https://roomfeng.win/zh/blog/kitchen-knife-handle-cleaning-feng-shui/,200,True,,,https://roomfeng.win/zh/blog/kitchen-knife-handle-cleaning-feng-shui/,True,4,zh,Blog,UNKNOWN (supplied aggregate only),KEEP_INDEXABLE,current HTTP/robots eligibility; quality and search indexing separate
roomfeng.win,https://roomfeng.win/zh/blog/kitchen-knife-sharpening-feng-shui/,200,True,,,https://roomfeng.win/zh/blog/kitchen-knife-sharpening-feng-shui/,True,4,zh,Blog,UNKNOWN (supplied aggregate only),KEEP_INDEXABLE,current HTTP/robots eligibility; quality and search indexing separate
roomfeng.win,https://roomfeng.win/zh/blog/kitchen-knife-storage-feng-shui/,200,True,,,https://roomfeng.win/zh/blog/kitchen-knife-storage-feng-shui/,True,10,zh,Blog,UNKNOWN (supplied aggregate only),KEEP_INDEXABLE,current HTTP/robots eligibility; quality and search indexing separate
roomfeng.win,https://roomfeng.win/zh/blog/kitchen-ladle-storage-feng-shui/,200,True,,,https://roomfeng.win/zh/blog/kitchen-ladle-storage-feng-shui/,True,5,zh,Blog,UNKNOWN (supplied aggregate only),KEEP_INDEXABLE,current HTTP/robots eligibility; quality and search indexing separate
roomfeng.win,https://roomfeng.win/zh/blog/kitchen-leftover-food-storage-feng-shui/,200,True,,,https://roomfeng.win/zh/blog/kitchen-leftover-food-storage-feng-shui/,True,5,zh,Blog,UNKNOWN (supplied aggregate only),KEEP_INDEXABLE,current HTTP/robots eligibility; quality and search indexing separate
roomfeng.win,https://roomfeng.win/zh/blog/kitchen-lunch-box-storage-feng-shui/,200,True,,,https://roomfeng.win/zh/blog/kitchen-lunch-box-storage-feng-shui/,True,5,zh,Blog,UNKNOWN (supplied aggregate only),KEEP_INDEXABLE,current HTTP/robots eligibility; quality and search indexing separate
roomfeng.win,https://roomfeng.win/zh/blog/kitchen-measuring-cup-spoon-feng-shui/,200,True,,,https://roomfeng.win/zh/blog/kitchen-measuring-cup-spoon-feng-shui/,True,4,zh,Blog,UNKNOWN (supplied aggregate only),KEEP_INDEXABLE,current HTTP/robots eligibility; quality and search indexing separate
roomfeng.win,https://roomfeng.win/zh/blog/kitchen-microwave-door-cleaning-feng-shui/,200,True,,,https://roomfeng.win/zh/blog/kitchen-microwave-door-cleaning-feng-shui/,True,5,zh,Blog,UNKNOWN (supplied aggregate only),KEEP_INDEXABLE,current HTTP/robots eligibility; quality and search indexing separate
roomfeng.win,https://roomfeng.win/zh/blog/kitchen-microwave-door-seal-cleaning-feng-shui/,200,True,,,https://roomfeng.win/zh/blog/kitchen-microwave-door-seal-cleaning-feng-shui/,True,6,zh,Blog,UNKNOWN (supplied aggregate only),KEEP_INDEXABLE,current HTTP/robots eligibility; quality and search indexing separate
roomfeng.win,https://roomfeng.win/zh/blog/kitchen-microwave-feng-shui/,200,True,,,https://roomfeng.win/zh/blog/kitchen-microwave-feng-shui/,True,9,zh,Blog,UNKNOWN (supplied aggregate only),KEEP_INDEXABLE,current HTTP/robots eligibility; quality and search indexing separate
roomfeng.win,https://roomfeng.win/zh/blog/kitchen-microwave-turntable-cleaning-feng-shui/,200,True,,,https://roomfeng.win/zh/blog/kitchen-microwave-turntable-cleaning-feng-shui/,True,5,zh,Blog,UNKNOWN (supplied aggregate only),KEEP_INDEXABLE,current HTTP/robots eligibility; quality and search indexing separate
roomfeng.win,https://roomfeng.win/zh/blog/kitchen-microwave-turntable-ring-cleaning-feng-shui/,200,True,,,https://roomfeng.win/zh/blog/kitchen-microwave-turntable-ring-cleaning-feng-shui/,True,4,zh,Blog,UNKNOWN (supplied aggregate only),KEEP_INDEXABLE,current HTTP/robots eligibility; quality and search indexing separate
roomfeng.win,https://roomfeng.win/zh/blog/kitchen-microwave-waveguide-cover-cleaning-feng-shui/,200,True,,,https://roomfeng.win/zh/blog/kitchen-microwave-waveguide-cover-cleaning-feng-shui/,True,3,zh,Blog,UNKNOWN (supplied aggregate only),KEEP_INDEXABLE,current HTTP/robots eligibility; quality and search indexing separate
roomfeng.win,https://roomfeng.win/zh/blog/kitchen-oil-bottle-tray-feng-shui/,200,True,,,https://roomfeng.win/zh/blog/kitchen-oil-bottle-tray-feng-shui/,True,4,zh,Blog,UNKNOWN (supplied aggregate only),KEEP_INDEXABLE,current HTTP/robots eligibility; quality and search indexing separate
roomfeng.win,https://roomfeng.win/zh/blog/kitchen-opened-food-storage-feng-shui/,200,True,,,https://roomfeng.win/zh/blog/kitchen-opened-food-storage-feng-shui/,True,7,zh,Blog,UNKNOWN (supplied aggregate only),KEEP_INDEXABLE,current HTTP/robots eligibility; quality and search indexing separate
roomfeng.win,https://roomfeng.win/zh/blog/kitchen-oven-door-hinge-cleaning-feng-shui/,200,True,,,https://roomfeng.win/zh/blog/kitchen-oven-door-hinge-cleaning-feng-shui/,True,4,zh,Blog,UNKNOWN (supplied aggregate only),KEEP_INDEXABLE,current HTTP/robots eligibility; quality and search indexing separate
roomfeng.win,https://roomfeng.win/zh/blog/kitchen-oven-door-seal-cleaning-feng-shui/,200,True,,,https://roomfeng.win/zh/blog/kitchen-oven-door-seal-cleaning-feng-shui/,True,5,zh,Blog,UNKNOWN (supplied aggregate only),KEEP_INDEXABLE,current HTTP/robots eligibility; quality and search indexing separate
roomfeng.win,https://roomfeng.win/zh/blog/kitchen-oven-feng-shui/,200,True,,,https://roomfeng.win/zh/blog/kitchen-oven-feng-shui/,True,10,zh,Blog,UNKNOWN (supplied aggregate only),KEEP_INDEXABLE,current HTTP/robots eligibility; quality and search indexing separate
roomfeng.win,https://roomfeng.win/zh/blog/kitchen-oven-mitt-storage-feng-shui/,200,True,,,https://roomfeng.win/zh/blog/kitchen-oven-mitt-storage-feng-shui/,True,4,zh,Blog,UNKNOWN (supplied aggregate only),KEEP_INDEXABLE,current HTTP/robots eligibility; quality and search indexing separate
roomfeng.win,https://roomfeng.win/zh/blog/kitchen-pantry-door-feng-shui/,200,True,,,https://roomfeng.win/zh/blog/kitchen-pantry-door-feng-shui/,True,7,zh,Blog,UNKNOWN (supplied aggregate only),KEEP_INDEXABLE,current HTTP/robots eligibility; quality and search indexing separate
roomfeng.win,https://roomfeng.win/zh/blog/kitchen-pantry-expiry-check-feng-shui/,200,True,,,https://roomfeng.win/zh/blog/kitchen-pantry-expiry-check-feng-shui/,True,4,zh,Blog,UNKNOWN (supplied aggregate only),KEEP_INDEXABLE,current HTTP/robots eligibility; quality and search indexing separate
roomfeng.win,https://roomfeng.win/zh/blog/kitchen-peeler-storage-feng-shui/,200,True,,,https://roomfeng.win/zh/blog/kitchen-peeler-storage-feng-shui/,True,3,zh,Blog,UNKNOWN (supplied aggregate only),KEEP_INDEXABLE,current HTTP/robots eligibility; quality and search indexing separate
roomfeng.win,https://roomfeng.win/zh/blog/kitchen-pot-lid-handle-cleaning-feng-shui/,200,True,,,https://roomfeng.win/zh/blog/kitchen-pot-lid-handle-cleaning-feng-shui/,True,4,zh,Blog,UNKNOWN (supplied aggregate only),KEEP_INDEXABLE,current HTTP/robots eligibility; quality and search indexing separate
roomfeng.win,https://roomfeng.win/zh/blog/kitchen-pot-lid-storage-feng-shui/,200,True,,,https://roomfeng.win/zh/blog/kitchen-pot-lid-storage-feng-shui/,True,7,zh,Blog,UNKNOWN (supplied aggregate only),KEEP_INDEXABLE,current HTTP/robots eligibility; quality and search indexing separate
roomfeng.win,https://roomfeng.win/zh/blog/kitchen-pot-rim-cleaning-feng-shui/,200,True,,,https://roomfeng.win/zh/blog/kitchen-pot-rim-cleaning-feng-shui/,True,3,zh,Blog,UNKNOWN (supplied aggregate only),KEEP_INDEXABLE,current HTTP/robots eligibility; quality and search indexing separate
roomfeng.win,https://roomfeng.win/zh/blog/kitchen-pressure-cooker-feng-shui/,200,True,,,https://roomfeng.win/zh/blog/kitchen-pressure-cooker-feng-shui/,True,5,zh,Blog,UNKNOWN (supplied aggregate only),KEEP_INDEXABLE,current HTTP/robots eligibility; quality and search indexing separate
roomfeng.win,https://roomfeng.win/zh/blog/kitchen-pressure-cooker-gasket-cleaning-feng-shui/,200,True,,,https://roomfeng.win/zh/blog/kitchen-pressure-cooker-gasket-cleaning-feng-shui/,True,6,zh,Blog,UNKNOWN (supplied aggregate only),KEEP_INDEXABLE,current HTTP/robots eligibility; quality and search indexing separate
roomfeng.win,https://roomfeng.win/zh/blog/kitchen-range-hood-baffle-cleaning-feng-shui/,200,True,,,https://roomfeng.win/zh/blog/kitchen-range-hood-baffle-cleaning-feng-shui/,True,5,zh,Blog,UNKNOWN (supplied aggregate only),KEEP_INDEXABLE,current HTTP/robots eligibility; quality and search indexing separate
roomfeng.win,https://roomfeng.win/zh/blog/kitchen-range-hood-cleaning-feng-shui/,200,True,,,https://roomfeng.win/zh/blog/kitchen-range-hood-cleaning-feng-shui/,True,7,zh,Blog,UNKNOWN (supplied aggregate only),KEEP_INDEXABLE,current HTTP/robots eligibility; quality and search indexing separate
roomfeng.win,https://roomfeng.win/zh/blog/kitchen-range-hood-exhaust-duct-cleaning-feng-shui/,200,True,,,https://roomfeng.win/zh/blog/kitchen-range-hood-exhaust-duct-cleaning-feng-shui/,True,3,zh,Blog,UNKNOWN (supplied aggregate only),KEEP_INDEXABLE,current HTTP/robots eligibility; quality and search indexing separate
roomfeng.win,https://roomfeng.win/zh/blog/kitchen-range-hood-feng-shui/,200,True,,,https://roomfeng.win/zh/blog/kitchen-range-hood-feng-shui/,True,22,zh,Blog,UNKNOWN (supplied aggregate only),KEEP_INDEXABLE,current HTTP/robots eligibility; quality and search indexing separate
roomfeng.win,https://roomfeng.win/zh/blog/kitchen-range-hood-filter-cleaning-feng-shui/,200,True,,,https://roomfeng.win/zh/blog/kitchen-range-hood-filter-cleaning-feng-shui/,True,12,zh,Blog,UNKNOWN (supplied aggregate only),KEEP_INDEXABLE,current HTTP/robots eligibility; quality and search indexing separate
roomfeng.win,https://roomfeng.win/zh/blog/kitchen-range-hood-grease-filter-cleaning-feng-shui/,200,True,,,https://roomfeng.win/zh/blog/kitchen-range-hood-grease-filter-cleaning-feng-shui/,True,16,zh,Blog,UNKNOWN (supplied aggregate only),KEEP_INDEXABLE,current HTTP/robots eligibility; quality and search indexing separate
roomfeng.win,https://roomfeng.win/zh/blog/kitchen-range-hood-grease-tray-cleaning-feng-shui/,200,True,,,https://roomfeng.win/zh/blog/kitchen-range-hood-grease-tray-cleaning-feng-shui/,True,5,zh,Blog,UNKNOWN (supplied aggregate only),KEEP_INDEXABLE,current HTTP/robots eligibility; quality and search indexing separate
roomfeng.win,https://roomfeng.win/zh/blog/kitchen-range-hood-light-cover-cleaning-feng-shui/,200,True,,,https://roomfeng.win/zh/blog/kitchen-range-hood-light-cover-cleaning-feng-shui/,True,4,zh,Blog,UNKNOWN (supplied aggregate only),KEEP_INDEXABLE,current HTTP/robots eligibility; quality and search indexing separate
roomfeng.win,https://roomfeng.win/zh/blog/kitchen-range-hood-light-switch-cleaning-feng-shui/,200,True,,,https://roomfeng.win/zh/blog/kitchen-range-hood-light-switch-cleaning-feng-shui/,True,3,zh,Blog,UNKNOWN (supplied aggregate only),KEEP_INDEXABLE,current HTTP/robots eligibility; quality and search indexing separate
roomfeng.win,https://roomfeng.win/zh/blog/kitchen-refrigerator-crisper-drawer-cleaning-feng-shui/,200,True,,,https://roomfeng.win/zh/blog/kitchen-refrigerator-crisper-drawer-cleaning-feng-shui/,True,3,zh,Blog,UNKNOWN (supplied aggregate only),KEEP_INDEXABLE,current HTTP/robots eligibility; quality and search indexing separate
roomfeng.win,https://roomfeng.win/zh/blog/kitchen-refrigerator-crisper-drawer-glide-cleaning-feng-shui/,200,True,,,https://roomfeng.win/zh/blog/kitchen-refrigerator-crisper-drawer-glide-cleaning-feng-shui/,True,3,zh,Blog,UNKNOWN (supplied aggregate only),KEEP_INDEXABLE,current HTTP/robots eligibility; quality and search indexing separate
roomfeng.win,https://roomfeng.win/zh/blog/kitchen-refrigerator-defrost-drain-cleaning-feng-shui/,200,True,,,https://roomfeng.win/zh/blog/kitchen-refrigerator-defrost-drain-cleaning-feng-shui/,True,3,zh,Blog,UNKNOWN (supplied aggregate only),KEEP_INDEXABLE,current HTTP/robots eligibility; quality and search indexing separate
roomfeng.win,https://roomfeng.win/zh/blog/kitchen-refrigerator-door-bin-cleaning-feng-shui/,200,True,,,https://roomfeng.win/zh/blog/kitchen-refrigerator-door-bin-cleaning-feng-shui/,True,8,zh,Blog,UNKNOWN (supplied aggregate only),KEEP_INDEXABLE,current HTTP/robots eligibility; quality and search indexing separate
roomfeng.win,https://roomfeng.win/zh/blog/kitchen-refrigerator-door-gasket-cleaning-feng-shui/,200,True,,,https://roomfeng.win/zh/blog/kitchen-refrigerator-door-gasket-cleaning-feng-shui/,True,8,zh,Blog,UNKNOWN (supplied aggregate only),KEEP_INDEXABLE,current HTTP/robots eligibility; quality and search indexing separate
roomfeng.win,https://roomfeng.win/zh/blog/kitchen-refrigerator-door-handle-cleaning-feng-shui/,200,True,,,https://roomfeng.win/zh/blog/kitchen-refrigerator-door-handle-cleaning-feng-shui/,True,4,zh,Blog,UNKNOWN (supplied aggregate only),KEEP_INDEXABLE,current HTTP/robots eligibility; quality and search indexing separate
roomfeng.win,https://roomfeng.win/zh/blog/kitchen-refrigerator-door-seal-cleaning-feng-shui/,200,True,,,https://roomfeng.win/zh/blog/kitchen-refrigerator-door-seal-cleaning-feng-shui/,True,9,zh,Blog,UNKNOWN (supplied aggregate only),KEEP_INDEXABLE,current HTTP/robots eligibility; quality and search indexing separate
roomfeng.win,https://roomfeng.win/zh/blog/kitchen-refrigerator-door-shelf-cleaning-feng-shui/,200,True,,,https://roomfeng.win/zh/blog/kitchen-refrigerator-door-shelf-cleaning-feng-shui/,True,4,zh,Blog,UNKNOWN (supplied aggregate only),KEEP_INDEXABLE,current HTTP/robots eligibility; quality and search indexing separate
roomfeng.win,https://roomfeng.win/zh/blog/kitchen-refrigerator-egg-holder-cleaning-feng-shui/,200,True,,,https://roomfeng.win/zh/blog/kitchen-refrigerator-egg-holder-cleaning-feng-shui/,True,3,zh,Blog,UNKNOWN (supplied aggregate only),KEEP_INDEXABLE,current HTTP/robots eligibility; quality and search indexing separate
roomfeng.win,https://roomfeng.win/zh/blog/kitchen-refrigerator-egg-tray-cleaning-feng-shui/,200,True,,,https://roomfeng.win/zh/blog/kitchen-refrigerator-egg-tray-cleaning-feng-shui/,True,5,zh,Blog,UNKNOWN (supplied aggregate only),KEEP_INDEXABLE,current HTTP/robots eligibility; quality and search indexing separate
roomfeng.win,https://roomfeng.win/zh/blog/kitchen-refrigerator-handle-grease-cleaning-feng-shui/,200,True,,,https://roomfeng.win/zh/blog/kitchen-refrigerator-handle-grease-cleaning-feng-shui/,True,5,zh,Blog,UNKNOWN (supplied aggregate only),KEEP_INDEXABLE,current HTTP/robots eligibility; quality and search indexing separate
roomfeng.win,https://roomfeng.win/zh/blog/kitchen-refrigerator-ice-bin-cleaning-feng-shui/,200,True,,,https://roomfeng.win/zh/blog/kitchen-refrigerator-ice-bin-cleaning-feng-shui/,True,4,zh,Blog,UNKNOWN (supplied aggregate only),KEEP_INDEXABLE,current HTTP/robots eligibility; quality and search indexing separate
roomfeng.win,https://roomfeng.win/zh/blog/kitchen-refrigerator-ice-dispenser-chute-cleaning-feng-shui/,200,True,,,https://roomfeng.win/zh/blog/kitchen-refrigerator-ice-dispenser-chute-cleaning-feng-shui/,True,5,zh,Blog,UNKNOWN (supplied aggregate only),KEEP_INDEXABLE,current HTTP/robots eligibility; quality and search indexing separate
roomfeng.win,https://roomfeng.win/zh/blog/kitchen-refrigerator-ice-maker-cleaning-feng-shui/,200,True,,,https://roomfeng.win/zh/blog/kitchen-refrigerator-ice-maker-cleaning-feng-shui/,True,6,zh,Blog,UNKNOWN (supplied aggregate only),KEEP_INDEXABLE,current HTTP/robots eligibility; quality and search indexing separate
roomfeng.win,https://roomfeng.win/zh/blog/kitchen-refrigerator-ice-tray-cleaning-feng-shui/,200,True,,,https://roomfeng.win/zh/blog/kitchen-refrigerator-ice-tray-cleaning-feng-shui/,True,4,zh,Blog,UNKNOWN (supplied aggregate only),KEEP_INDEXABLE,current HTTP/robots eligibility; quality and search indexing separate
roomfeng.win,https://roomfeng.win/zh/blog/kitchen-refrigerator-shelf-bracket-cleaning-feng-shui/,200,True,,,https://roomfeng.win/zh/blog/kitchen-refrigerator-shelf-bracket-cleaning-feng-shui/,True,4,zh,Blog,UNKNOWN (supplied aggregate only),KEEP_INDEXABLE,current HTTP/robots eligibility; quality and search indexing separate
roomfeng.win,https://roomfeng.win/zh/blog/kitchen-refrigerator-shelf-cleaning-feng-shui/,200,True,,,https://roomfeng.win/zh/blog/kitchen-refrigerator-shelf-cleaning-feng-shui/,True,11,zh,Blog,UNKNOWN (supplied aggregate only),KEEP_INDEXABLE,current HTTP/robots eligibility; quality and search indexing separate
roomfeng.win,https://roomfeng.win/zh/blog/kitchen-refrigerator-shelf-rail-cleaning-feng-shui/,200,True,,,https://roomfeng.win/zh/blog/kitchen-refrigerator-shelf-rail-cleaning-feng-shui/,True,7,zh,Blog,UNKNOWN (supplied aggregate only),KEEP_INDEXABLE,current HTTP/robots eligibility; quality and search indexing separate
roomfeng.win,https://roomfeng.win/zh/blog/kitchen-refrigerator-shelf-support-cleaning-feng-shui/,200,True,,,https://roomfeng.win/zh/blog/kitchen-refrigerator-shelf-support-cleaning-feng-shui/,True,5,zh,Blog,UNKNOWN (supplied aggregate only),KEEP_INDEXABLE,current HTTP/robots eligibility; quality and search indexing separate
roomfeng.win,https://roomfeng.win/zh/blog/kitchen-refrigerator-shelf-support-hole-cleaning-feng-shui/,200,True,,,https://roomfeng.win/zh/blog/kitchen-refrigerator-shelf-support-hole-cleaning-feng-shui/,True,5,zh,Blog,UNKNOWN (supplied aggregate only),KEEP_INDEXABLE,current HTTP/robots eligibility; quality and search indexing separate
roomfeng.win,https://roomfeng.win/zh/blog/kitchen-refrigerator-spill-shelf-cleaning-feng-shui/,200,True,,,https://roomfeng.win/zh/blog/kitchen-refrigerator-spill-shelf-cleaning-feng-shui/,True,6,zh,Blog,UNKNOWN (supplied aggregate only),KEEP_INDEXABLE,current HTTP/robots eligibility; quality and search indexing separate
roomfeng.win,https://roomfeng.win/zh/blog/kitchen-refrigerator-vegetable-drawer-cleaning-feng-shui/,200,True,,,https://roomfeng.win/zh/blog/kitchen-refrigerator-vegetable-drawer-cleaning-feng-shui/,True,7,zh,Blog,UNKNOWN (supplied aggregate only),KEEP_INDEXABLE,current HTTP/robots eligibility; quality and search indexing separate
roomfeng.win,https://roomfeng.win/zh/blog/kitchen-refrigerator-water-dispenser-cleaning-feng-shui/,200,True,,,https://roomfeng.win/zh/blog/kitchen-refrigerator-water-dispenser-cleaning-feng-shui/,True,5,zh,Blog,UNKNOWN (supplied aggregate only),KEEP_INDEXABLE,current HTTP/robots eligibility; quality and search indexing separate
roomfeng.win,https://roomfeng.win/zh/blog/kitchen-reusable-food-bag-storage-feng-shui/,200,True,,,https://roomfeng.win/zh/blog/kitchen-reusable-food-bag-storage-feng-shui/,True,3,zh,Blog,UNKNOWN (supplied aggregate only),KEEP_INDEXABLE,current HTTP/robots eligibility; quality and search indexing separate
roomfeng.win,https://roomfeng.win/zh/blog/kitchen-reusable-shopping-bag-feng-shui/,200,True,,,https://roomfeng.win/zh/blog/kitchen-reusable-shopping-bag-feng-shui/,True,5,zh,Blog,UNKNOWN (supplied aggregate only),KEEP_INDEXABLE,current HTTP/robots eligibility; quality and search indexing separate
roomfeng.win,https://roomfeng.win/zh/blog/kitchen-rice-cooker-cleaning-storage-feng-shui/,200,True,,,https://roomfeng.win/zh/blog/kitchen-rice-cooker-cleaning-storage-feng-shui/,True,7,zh,Blog,UNKNOWN (supplied aggregate only),KEEP_INDEXABLE,current HTTP/robots eligibility; quality and search indexing separate
roomfeng.win,https://roomfeng.win/zh/blog/kitchen-rice-cooker-feng-shui/,200,True,,,https://roomfeng.win/zh/blog/kitchen-rice-cooker-feng-shui/,True,6,zh,Blog,UNKNOWN (supplied aggregate only),KEEP_INDEXABLE,current HTTP/robots eligibility; quality and search indexing separate
roomfeng.win,https://roomfeng.win/zh/blog/kitchen-rice-cooker-inner-lid-cleaning-feng-shui/,200,True,,,https://roomfeng.win/zh/blog/kitchen-rice-cooker-inner-lid-cleaning-feng-shui/,True,5,zh,Blog,UNKNOWN (supplied aggregate only),KEEP_INDEXABLE,current HTTP/robots eligibility; quality and search indexing separate
roomfeng.win,https://roomfeng.win/zh/blog/kitchen-rice-cooker-inner-pot-cleaning-feng-shui/,200,True,,,https://roomfeng.win/zh/blog/kitchen-rice-cooker-inner-pot-cleaning-feng-shui/,True,4,zh,Blog,UNKNOWN (supplied aggregate only),KEEP_INDEXABLE,current HTTP/robots eligibility; quality and search indexing separate
roomfeng.win,https://roomfeng.win/zh/blog/kitchen-rice-cooker-steam-vent-cleaning-feng-shui/,200,True,,,https://roomfeng.win/zh/blog/kitchen-rice-cooker-steam-vent-cleaning-feng-shui/,True,4,zh,Blog,UNKNOWN (supplied aggregate only),KEEP_INDEXABLE,current HTTP/robots eligibility; quality and search indexing separate
roomfeng.win,https://roomfeng.win/zh/blog/kitchen-rice-scoop-storage-feng-shui/,200,True,,,https://roomfeng.win/zh/blog/kitchen-rice-scoop-storage-feng-shui/,True,3,zh,Blog,UNKNOWN (supplied aggregate only),KEEP_INDEXABLE,current HTTP/robots eligibility; quality and search indexing separate
roomfeng.win,https://roomfeng.win/zh/blog/kitchen-sandwich-maker-feng-shui/,200,True,,,https://roomfeng.win/zh/blog/kitchen-sandwich-maker-feng-shui/,True,4,zh,Blog,UNKNOWN (supplied aggregate only),KEEP_INDEXABLE,current HTTP/robots eligibility; quality and search indexing separate
roomfeng.win,https://roomfeng.win/zh/blog/kitchen-sandwich-maker-plate-cleaning-feng-shui/,200,True,,,https://roomfeng.win/zh/blog/kitchen-sandwich-maker-plate-cleaning-feng-shui/,True,8,zh,Blog,UNKNOWN (supplied aggregate only),KEEP_INDEXABLE,current HTTP/robots eligibility; quality and search indexing separate
roomfeng.win,https://roomfeng.win/zh/blog/kitchen-serving-tray-storage-feng-shui/,200,True,,,https://roomfeng.win/zh/blog/kitchen-serving-tray-storage-feng-shui/,True,3,zh,Blog,UNKNOWN (supplied aggregate only),KEEP_INDEXABLE,current HTTP/robots eligibility; quality and search indexing separate
roomfeng.win,https://roomfeng.win/zh/blog/kitchen-sink-aerator-cleaning-feng-shui/,200,True,,,https://roomfeng.win/zh/blog/kitchen-sink-aerator-cleaning-feng-shui/,True,4,zh,Blog,UNKNOWN (supplied aggregate only),KEEP_INDEXABLE,current HTTP/robots eligibility; quality and search indexing separate
roomfeng.win,https://roomfeng.win/zh/blog/kitchen-sink-basin-cleaning-feng-shui/,200,True,,,https://roomfeng.win/zh/blog/kitchen-sink-basin-cleaning-feng-shui/,True,5,zh,Blog,UNKNOWN (supplied aggregate only),KEEP_INDEXABLE,current HTTP/robots eligibility; quality and search indexing separate
roomfeng.win,https://roomfeng.win/zh/blog/kitchen-sink-cleaning-feng-shui/,200,True,,,https://roomfeng.win/zh/blog/kitchen-sink-cleaning-feng-shui/,True,19,zh,Blog,UNKNOWN (supplied aggregate only),KEEP_INDEXABLE,current HTTP/robots eligibility; quality and search indexing separate
roomfeng.win,https://roomfeng.win/zh/blog/kitchen-sink-drain-basket-cleaning-feng-shui/,200,True,,,https://roomfeng.win/zh/blog/kitchen-sink-drain-basket-cleaning-feng-shui/,True,4,zh,Blog,UNKNOWN (supplied aggregate only),KEEP_INDEXABLE,current HTTP/robots eligibility; quality and search indexing separate
roomfeng.win,https://roomfeng.win/zh/blog/kitchen-sink-drain-pipe-leak-feng-shui/,200,True,,,https://roomfeng.win/zh/blog/kitchen-sink-drain-pipe-leak-feng-shui/,True,4,zh,Blog,UNKNOWN (supplied aggregate only),KEEP_INDEXABLE,current HTTP/robots eligibility; quality and search indexing separate
roomfeng.win,https://roomfeng.win/zh/blog/kitchen-sink-drain-strainer-cleaning-feng-shui/,200,True,,,https://roomfeng.win/zh/blog/kitchen-sink-drain-strainer-cleaning-feng-shui/,True,6,zh,Blog,UNKNOWN (supplied aggregate only),KEEP_INDEXABLE,current HTTP/robots eligibility; quality and search indexing separate
roomfeng.win,https://roomfeng.win/zh/blog/kitchen-sink-faucet-aerator-cleaning-feng-shui/,200,True,,,https://roomfeng.win/zh/blog/kitchen-sink-faucet-aerator-cleaning-feng-shui/,True,6,zh,Blog,UNKNOWN (supplied aggregate only),KEEP_INDEXABLE,current HTTP/robots eligibility; quality and search indexing separate
roomfeng.win,https://roomfeng.win/zh/blog/kitchen-sink-faucet-base-cleaning-feng-shui/,200,True,,,https://roomfeng.win/zh/blog/kitchen-sink-faucet-base-cleaning-feng-shui/,True,4,zh,Blog,UNKNOWN (supplied aggregate only),KEEP_INDEXABLE,current HTTP/robots eligibility; quality and search indexing separate
roomfeng.win,https://roomfeng.win/zh/blog/kitchen-sink-faucet-cleaning-feng-shui/,200,True,,,https://roomfeng.win/zh/blog/kitchen-sink-faucet-cleaning-feng-shui/,True,7,zh,Blog,UNKNOWN (supplied aggregate only),KEEP_INDEXABLE,current HTTP/robots eligibility; quality and search indexing separate
roomfeng.win,https://roomfeng.win/zh/blog/kitchen-sink-faucet-handle-cleaning-feng-shui/,200,True,,,https://roomfeng.win/zh/blog/kitchen-sink-faucet-handle-cleaning-feng-shui/,True,4,zh,Blog,UNKNOWN (supplied aggregate only),KEEP_INDEXABLE,current HTTP/robots eligibility; quality and search indexing separate
roomfeng.win,https://roomfeng.win/zh/blog/kitchen-sink-faucet-leak-feng-shui/,200,True,,,https://roomfeng.win/zh/blog/kitchen-sink-faucet-leak-feng-shui/,True,7,zh,Blog,UNKNOWN (supplied aggregate only),KEEP_INDEXABLE,current HTTP/robots eligibility; quality and search indexing separate
roomfeng.win,https://roomfeng.win/zh/blog/kitchen-sink-overflow-hole-cleaning-feng-shui/,200,True,,,https://roomfeng.win/zh/blog/kitchen-sink-overflow-hole-cleaning-feng-shui/,True,4,zh,Blog,UNKNOWN (supplied aggregate only),KEEP_INDEXABLE,current HTTP/robots eligibility; quality and search indexing separate
roomfeng.win,https://roomfeng.win/zh/blog/kitchen-sink-strainer-cleaning-feng-shui/,200,True,,,https://roomfeng.win/zh/blog/kitchen-sink-strainer-cleaning-feng-shui/,True,8,zh,Blog,UNKNOWN (supplied aggregate only),KEEP_INDEXABLE,current HTTP/robots eligibility; quality and search indexing separate
roomfeng.win,https://roomfeng.win/zh/blog/kitchen-sink-under-cabinet-storage-feng-shui/,200,True,,,https://roomfeng.win/zh/blog/kitchen-sink-under-cabinet-storage-feng-shui/,True,6,zh,Blog,UNKNOWN (supplied aggregate only),KEEP_INDEXABLE,current HTTP/robots eligibility; quality and search indexing separate
roomfeng.win,https://roomfeng.win/zh/blog/kitchen-smoke-alarm-feng-shui/,200,True,,,https://roomfeng.win/zh/blog/kitchen-smoke-alarm-feng-shui/,True,6,zh,Blog,UNKNOWN (supplied aggregate only),KEEP_INDEXABLE,current HTTP/robots eligibility; quality and search indexing separate
roomfeng.win,https://roomfeng.win/zh/blog/kitchen-spatula-storage-feng-shui/,200,True,,,https://roomfeng.win/zh/blog/kitchen-spatula-storage-feng-shui/,True,4,zh,Blog,UNKNOWN (supplied aggregate only),KEEP_INDEXABLE,current HTTP/robots eligibility; quality and search indexing separate
roomfeng.win,https://roomfeng.win/zh/blog/kitchen-spice-drawer-feng-shui/,200,True,,,https://roomfeng.win/zh/blog/kitchen-spice-drawer-feng-shui/,True,6,zh,Blog,UNKNOWN (supplied aggregate only),KEEP_INDEXABLE,current HTTP/robots eligibility; quality and search indexing separate
roomfeng.win,https://roomfeng.win/zh/blog/kitchen-spice-jar-cleaning-feng-shui/,200,True,,,https://roomfeng.win/zh/blog/kitchen-spice-jar-cleaning-feng-shui/,True,3,zh,Blog,UNKNOWN (supplied aggregate only),KEEP_INDEXABLE,current HTTP/robots eligibility; quality and search indexing separate
roomfeng.win,https://roomfeng.win/zh/blog/kitchen-spice-jar-label-cleaning-feng-shui/,200,True,,,https://roomfeng.win/zh/blog/kitchen-spice-jar-label-cleaning-feng-shui/,True,5,zh,Blog,UNKNOWN (supplied aggregate only),KEEP_INDEXABLE,current HTTP/robots eligibility; quality and search indexing separate
roomfeng.win,https://roomfeng.win/zh/blog/kitchen-spice-rack-cleaning-feng-shui/,200,True,,,https://roomfeng.win/zh/blog/kitchen-spice-rack-cleaning-feng-shui/,True,7,zh,Blog,UNKNOWN (supplied aggregate only),KEEP_INDEXABLE,current HTTP/robots eligibility; quality and search indexing separate
roomfeng.win,https://roomfeng.win/zh/blog/kitchen-spice-rack-feng-shui/,200,True,,,https://roomfeng.win/zh/blog/kitchen-spice-rack-feng-shui/,True,9,zh,Blog,UNKNOWN (supplied aggregate only),KEEP_INDEXABLE,current HTTP/robots eligibility; quality and search indexing separate
roomfeng.win,https://roomfeng.win/zh/blog/kitchen-sponge-cleaning-feng-shui/,200,True,,,https://roomfeng.win/zh/blog/kitchen-sponge-cleaning-feng-shui/,True,3,zh,Blog,UNKNOWN (supplied aggregate only),KEEP_INDEXABLE,current HTTP/robots eligibility; quality and search indexing separate
roomfeng.win,https://roomfeng.win/zh/blog/kitchen-sponge-cloth-drying-storage-feng-shui/,200,True,,,https://roomfeng.win/zh/blog/kitchen-sponge-cloth-drying-storage-feng-shui/,True,6,zh,Blog,UNKNOWN (supplied aggregate only),KEEP_INDEXABLE,current HTTP/robots eligibility; quality and search indexing separate
roomfeng.win,https://roomfeng.win/zh/blog/kitchen-sponge-cloth-storage-feng-shui/,200,True,,,https://roomfeng.win/zh/blog/kitchen-sponge-cloth-storage-feng-shui/,True,12,zh,Blog,UNKNOWN (supplied aggregate only),KEEP_INDEXABLE,current HTTP/robots eligibility; quality and search indexing separate
roomfeng.win,https://roomfeng.win/zh/blog/kitchen-stainless-steel-container-feng-shui/,200,True,,,https://roomfeng.win/zh/blog/kitchen-stainless-steel-container-feng-shui/,True,5,zh,Blog,UNKNOWN (supplied aggregate only),KEEP_INDEXABLE,current HTTP/robots eligibility; quality and search indexing separate
roomfeng.win,https://roomfeng.win/zh/blog/kitchen-stove-control-knob-cleaning-feng-shui/,200,True,,,https://roomfeng.win/zh/blog/kitchen-stove-control-knob-cleaning-feng-shui/,True,4,zh,Blog,UNKNOWN (supplied aggregate only),KEEP_INDEXABLE,current HTTP/robots eligibility; quality and search indexing separate
roomfeng.win,https://roomfeng.win/zh/blog/kitchen-tea-canister-feng-shui/,200,True,,,https://roomfeng.win/zh/blog/kitchen-tea-canister-feng-shui/,True,4,zh,Blog,UNKNOWN (supplied aggregate only),KEEP_INDEXABLE,current HTTP/robots eligibility; quality and search indexing separate
roomfeng.win,https://roomfeng.win/zh/blog/kitchen-tea-tray-feng-shui/,200,True,,,https://roomfeng.win/zh/blog/kitchen-tea-tray-feng-shui/,True,3,zh,Blog,UNKNOWN (supplied aggregate only),KEEP_INDEXABLE,current HTTP/robots eligibility; quality and search indexing separate
roomfeng.win,https://roomfeng.win/zh/blog/kitchen-thermos-storage-feng-shui/,200,True,,,https://roomfeng.win/zh/blog/kitchen-thermos-storage-feng-shui/,True,4,zh,Blog,UNKNOWN (supplied aggregate only),KEEP_INDEXABLE,current HTTP/robots eligibility; quality and search indexing separate
roomfeng.win,https://roomfeng.win/zh/blog/kitchen-toaster-crumb-cleaning-feng-shui/,200,True,,,https://roomfeng.win/zh/blog/kitchen-toaster-crumb-cleaning-feng-shui/,True,5,zh,Blog,UNKNOWN (supplied aggregate only),KEEP_INDEXABLE,current HTTP/robots eligibility; quality and search indexing separate
roomfeng.win,https://roomfeng.win/zh/blog/kitchen-toaster-crumb-tray-cleaning-feng-shui/,200,True,,,https://roomfeng.win/zh/blog/kitchen-toaster-crumb-tray-cleaning-feng-shui/,True,4,zh,Blog,UNKNOWN (supplied aggregate only),KEEP_INDEXABLE,current HTTP/robots eligibility; quality and search indexing separate
roomfeng.win,https://roomfeng.win/zh/blog/kitchen-toaster-feng-shui/,200,True,,,https://roomfeng.win/zh/blog/kitchen-toaster-feng-shui/,True,6,zh,Blog,UNKNOWN (supplied aggregate only),KEEP_INDEXABLE,current HTTP/robots eligibility; quality and search indexing separate
roomfeng.win,https://roomfeng.win/zh/blog/kitchen-tongs-storage-feng-shui/,200,True,,,https://roomfeng.win/zh/blog/kitchen-tongs-storage-feng-shui/,True,4,zh,Blog,UNKNOWN (supplied aggregate only),KEEP_INDEXABLE,current HTTP/robots eligibility; quality and search indexing separate
roomfeng.win,https://roomfeng.win/zh/blog/kitchen-trash-bin-cleaning-feng-shui/,200,True,,,https://roomfeng.win/zh/blog/kitchen-trash-bin-cleaning-feng-shui/,True,3,zh,Blog,UNKNOWN (supplied aggregate only),KEEP_INDEXABLE,current HTTP/robots eligibility; quality and search indexing separate
roomfeng.win,https://roomfeng.win/zh/blog/kitchen-under-sink-moisture-cleaning-feng-shui/,200,True,,,https://roomfeng.win/zh/blog/kitchen-under-sink-moisture-cleaning-feng-shui/,True,5,zh,Blog,UNKNOWN (supplied aggregate only),KEEP_INDEXABLE,current HTTP/robots eligibility; quality and search indexing separate
roomfeng.win,https://roomfeng.win/zh/blog/kitchen-upper-cabinet-feng-shui/,200,True,,,https://roomfeng.win/zh/blog/kitchen-upper-cabinet-feng-shui/,True,12,zh,Blog,UNKNOWN (supplied aggregate only),KEEP_INDEXABLE,current HTTP/robots eligibility; quality and search indexing separate
roomfeng.win,https://roomfeng.win/zh/blog/kitchen-water-dispenser-cleaning-feng-shui/,200,True,,,https://roomfeng.win/zh/blog/kitchen-water-dispenser-cleaning-feng-shui/,True,3,zh,Blog,UNKNOWN (supplied aggregate only),KEEP_INDEXABLE,current HTTP/robots eligibility; quality and search indexing separate
roomfeng.win,https://roomfeng.win/zh/blog/kitchen-water-dispenser-feng-shui/,200,True,,,https://roomfeng.win/zh/blog/kitchen-water-dispenser-feng-shui/,True,15,zh,Blog,UNKNOWN (supplied aggregate only),KEEP_INDEXABLE,current HTTP/robots eligibility; quality and search indexing separate
roomfeng.win,https://roomfeng.win/zh/blog/kitchen-water-filter-faucet-cleaning-feng-shui/,200,True,,,https://roomfeng.win/zh/blog/kitchen-water-filter-faucet-cleaning-feng-shui/,True,3,zh,Blog,UNKNOWN (supplied aggregate only),KEEP_INDEXABLE,current HTTP/robots eligibility; quality and search indexing separate
roomfeng.win,https://roomfeng.win/zh/blog/kitchen-water-filter-feng-shui/,200,True,,,https://roomfeng.win/zh/blog/kitchen-water-filter-feng-shui/,True,6,zh,Blog,UNKNOWN (supplied aggregate only),KEEP_INDEXABLE,current HTTP/robots eligibility; quality and search indexing separate
roomfeng.win,https://roomfeng.win/zh/blog/kitchen-water-filter-replacement-feng-shui/,200,True,,,https://roomfeng.win/zh/blog/kitchen-water-filter-replacement-feng-shui/,True,6,zh,Blog,UNKNOWN (supplied aggregate only),KEEP_INDEXABLE,current HTTP/robots eligibility; quality and search indexing separate
roomfeng.win,https://roomfeng.win/zh/blog/kitchen-window-feng-shui/,200,True,,,https://roomfeng.win/zh/blog/kitchen-window-feng-shui/,True,5,zh,Blog,UNKNOWN (supplied aggregate only),KEEP_INDEXABLE,current HTTP/robots eligibility; quality and search indexing separate
roomfeng.win,https://roomfeng.win/zh/blog/kitchen-wooden-spatula-cleaning-feng-shui/,200,True,,,https://roomfeng.win/zh/blog/kitchen-wooden-spatula-cleaning-feng-shui/,True,5,zh,Blog,UNKNOWN (supplied aggregate only),KEEP_INDEXABLE,current HTTP/robots eligibility; quality and search indexing separate
roomfeng.win,https://roomfeng.win/zh/blog/laundry-detergent-storage-feng-shui/,200,True,,,https://roomfeng.win/zh/blog/laundry-detergent-storage-feng-shui/,True,4,zh,Blog,UNKNOWN (supplied aggregate only),KEEP_INDEXABLE,current HTTP/robots eligibility; quality and search indexing separate
roomfeng.win,https://roomfeng.win/zh/blog/laundry-drying-rack-feng-shui/,200,True,,,https://roomfeng.win/zh/blog/laundry-drying-rack-feng-shui/,True,5,zh,Blog,UNKNOWN (supplied aggregate only),KEEP_INDEXABLE,current HTTP/robots eligibility; quality and search indexing separate
roomfeng.win,https://roomfeng.win/zh/blog/laundry-hamper-feng-shui/,200,True,,,https://roomfeng.win/zh/blog/laundry-hamper-feng-shui/,True,8,zh,Blog,UNKNOWN (supplied aggregate only),KEEP_INDEXABLE,current HTTP/robots eligibility; quality and search indexing separate
roomfeng.win,https://roomfeng.win/zh/blog/laundry-ironing-board-cover-cleaning-feng-shui/,200,True,,,https://roomfeng.win/zh/blog/laundry-ironing-board-cover-cleaning-feng-shui/,True,3,zh,Blog,UNKNOWN (supplied aggregate only),KEEP_INDEXABLE,current HTTP/robots eligibility; quality and search indexing separate
roomfeng.win,https://roomfeng.win/zh/blog/laundry-ironing-board-storage-feng-shui/,200,True,,,https://roomfeng.win/zh/blog/laundry-ironing-board-storage-feng-shui/,True,4,zh,Blog,UNKNOWN (supplied aggregate only),KEEP_INDEXABLE,current HTTP/robots eligibility; quality and search indexing separate
roomfeng.win,https://roomfeng.win/zh/blog/laundry-room-drying-rack-cleaning-feng-shui/,200,True,,,https://roomfeng.win/zh/blog/laundry-room-drying-rack-cleaning-feng-shui/,True,3,zh,Blog,UNKNOWN (supplied aggregate only),KEEP_INDEXABLE,current HTTP/robots eligibility; quality and search indexing separate
roomfeng.win,https://roomfeng.win/zh/blog/laundry-room-feng-shui/,200,True,,,https://roomfeng.win/zh/blog/laundry-room-feng-shui/,True,15,zh,Blog,UNKNOWN (supplied aggregate only),KEEP_INDEXABLE,current HTTP/robots eligibility; quality and search indexing separate
roomfeng.win,https://roomfeng.win/zh/blog/laundry-washing-machine-agitator-cleaning-feng-shui/,200,True,,,https://roomfeng.win/zh/blog/laundry-washing-machine-agitator-cleaning-feng-shui/,True,3,zh,Blog,UNKNOWN (supplied aggregate only),KEEP_INDEXABLE,current HTTP/robots eligibility; quality and search indexing separate
roomfeng.win,https://roomfeng.win/zh/blog/laundry-washing-machine-detergent-drawer-cleaning-feng-shui/,200,True,,,https://roomfeng.win/zh/blog/laundry-washing-machine-detergent-drawer-cleaning-feng-shui/,True,6,zh,Blog,UNKNOWN (supplied aggregate only),KEEP_INDEXABLE,current HTTP/robots eligibility; quality and search indexing separate
roomfeng.win,https://roomfeng.win/zh/blog/laundry-washing-machine-detergent-drawer-feng-shui/,200,True,,,https://roomfeng.win/zh/blog/laundry-washing-machine-detergent-drawer-feng-shui/,True,6,zh,Blog,UNKNOWN (supplied aggregate only),KEEP_INDEXABLE,current HTTP/robots eligibility; quality and search indexing separate
roomfeng.win,https://roomfeng.win/zh/blog/laundry-washing-machine-door-gasket-cleaning-feng-shui/,200,True,,,https://roomfeng.win/zh/blog/laundry-washing-machine-door-gasket-cleaning-feng-shui/,True,8,zh,Blog,UNKNOWN (supplied aggregate only),KEEP_INDEXABLE,current HTTP/robots eligibility; quality and search indexing separate
roomfeng.win,https://roomfeng.win/zh/blog/laundry-washing-machine-door-glass-cleaning-feng-shui/,200,True,,,https://roomfeng.win/zh/blog/laundry-washing-machine-door-glass-cleaning-feng-shui/,True,5,zh,Blog,UNKNOWN (supplied aggregate only),KEEP_INDEXABLE,current HTTP/robots eligibility; quality and search indexing separate
roomfeng.win,https://roomfeng.win/zh/blog/laundry-washing-machine-door-hinge-cleaning-feng-shui/,200,True,,,https://roomfeng.win/zh/blog/laundry-washing-machine-door-hinge-cleaning-feng-shui/,True,3,zh,Blog,UNKNOWN (supplied aggregate only),KEEP_INDEXABLE,current HTTP/robots eligibility; quality and search indexing separate
roomfeng.win,https://roomfeng.win/zh/blog/laundry-washing-machine-door-latch-cleaning-feng-shui/,200,True,,,https://roomfeng.win/zh/blog/laundry-washing-machine-door-latch-cleaning-feng-shui/,True,6,zh,Blog,UNKNOWN (supplied aggregate only),KEEP_INDEXABLE,current HTTP/robots eligibility; quality and search indexing separate
roomfeng.win,https://roomfeng.win/zh/blog/laundry-washing-machine-door-seal-cleaning-feng-shui/,200,True,,,https://roomfeng.win/zh/blog/laundry-washing-machine-door-seal-cleaning-feng-shui/,True,6,zh,Blog,UNKNOWN (supplied aggregate only),KEEP_INDEXABLE,current HTTP/robots eligibility; quality and search indexing separate
roomfeng.win,https://roomfeng.win/zh/blog/laundry-washing-machine-drain-hose-cleaning-feng-shui/,200,True,,,https://roomfeng.win/zh/blog/laundry-washing-machine-drain-hose-cleaning-feng-shui/,True,3,zh,Blog,UNKNOWN (supplied aggregate only),KEEP_INDEXABLE,current HTTP/robots eligibility; quality and search indexing separate
roomfeng.win,https://roomfeng.win/zh/blog/laundry-washing-machine-drain-pump-filter-cleaning-feng-shui/,200,True,,,https://roomfeng.win/zh/blog/laundry-washing-machine-drain-pump-filter-cleaning-feng-shui/,True,6,zh,Blog,UNKNOWN (supplied aggregate only),KEEP_INDEXABLE,current HTTP/robots eligibility; quality and search indexing separate
roomfeng.win,https://roomfeng.win/zh/blog/laundry-washing-machine-drum-cleaning-feng-shui/,200,True,,,https://roomfeng.win/zh/blog/laundry-washing-machine-drum-cleaning-feng-shui/,True,8,zh,Blog,UNKNOWN (supplied aggregate only),KEEP_INDEXABLE,current HTTP/robots eligibility; quality and search indexing separate
roomfeng.win,https://roomfeng.win/zh/blog/laundry-washing-machine-feng-shui/,200,True,,,https://roomfeng.win/zh/blog/laundry-washing-machine-feng-shui/,True,12,zh,Blog,UNKNOWN (supplied aggregate only),KEEP_INDEXABLE,current HTTP/robots eligibility; quality and search indexing separate
roomfeng.win,https://roomfeng.win/zh/blog/laundry-washing-machine-filter-cleaning-feng-shui/,200,True,,,https://roomfeng.win/zh/blog/laundry-washing-machine-filter-cleaning-feng-shui/,True,9,zh,Blog,UNKNOWN (supplied aggregate only),KEEP_INDEXABLE,current HTTP/robots eligibility; quality and search indexing separate
roomfeng.win,https://roomfeng.win/zh/blog/laundry-washing-machine-inlet-filter-cleaning-feng-shui/,200,True,,,https://roomfeng.win/zh/blog/laundry-washing-machine-inlet-filter-cleaning-feng-shui/,True,6,zh,Blog,UNKNOWN (supplied aggregate only),KEEP_INDEXABLE,current HTTP/robots eligibility; quality and search indexing separate
roomfeng.win,https://roomfeng.win/zh/blog/laundry-washing-machine-inlet-hose-feng-shui/,200,True,,,https://roomfeng.win/zh/blog/laundry-washing-machine-inlet-hose-feng-shui/,True,4,zh,Blog,UNKNOWN (supplied aggregate only),KEEP_INDEXABLE,current HTTP/robots eligibility; quality and search indexing separate
roomfeng.win,https://roomfeng.win/zh/blog/laundry-washing-machine-leveling-foot-cleaning-feng-shui/,200,True,,,https://roomfeng.win/zh/blog/laundry-washing-machine-leveling-foot-cleaning-feng-shui/,True,5,zh,Blog,UNKNOWN (supplied aggregate only),KEEP_INDEXABLE,current HTTP/robots eligibility; quality and search indexing separate
roomfeng.win,https://roomfeng.win/zh/blog/laundry-washing-machine-pedestal-cleaning-feng-shui/,200,True,,,https://roomfeng.win/zh/blog/laundry-washing-machine-pedestal-cleaning-feng-shui/,True,3,zh,Blog,UNKNOWN (supplied aggregate only),KEEP_INDEXABLE,current HTTP/robots eligibility; quality and search indexing separate
roomfeng.win,https://roomfeng.win/zh/blog/living-room-3d-printer-feng-shui/,200,True,,,https://roomfeng.win/zh/blog/living-room-3d-printer-feng-shui/,True,3,zh,Blog,UNKNOWN (supplied aggregate only),KEEP_INDEXABLE,current HTTP/robots eligibility; quality and search indexing separate
roomfeng.win,https://roomfeng.win/zh/blog/living-room-acoustic-panel-feng-shui/,200,True,,,https://roomfeng.win/zh/blog/living-room-acoustic-panel-feng-shui/,True,6,zh,Blog,UNKNOWN (supplied aggregate only),KEEP_INDEXABLE,current HTTP/robots eligibility; quality and search indexing separate
roomfeng.win,https://roomfeng.win/zh/blog/living-room-air-conditioner-condensation-feng-shui/,200,True,,,https://roomfeng.win/zh/blog/living-room-air-conditioner-condensation-feng-shui/,True,5,zh,Blog,UNKNOWN (supplied aggregate only),KEEP_INDEXABLE,current HTTP/robots eligibility; quality and search indexing separate
roomfeng.win,https://roomfeng.win/zh/blog/living-room-air-conditioner-drainage-feng-shui/,200,True,,,https://roomfeng.win/zh/blog/living-room-air-conditioner-drainage-feng-shui/,True,5,zh,Blog,UNKNOWN (supplied aggregate only),KEEP_INDEXABLE,current HTTP/robots eligibility; quality and search indexing separate
roomfeng.win,https://roomfeng.win/zh/blog/living-room-air-conditioner-feng-shui/,200,True,,,https://roomfeng.win/zh/blog/living-room-air-conditioner-feng-shui/,True,15,zh,Blog,UNKNOWN (supplied aggregate only),KEEP_INDEXABLE,current HTTP/robots eligibility; quality and search indexing separate
roomfeng.win,https://roomfeng.win/zh/blog/living-room-air-conditioner-filter-cleaning-feng-shui/,200,True,,,https://roomfeng.win/zh/blog/living-room-air-conditioner-filter-cleaning-feng-shui/,True,8,zh,Blog,UNKNOWN (supplied aggregate only),KEEP_INDEXABLE,current HTTP/robots eligibility; quality and search indexing separate
roomfeng.win,https://roomfeng.win/zh/blog/living-room-air-conditioner-remote-control-cleaning-feng-shui/,200,True,,,https://roomfeng.win/zh/blog/living-room-air-conditioner-remote-control-cleaning-feng-shui/,True,4,zh,Blog,UNKNOWN (supplied aggregate only),KEEP_INDEXABLE,current HTTP/robots eligibility; quality and search indexing separate
roomfeng.win,https://roomfeng.win/zh/blog/living-room-air-conditioner-return-air-cleaning-feng-shui/,200,True,,,https://roomfeng.win/zh/blog/living-room-air-conditioner-return-air-cleaning-feng-shui/,True,3,zh,Blog,UNKNOWN (supplied aggregate only),KEEP_INDEXABLE,current HTTP/robots eligibility; quality and search indexing separate
roomfeng.win,https://roomfeng.win/zh/blog/living-room-air-conditioner-return-air-feng-shui/,200,True,,,https://roomfeng.win/zh/blog/living-room-air-conditioner-return-air-feng-shui/,True,5,zh,Blog,UNKNOWN (supplied aggregate only),KEEP_INDEXABLE,current HTTP/robots eligibility; quality and search indexing separate
roomfeng.win,https://roomfeng.win/zh/blog/living-room-air-purifier-caster-cleaning-feng-shui/,200,True,,,https://roomfeng.win/zh/blog/living-room-air-purifier-caster-cleaning-feng-shui/,True,5,zh,Blog,UNKNOWN (supplied aggregate only),KEEP_INDEXABLE,current HTTP/robots eligibility; quality and search indexing separate
roomfeng.win,https://roomfeng.win/zh/blog/living-room-air-purifier-cleaning-feng-shui/,200,True,,,https://roomfeng.win/zh/blog/living-room-air-purifier-cleaning-feng-shui/,True,8,zh,Blog,UNKNOWN (supplied aggregate only),KEEP_INDEXABLE,current HTTP/robots eligibility; quality and search indexing separate
roomfeng.win,https://roomfeng.win/zh/blog/living-room-air-purifier-feng-shui/,200,True,,,https://roomfeng.win/zh/blog/living-room-air-purifier-feng-shui/,True,12,zh,Blog,UNKNOWN (supplied aggregate only),KEEP_INDEXABLE,current HTTP/robots eligibility; quality and search indexing separate
roomfeng.win,https://roomfeng.win/zh/blog/living-room-air-purifier-filter-cleaning-feng-shui/,200,True,,,https://roomfeng.win/zh/blog/living-room-air-purifier-filter-cleaning-feng-shui/,True,8,zh,Blog,UNKNOWN (supplied aggregate only),KEEP_INDEXABLE,current HTTP/robots eligibility; quality and search indexing separate
roomfeng.win,https://roomfeng.win/zh/blog/living-room-air-purifier-outlet-cleaning-feng-shui/,200,True,,,https://roomfeng.win/zh/blog/living-room-air-purifier-outlet-cleaning-feng-shui/,True,3,zh,Blog,UNKNOWN (supplied aggregate only),KEEP_INDEXABLE,current HTTP/robots eligibility; quality and search indexing separate
roomfeng.win,https://roomfeng.win/zh/blog/living-room-air-purifier-pre-filter-cleaning-feng-shui/,200,True,,,https://roomfeng.win/zh/blog/living-room-air-purifier-pre-filter-cleaning-feng-shui/,True,4,zh,Blog,UNKNOWN (supplied aggregate only),KEEP_INDEXABLE,current HTTP/robots eligibility; quality and search indexing separate
roomfeng.win,https://roomfeng.win/zh/blog/living-room-air-purifier-sensor-feng-shui/,200,True,,,https://roomfeng.win/zh/blog/living-room-air-purifier-sensor-feng-shui/,True,5,zh,Blog,UNKNOWN (supplied aggregate only),KEEP_INDEXABLE,current HTTP/robots eligibility; quality and search indexing separate
roomfeng.win,https://roomfeng.win/zh/blog/living-room-baby-gate-feng-shui/,200,True,,,https://roomfeng.win/zh/blog/living-room-baby-gate-feng-shui/,True,5,zh,Blog,UNKNOWN (supplied aggregate only),KEEP_INDEXABLE,current HTTP/robots eligibility; quality and search indexing separate
roomfeng.win,https://roomfeng.win/zh/blog/living-room-blanket-storage-feng-shui/,200,True,,,https://roomfeng.win/zh/blog/living-room-blanket-storage-feng-shui/,True,7,zh,Blog,UNKNOWN (supplied aggregate only),KEEP_INDEXABLE,current HTTP/robots eligibility; quality and search indexing separate
roomfeng.win,https://roomfeng.win/zh/blog/living-room-blinds-dust-cleaning-feng-shui/,200,True,,,https://roomfeng.win/zh/blog/living-room-blinds-dust-cleaning-feng-shui/,True,3,zh,Blog,UNKNOWN (supplied aggregate only),KEEP_INDEXABLE,current HTTP/robots eligibility; quality and search indexing separate
roomfeng.win,https://roomfeng.win/zh/blog/living-room-board-game-storage-feng-shui/,200,True,,,https://roomfeng.win/zh/blog/living-room-board-game-storage-feng-shui/,True,5,zh,Blog,UNKNOWN (supplied aggregate only),KEEP_INDEXABLE,current HTTP/robots eligibility; quality and search indexing separate
roomfeng.win,https://roomfeng.win/zh/blog/living-room-bookshelf-back-panel-cleaning-feng-shui/,200,True,,,https://roomfeng.win/zh/blog/living-room-bookshelf-back-panel-cleaning-feng-shui/,True,3,zh,Blog,UNKNOWN (supplied aggregate only),KEEP_INDEXABLE,current HTTP/robots eligibility; quality and search indexing separate
roomfeng.win,https://roomfeng.win/zh/blog/living-room-bookshelf-bottom-cleaning-feng-shui/,200,True,,,https://roomfeng.win/zh/blog/living-room-bookshelf-bottom-cleaning-feng-shui/,True,5,zh,Blog,UNKNOWN (supplied aggregate only),KEEP_INDEXABLE,current HTTP/robots eligibility; quality and search indexing separate
roomfeng.win,https://roomfeng.win/zh/blog/living-room-bookshelf-cleaning-feng-shui/,200,True,,,https://roomfeng.win/zh/blog/living-room-bookshelf-cleaning-feng-shui/,True,5,zh,Blog,UNKNOWN (supplied aggregate only),KEEP_INDEXABLE,current HTTP/robots eligibility; quality and search indexing separate
roomfeng.win,https://roomfeng.win/zh/blog/living-room-bookshelf-feng-shui/,200,True,,,https://roomfeng.win/zh/blog/living-room-bookshelf-feng-shui/,True,11,zh,Blog,UNKNOWN (supplied aggregate only),KEEP_INDEXABLE,current HTTP/robots eligibility; quality and search indexing separate
roomfeng.win,https://roomfeng.win/zh/blog/living-room-candle-storage-feng-shui/,200,True,,,https://roomfeng.win/zh/blog/living-room-candle-storage-feng-shui/,True,4,zh,Blog,UNKNOWN (supplied aggregate only),KEEP_INDEXABLE,current HTTP/robots eligibility; quality and search indexing separate
roomfeng.win,https://roomfeng.win/zh/blog/living-room-ceiling-fan-blade-cleaning-feng-shui/,200,True,,,https://roomfeng.win/zh/blog/living-room-ceiling-fan-blade-cleaning-feng-shui/,True,6,zh,Blog,UNKNOWN (supplied aggregate only),KEEP_INDEXABLE,current HTTP/robots eligibility; quality and search indexing separate
roomfeng.win,https://roomfeng.win/zh/blog/living-room-ceiling-fan-cleaning-feng-shui/,200,True,,,https://roomfeng.win/zh/blog/living-room-ceiling-fan-cleaning-feng-shui/,True,6,zh,Blog,UNKNOWN (supplied aggregate only),KEEP_INDEXABLE,current HTTP/robots eligibility; quality and search indexing separate
roomfeng.win,https://roomfeng.win/zh/blog/living-room-ceiling-fan-feng-shui/,200,True,,,https://roomfeng.win/zh/blog/living-room-ceiling-fan-feng-shui/,True,6,zh,Blog,UNKNOWN (supplied aggregate only),KEEP_INDEXABLE,current HTTP/robots eligibility; quality and search indexing separate
roomfeng.win,https://roomfeng.win/zh/blog/living-room-ceiling-fan-light-cleaning-feng-shui/,200,True,,,https://roomfeng.win/zh/blog/living-room-ceiling-fan-light-cleaning-feng-shui/,True,3,zh,Blog,UNKNOWN (supplied aggregate only),KEEP_INDEXABLE,current HTTP/robots eligibility; quality and search indexing separate
roomfeng.win,https://roomfeng.win/zh/blog/living-room-ceiling-light-cleaning-feng-shui/,200,True,,,https://roomfeng.win/zh/blog/living-room-ceiling-light-cleaning-feng-shui/,True,6,zh,Blog,UNKNOWN (supplied aggregate only),KEEP_INDEXABLE,current HTTP/robots eligibility; quality and search indexing separate
roomfeng.win,https://roomfeng.win/zh/blog/living-room-coffee-table-caster-cleaning-feng-shui/,200,True,,,https://roomfeng.win/zh/blog/living-room-coffee-table-caster-cleaning-feng-shui/,True,3,zh,Blog,UNKNOWN (supplied aggregate only),KEEP_INDEXABLE,current HTTP/robots eligibility; quality and search indexing separate
roomfeng.win,https://roomfeng.win/zh/blog/living-room-coffee-table-edge-cleaning-feng-shui/,200,True,,,https://roomfeng.win/zh/blog/living-room-coffee-table-edge-cleaning-feng-shui/,True,6,zh,Blog,UNKNOWN (supplied aggregate only),KEEP_INDEXABLE,current HTTP/robots eligibility; quality and search indexing separate
roomfeng.win,https://roomfeng.win/zh/blog/living-room-coffee-table-glass-cleaning-feng-shui/,200,True,,,https://roomfeng.win/zh/blog/living-room-coffee-table-glass-cleaning-feng-shui/,True,3,zh,Blog,UNKNOWN (supplied aggregate only),KEEP_INDEXABLE,current HTTP/robots eligibility; quality and search indexing separate
roomfeng.win,https://roomfeng.win/zh/blog/living-room-coffee-table-lower-shelf-cleaning-feng-shui/,200,True,,,https://roomfeng.win/zh/blog/living-room-coffee-table-lower-shelf-cleaning-feng-shui/,True,4,zh,Blog,UNKNOWN (supplied aggregate only),KEEP_INDEXABLE,current HTTP/robots eligibility; quality and search indexing separate
roomfeng.win,https://roomfeng.win/zh/blog/living-room-coffee-table-top-cleaning-feng-shui/,200,True,,,https://roomfeng.win/zh/blog/living-room-coffee-table-top-cleaning-feng-shui/,True,7,zh,Blog,UNKNOWN (supplied aggregate only),KEEP_INDEXABLE,current HTTP/robots eligibility; quality and search indexing separate
roomfeng.win,https://roomfeng.win/zh/blog/living-room-coffee-table-under-cleaning-feng-shui/,200,True,,,https://roomfeng.win/zh/blog/living-room-coffee-table-under-cleaning-feng-shui/,True,6,zh,Blog,UNKNOWN (supplied aggregate only),KEEP_INDEXABLE,current HTTP/robots eligibility; quality and search indexing separate
roomfeng.win,https://roomfeng.win/zh/blog/living-room-coffee-table-under-surface-cleaning-feng-shui/,200,True,,,https://roomfeng.win/zh/blog/living-room-coffee-table-under-surface-cleaning-feng-shui/,True,8,zh,Blog,UNKNOWN (supplied aggregate only),KEEP_INDEXABLE,current HTTP/robots eligibility; quality and search indexing separate
roomfeng.win,https://roomfeng.win/zh/blog/living-room-column-feng-shui/,200,True,,,https://roomfeng.win/zh/blog/living-room-column-feng-shui/,True,7,zh,Blog,UNKNOWN (supplied aggregate only),KEEP_INDEXABLE,current HTTP/robots eligibility; quality and search indexing separate
roomfeng.win,https://roomfeng.win/zh/blog/living-room-corner-shelf-feng-shui/,200,True,,,https://roomfeng.win/zh/blog/living-room-corner-shelf-feng-shui/,True,3,zh,Blog,UNKNOWN (supplied aggregate only),KEEP_INDEXABLE,current HTTP/robots eligibility; quality and search indexing separate
roomfeng.win,https://roomfeng.win/zh/blog/living-room-craft-cart-feng-shui/,200,True,,,https://roomfeng.win/zh/blog/living-room-craft-cart-feng-shui/,True,3,zh,Blog,UNKNOWN (supplied aggregate only),KEEP_INDEXABLE,current HTTP/robots eligibility; quality and search indexing separate
roomfeng.win,https://roomfeng.win/zh/blog/living-room-curtain-cleaning-feng-shui/,200,True,,,https://roomfeng.win/zh/blog/living-room-curtain-cleaning-feng-shui/,True,5,zh,Blog,UNKNOWN (supplied aggregate only),KEEP_INDEXABLE,current HTTP/robots eligibility; quality and search indexing separate
roomfeng.win,https://roomfeng.win/zh/blog/living-room-curtain-dust-cleaning-feng-shui/,200,True,,,https://roomfeng.win/zh/blog/living-room-curtain-dust-cleaning-feng-shui/,True,5,zh,Blog,UNKNOWN (supplied aggregate only),KEEP_INDEXABLE,current HTTP/robots eligibility; quality and search indexing separate
roomfeng.win,https://roomfeng.win/zh/blog/living-room-curtain-feng-shui/,200,True,,,https://roomfeng.win/zh/blog/living-room-curtain-feng-shui/,True,13,zh,Blog,UNKNOWN (supplied aggregate only),KEEP_INDEXABLE,current HTTP/robots eligibility; quality and search indexing separate
roomfeng.win,https://roomfeng.win/zh/blog/living-room-curtain-hem-cleaning-feng-shui/,200,True,,,https://roomfeng.win/zh/blog/living-room-curtain-hem-cleaning-feng-shui/,True,3,zh,Blog,UNKNOWN (supplied aggregate only),KEEP_INDEXABLE,current HTTP/robots eligibility; quality and search indexing separate
roomfeng.win,https://roomfeng.win/zh/blog/living-room-curtain-rail-cleaning-feng-shui/,200,True,,,https://roomfeng.win/zh/blog/living-room-curtain-rail-cleaning-feng-shui/,True,6,zh,Blog,UNKNOWN (supplied aggregate only),KEEP_INDEXABLE,current HTTP/robots eligibility; quality and search indexing separate
roomfeng.win,https://roomfeng.win/zh/blog/living-room-curtain-rod-cleaning-feng-shui/,200,True,,,https://roomfeng.win/zh/blog/living-room-curtain-rod-cleaning-feng-shui/,True,3,zh,Blog,UNKNOWN (supplied aggregate only),KEEP_INDEXABLE,current HTTP/robots eligibility; quality and search indexing separate
roomfeng.win,https://roomfeng.win/zh/blog/living-room-curtain-rod-feng-shui/,200,True,,,https://roomfeng.win/zh/blog/living-room-curtain-rod-feng-shui/,True,6,zh,Blog,UNKNOWN (supplied aggregate only),KEEP_INDEXABLE,current HTTP/robots eligibility; quality and search indexing separate
roomfeng.win,https://roomfeng.win/zh/blog/living-room-cushion-cover-cleaning-feng-shui/,200,True,,,https://roomfeng.win/zh/blog/living-room-cushion-cover-cleaning-feng-shui/,True,5,zh,Blog,UNKNOWN (supplied aggregate only),KEEP_INDEXABLE,current HTTP/robots eligibility; quality and search indexing separate
roomfeng.win,https://roomfeng.win/zh/blog/living-room-cushion-storage-feng-shui/,200,True,,,https://roomfeng.win/zh/blog/living-room-cushion-storage-feng-shui/,True,7,zh,Blog,UNKNOWN (supplied aggregate only),KEEP_INDEXABLE,current HTTP/robots eligibility; quality and search indexing separate
roomfeng.win,https://roomfeng.win/zh/blog/living-room-dehumidifier-cord-feng-shui/,200,True,,,https://roomfeng.win/zh/blog/living-room-dehumidifier-cord-feng-shui/,True,5,zh,Blog,UNKNOWN (supplied aggregate only),KEEP_INDEXABLE,current HTTP/robots eligibility; quality and search indexing separate
roomfeng.win,https://roomfeng.win/zh/blog/living-room-dehumidifier-drainage-feng-shui/,200,True,,,https://roomfeng.win/zh/blog/living-room-dehumidifier-drainage-feng-shui/,True,7,zh,Blog,UNKNOWN (supplied aggregate only),KEEP_INDEXABLE,current HTTP/robots eligibility; quality and search indexing separate
roomfeng.win,https://roomfeng.win/zh/blog/living-room-dehumidifier-feng-shui/,200,True,,,https://roomfeng.win/zh/blog/living-room-dehumidifier-feng-shui/,True,13,zh,Blog,UNKNOWN (supplied aggregate only),KEEP_INDEXABLE,current HTTP/robots eligibility; quality and search indexing separate
roomfeng.win,https://roomfeng.win/zh/blog/living-room-dehumidifier-filter-cleaning-feng-shui/,200,True,,,https://roomfeng.win/zh/blog/living-room-dehumidifier-filter-cleaning-feng-shui/,True,4,zh,Blog,UNKNOWN (supplied aggregate only),KEEP_INDEXABLE,current HTTP/robots eligibility; quality and search indexing separate
roomfeng.win,https://roomfeng.win/zh/blog/living-room-dehumidifier-floor-protection-feng-shui/,200,True,,,https://roomfeng.win/zh/blog/living-room-dehumidifier-floor-protection-feng-shui/,True,3,zh,Blog,UNKNOWN (supplied aggregate only),KEEP_INDEXABLE,current HTTP/robots eligibility; quality and search indexing separate
roomfeng.win,https://roomfeng.win/zh/blog/living-room-dehumidifier-noise-feng-shui/,200,True,,,https://roomfeng.win/zh/blog/living-room-dehumidifier-noise-feng-shui/,True,5,zh,Blog,UNKNOWN (supplied aggregate only),KEEP_INDEXABLE,current HTTP/robots eligibility; quality and search indexing separate
roomfeng.win,https://roomfeng.win/zh/blog/living-room-dehumidifier-water-tank-feng-shui/,200,True,,,https://roomfeng.win/zh/blog/living-room-dehumidifier-water-tank-feng-shui/,True,6,zh,Blog,UNKNOWN (supplied aggregate only),KEEP_INDEXABLE,current HTTP/robots eligibility; quality and search indexing separate
roomfeng.win,https://roomfeng.win/zh/blog/living-room-diffuser-storage-feng-shui/,200,True,,,https://roomfeng.win/zh/blog/living-room-diffuser-storage-feng-shui/,True,3,zh,Blog,UNKNOWN (supplied aggregate only),KEEP_INDEXABLE,current HTTP/robots eligibility; quality and search indexing separate
roomfeng.win,https://roomfeng.win/zh/blog/living-room-digital-photo-frame-feng-shui/,200,True,,,https://roomfeng.win/zh/blog/living-room-digital-photo-frame-feng-shui/,True,3,zh,Blog,UNKNOWN (supplied aggregate only),KEEP_INDEXABLE,current HTTP/robots eligibility; quality and search indexing separate
roomfeng.win,https://roomfeng.win/zh/blog/living-room-display-cabinet-feng-shui/,200,True,,,https://roomfeng.win/zh/blog/living-room-display-cabinet-feng-shui/,True,9,zh,Blog,UNKNOWN (supplied aggregate only),KEEP_INDEXABLE,current HTTP/robots eligibility; quality and search indexing separate
roomfeng.win,https://roomfeng.win/zh/blog/living-room-display-cabinet-glass-cleaning-feng-shui/,200,True,,,https://roomfeng.win/zh/blog/living-room-display-cabinet-glass-cleaning-feng-shui/,True,4,zh,Blog,UNKNOWN (supplied aggregate only),KEEP_INDEXABLE,current HTTP/robots eligibility; quality and search indexing separate
roomfeng.win,https://roomfeng.win/zh/blog/living-room-electric-heater-feng-shui/,200,True,,,https://roomfeng.win/zh/blog/living-room-electric-heater-feng-shui/,True,3,zh,Blog,UNKNOWN (supplied aggregate only),KEEP_INDEXABLE,current HTTP/robots eligibility; quality and search indexing separate
roomfeng.win,https://roomfeng.win/zh/blog/living-room-exercise-bike-feng-shui/,200,True,,,https://roomfeng.win/zh/blog/living-room-exercise-bike-feng-shui/,True,3,zh,Blog,UNKNOWN (supplied aggregate only),KEEP_INDEXABLE,current HTTP/robots eligibility; quality and search indexing separate
roomfeng.win,https://roomfeng.win/zh/blog/living-room-extension-cord-feng-shui/,200,True,,,https://roomfeng.win/zh/blog/living-room-extension-cord-feng-shui/,True,17,zh,Blog,UNKNOWN (supplied aggregate only),KEEP_INDEXABLE,current HTTP/robots eligibility; quality and search indexing separate
roomfeng.win,https://roomfeng.win/zh/blog/living-room-family-calendar-feng-shui/,200,True,,,https://roomfeng.win/zh/blog/living-room-family-calendar-feng-shui/,True,6,zh,Blog,UNKNOWN (supplied aggregate only),KEEP_INDEXABLE,current HTTP/robots eligibility; quality and search indexing separate
roomfeng.win,https://roomfeng.win/zh/blog/living-room-fire-extinguisher-feng-shui/,200,True,,,https://roomfeng.win/zh/blog/living-room-fire-extinguisher-feng-shui/,True,3,zh,Blog,UNKNOWN (supplied aggregate only),KEEP_INDEXABLE,current HTTP/robots eligibility; quality and search indexing separate
roomfeng.win,https://roomfeng.win/zh/blog/living-room-fish-tank-feng-shui/,200,True,,,https://roomfeng.win/zh/blog/living-room-fish-tank-feng-shui/,True,4,zh,Blog,UNKNOWN (supplied aggregate only),KEEP_INDEXABLE,current HTTP/robots eligibility; quality and search indexing separate
roomfeng.win,https://roomfeng.win/zh/blog/living-room-floor-cushion-feng-shui/,200,True,,,https://roomfeng.win/zh/blog/living-room-floor-cushion-feng-shui/,True,3,zh,Blog,UNKNOWN (supplied aggregate only),KEEP_INDEXABLE,current HTTP/robots eligibility; quality and search indexing separate
roomfeng.win,https://roomfeng.win/zh/blog/living-room-floor-fan-cleaning-feng-shui/,200,True,,,https://roomfeng.win/zh/blog/living-room-floor-fan-cleaning-feng-shui/,True,5,zh,Blog,UNKNOWN (supplied aggregate only),KEEP_INDEXABLE,current HTTP/robots eligibility; quality and search indexing separate
roomfeng.win,https://roomfeng.win/zh/blog/living-room-floor-fan-grille-cleaning-feng-shui/,200,True,,,https://roomfeng.win/zh/blog/living-room-floor-fan-grille-cleaning-feng-shui/,True,7,zh,Blog,UNKNOWN (supplied aggregate only),KEEP_INDEXABLE,current HTTP/robots eligibility; quality and search indexing separate
roomfeng.win,https://roomfeng.win/zh/blog/living-room-floor-fan-speed-button-cleaning-feng-shui/,200,True,,,https://roomfeng.win/zh/blog/living-room-floor-fan-speed-button-cleaning-feng-shui/,True,3,zh,Blog,UNKNOWN (supplied aggregate only),KEEP_INDEXABLE,current HTTP/robots eligibility; quality and search indexing separate
roomfeng.win,https://roomfeng.win/zh/blog/living-room-floor-lamp-cleaning-feng-shui/,200,True,,,https://roomfeng.win/zh/blog/living-room-floor-lamp-cleaning-feng-shui/,True,6,zh,Blog,UNKNOWN (supplied aggregate only),KEEP_INDEXABLE,current HTTP/robots eligibility; quality and search indexing separate
roomfeng.win,https://roomfeng.win/zh/blog/living-room-floor-lamp-cord-cleaning-feng-shui/,200,True,,,https://roomfeng.win/zh/blog/living-room-floor-lamp-cord-cleaning-feng-shui/,True,3,zh,Blog,UNKNOWN (supplied aggregate only),KEEP_INDEXABLE,current HTTP/robots eligibility; quality and search indexing separate
roomfeng.win,https://roomfeng.win/zh/blog/living-room-floor-lamp-cord-storage-feng-shui/,200,True,,,https://roomfeng.win/zh/blog/living-room-floor-lamp-cord-storage-feng-shui/,True,6,zh,Blog,UNKNOWN (supplied aggregate only),KEEP_INDEXABLE,current HTTP/robots eligibility; quality and search indexing separate
roomfeng.win,https://roomfeng.win/zh/blog/living-room-floor-lamp-feng-shui/,200,True,,,https://roomfeng.win/zh/blog/living-room-floor-lamp-feng-shui/,True,14,zh,Blog,UNKNOWN (supplied aggregate only),KEEP_INDEXABLE,current HTTP/robots eligibility; quality and search indexing separate
roomfeng.win,https://roomfeng.win/zh/blog/living-room-floor-mirror-feng-shui/,200,True,,,https://roomfeng.win/zh/blog/living-room-floor-mirror-feng-shui/,True,3,zh,Blog,UNKNOWN (supplied aggregate only),KEEP_INDEXABLE,current HTTP/robots eligibility; quality and search indexing separate
roomfeng.win,https://roomfeng.win/zh/blog/living-room-folding-clothes-rack-feng-shui/,200,True,,,https://roomfeng.win/zh/blog/living-room-folding-clothes-rack-feng-shui/,True,3,zh,Blog,UNKNOWN (supplied aggregate only),KEEP_INDEXABLE,current HTTP/robots eligibility; quality and search indexing separate
roomfeng.win,https://roomfeng.win/zh/blog/living-room-folding-table-feng-shui/,200,True,,,https://roomfeng.win/zh/blog/living-room-folding-table-feng-shui/,True,6,zh,Blog,UNKNOWN (supplied aggregate only),KEEP_INDEXABLE,current HTTP/robots eligibility; quality and search indexing separate
roomfeng.win,https://roomfeng.win/zh/blog/living-room-footstool-feng-shui/,200,True,,,https://roomfeng.win/zh/blog/living-room-footstool-feng-shui/,True,10,zh,Blog,UNKNOWN (supplied aggregate only),KEEP_INDEXABLE,current HTTP/robots eligibility; quality and search indexing separate
roomfeng.win,https://roomfeng.win/zh/blog/living-room-game-console-vent-cleaning-feng-shui/,200,True,,,https://roomfeng.win/zh/blog/living-room-game-console-vent-cleaning-feng-shui/,True,5,zh,Blog,UNKNOWN (supplied aggregate only),KEEP_INDEXABLE,current HTTP/robots eligibility; quality and search indexing separate
roomfeng.win,https://roomfeng.win/zh/blog/living-room-game-controller-cleaning-feng-shui/,200,True,,,https://roomfeng.win/zh/blog/living-room-game-controller-cleaning-feng-shui/,True,5,zh,Blog,UNKNOWN (supplied aggregate only),KEEP_INDEXABLE,current HTTP/robots eligibility; quality and search indexing separate
roomfeng.win,https://roomfeng.win/zh/blog/living-room-guitar-storage-feng-shui/,200,True,,,https://roomfeng.win/zh/blog/living-room-guitar-storage-feng-shui/,True,3,zh,Blog,UNKNOWN (supplied aggregate only),KEEP_INDEXABLE,current HTTP/robots eligibility; quality and search indexing separate
roomfeng.win,https://roomfeng.win/zh/blog/living-room-high-chair-feng-shui/,200,True,,,https://roomfeng.win/zh/blog/living-room-high-chair-feng-shui/,True,7,zh,Blog,UNKNOWN (supplied aggregate only),KEEP_INDEXABLE,current HTTP/robots eligibility; quality and search indexing separate
roomfeng.win,https://roomfeng.win/zh/blog/living-room-light-switch-cleaning-feng-shui/,200,True,,,https://roomfeng.win/zh/blog/living-room-light-switch-cleaning-feng-shui/,True,6,zh,Blog,UNKNOWN (supplied aggregate only),KEEP_INDEXABLE,current HTTP/robots eligibility; quality and search indexing separate
roomfeng.win,https://roomfeng.win/zh/blog/living-room-mail-organizer-feng-shui/,200,True,,,https://roomfeng.win/zh/blog/living-room-mail-organizer-feng-shui/,True,3,zh,Blog,UNKNOWN (supplied aggregate only),KEEP_INDEXABLE,current HTTP/robots eligibility; quality and search indexing separate
roomfeng.win,https://roomfeng.win/zh/blog/living-room-model-train-table-feng-shui/,200,True,,,https://roomfeng.win/zh/blog/living-room-model-train-table-feng-shui/,True,4,zh,Blog,UNKNOWN (supplied aggregate only),KEEP_INDEXABLE,current HTTP/robots eligibility; quality and search indexing separate
roomfeng.win,https://roomfeng.win/zh/blog/living-room-network-cable-storage-feng-shui/,200,True,,,https://roomfeng.win/zh/blog/living-room-network-cable-storage-feng-shui/,True,5,zh,Blog,UNKNOWN (supplied aggregate only),KEEP_INDEXABLE,current HTTP/robots eligibility; quality and search indexing separate
roomfeng.win,https://roomfeng.win/zh/blog/living-room-ottoman-storage-feng-shui/,200,True,,,https://roomfeng.win/zh/blog/living-room-ottoman-storage-feng-shui/,True,4,zh,Blog,UNKNOWN (supplied aggregate only),KEEP_INDEXABLE,current HTTP/robots eligibility; quality and search indexing separate
roomfeng.win,https://roomfeng.win/zh/blog/living-room-pet-bed-feng-shui/,200,True,,,https://roomfeng.win/zh/blog/living-room-pet-bed-feng-shui/,True,9,zh,Blog,UNKNOWN (supplied aggregate only),KEEP_INDEXABLE,current HTTP/robots eligibility; quality and search indexing separate
roomfeng.win,https://roomfeng.win/zh/blog/living-room-pet-feeding-area-feng-shui/,200,True,,,https://roomfeng.win/zh/blog/living-room-pet-feeding-area-feng-shui/,True,4,zh,Blog,UNKNOWN (supplied aggregate only),KEEP_INDEXABLE,current HTTP/robots eligibility; quality and search indexing separate
roomfeng.win,https://roomfeng.win/zh/blog/living-room-pet-toy-storage-feng-shui/,200,True,,,https://roomfeng.win/zh/blog/living-room-pet-toy-storage-feng-shui/,True,4,zh,Blog,UNKNOWN (supplied aggregate only),KEEP_INDEXABLE,current HTTP/robots eligibility; quality and search indexing separate
roomfeng.win,https://roomfeng.win/zh/blog/living-room-pet-water-bowl-feng-shui/,200,True,,,https://roomfeng.win/zh/blog/living-room-pet-water-bowl-feng-shui/,True,4,zh,Blog,UNKNOWN (supplied aggregate only),KEEP_INDEXABLE,current HTTP/robots eligibility; quality and search indexing separate
roomfeng.win,https://roomfeng.win/zh/blog/living-room-plant-feng-shui/,200,True,,,https://roomfeng.win/zh/blog/living-room-plant-feng-shui/,True,6,zh,Blog,UNKNOWN (supplied aggregate only),KEEP_INDEXABLE,current HTTP/robots eligibility; quality and search indexing separate
roomfeng.win,https://roomfeng.win/zh/blog/living-room-plant-stand-feng-shui/,200,True,,,https://roomfeng.win/zh/blog/living-room-plant-stand-feng-shui/,True,5,zh,Blog,UNKNOWN (supplied aggregate only),KEEP_INDEXABLE,current HTTP/robots eligibility; quality and search indexing separate
roomfeng.win,https://roomfeng.win/zh/blog/living-room-plant-watering-can-feng-shui/,200,True,,,https://roomfeng.win/zh/blog/living-room-plant-watering-can-feng-shui/,True,5,zh,Blog,UNKNOWN (supplied aggregate only),KEEP_INDEXABLE,current HTTP/robots eligibility; quality and search indexing separate
roomfeng.win,https://roomfeng.win/zh/blog/living-room-play-mat-feng-shui/,200,True,,,https://roomfeng.win/zh/blog/living-room-play-mat-feng-shui/,True,8,zh,Blog,UNKNOWN (supplied aggregate only),KEEP_INDEXABLE,current HTTP/robots eligibility; quality and search indexing separate
roomfeng.win,https://roomfeng.win/zh/blog/living-room-playpen-feng-shui/,200,True,,,https://roomfeng.win/zh/blog/living-room-playpen-feng-shui/,True,3,zh,Blog,UNKNOWN (supplied aggregate only),KEEP_INDEXABLE,current HTTP/robots eligibility; quality and search indexing separate
roomfeng.win,https://roomfeng.win/zh/blog/living-room-power-strip-storage-feng-shui/,200,True,,,https://roomfeng.win/zh/blog/living-room-power-strip-storage-feng-shui/,True,6,zh,Blog,UNKNOWN (supplied aggregate only),KEEP_INDEXABLE,current HTTP/robots eligibility; quality and search indexing separate
roomfeng.win,https://roomfeng.win/zh/blog/living-room-projector-feng-shui/,200,True,,,https://roomfeng.win/zh/blog/living-room-projector-feng-shui/,True,4,zh,Blog,UNKNOWN (supplied aggregate only),KEEP_INDEXABLE,current HTTP/robots eligibility; quality and search indexing separate
roomfeng.win,https://roomfeng.win/zh/blog/living-room-projector-lens-cleaning-feng-shui/,200,True,,,https://roomfeng.win/zh/blog/living-room-projector-lens-cleaning-feng-shui/,True,10,zh,Blog,UNKNOWN (supplied aggregate only),KEEP_INDEXABLE,current HTTP/robots eligibility; quality and search indexing separate
roomfeng.win,https://roomfeng.win/zh/blog/living-room-puzzle-table-feng-shui/,200,True,,,https://roomfeng.win/zh/blog/living-room-puzzle-table-feng-shui/,True,7,zh,Blog,UNKNOWN (supplied aggregate only),KEEP_INDEXABLE,current HTTP/robots eligibility; quality and search indexing separate
roomfeng.win,https://roomfeng.win/zh/blog/living-room-reading-nook-feng-shui/,200,True,,,https://roomfeng.win/zh/blog/living-room-reading-nook-feng-shui/,True,8,zh,Blog,UNKNOWN (supplied aggregate only),KEEP_INDEXABLE,current HTTP/robots eligibility; quality and search indexing separate
roomfeng.win,https://roomfeng.win/zh/blog/living-room-recliner-chair-feng-shui/,200,True,,,https://roomfeng.win/zh/blog/living-room-recliner-chair-feng-shui/,True,6,zh,Blog,UNKNOWN (supplied aggregate only),KEEP_INDEXABLE,current HTTP/robots eligibility; quality and search indexing separate
roomfeng.win,https://roomfeng.win/zh/blog/living-room-recliner-footrest-cleaning-feng-shui/,200,True,,,https://roomfeng.win/zh/blog/living-room-recliner-footrest-cleaning-feng-shui/,True,3,zh,Blog,UNKNOWN (supplied aggregate only),KEEP_INDEXABLE,current HTTP/robots eligibility; quality and search indexing separate
roomfeng.win,https://roomfeng.win/zh/blog/living-room-record-player-feng-shui/,200,True,,,https://roomfeng.win/zh/blog/living-room-record-player-feng-shui/,True,3,zh,Blog,UNKNOWN (supplied aggregate only),KEEP_INDEXABLE,current HTTP/robots eligibility; quality and search indexing separate
roomfeng.win,https://roomfeng.win/zh/blog/living-room-recycling-station-feng-shui/,200,True,,,https://roomfeng.win/zh/blog/living-room-recycling-station-feng-shui/,True,4,zh,Blog,UNKNOWN (supplied aggregate only),KEEP_INDEXABLE,current HTTP/robots eligibility; quality and search indexing separate
roomfeng.win,https://roomfeng.win/zh/blog/living-room-remote-control-cleaning-feng-shui/,200,True,,,https://roomfeng.win/zh/blog/living-room-remote-control-cleaning-feng-shui/,True,5,zh,Blog,UNKNOWN (supplied aggregate only),KEEP_INDEXABLE,current HTTP/robots eligibility; quality and search indexing separate
roomfeng.win,https://roomfeng.win/zh/blog/living-room-remote-control-storage-feng-shui/,200,True,,,https://roomfeng.win/zh/blog/living-room-remote-control-storage-feng-shui/,True,4,zh,Blog,UNKNOWN (supplied aggregate only),KEEP_INDEXABLE,current HTTP/robots eligibility; quality and search indexing separate
roomfeng.win,https://roomfeng.win/zh/blog/living-room-robot-vacuum-bumper-cleaning-feng-shui/,200,True,,,https://roomfeng.win/zh/blog/living-room-robot-vacuum-bumper-cleaning-feng-shui/,True,3,zh,Blog,UNKNOWN (supplied aggregate only),KEEP_INDEXABLE,current HTTP/robots eligibility; quality and search indexing separate
roomfeng.win,https://roomfeng.win/zh/blog/living-room-robot-vacuum-charging-contacts-cleaning-feng-shui/,200,True,,,https://roomfeng.win/zh/blog/living-room-robot-vacuum-charging-contacts-cleaning-feng-shui/,True,6,zh,Blog,UNKNOWN (supplied aggregate only),KEEP_INDEXABLE,current HTTP/robots eligibility; quality and search indexing separate
roomfeng.win,https://roomfeng.win/zh/blog/living-room-robot-vacuum-cliff-sensor-cleaning-feng-shui/,200,True,,,https://roomfeng.win/zh/blog/living-room-robot-vacuum-cliff-sensor-cleaning-feng-shui/,True,7,zh,Blog,UNKNOWN (supplied aggregate only),KEEP_INDEXABLE,current HTTP/robots eligibility; quality and search indexing separate
roomfeng.win,https://roomfeng.win/zh/blog/living-room-robot-vacuum-dock-feng-shui/,200,True,,,https://roomfeng.win/zh/blog/living-room-robot-vacuum-dock-feng-shui/,True,10,zh,Blog,UNKNOWN (supplied aggregate only),KEEP_INDEXABLE,current HTTP/robots eligibility; quality and search indexing separate
roomfeng.win,https://roomfeng.win/zh/blog/living-room-robot-vacuum-front-caster-cleaning-feng-shui/,200,True,,,https://roomfeng.win/zh/blog/living-room-robot-vacuum-front-caster-cleaning-feng-shui/,True,6,zh,Blog,UNKNOWN (supplied aggregate only),KEEP_INDEXABLE,current HTTP/robots eligibility; quality and search indexing separate
roomfeng.win,https://roomfeng.win/zh/blog/living-room-robot-vacuum-side-brush-cleaning-feng-shui/,200,True,,,https://roomfeng.win/zh/blog/living-room-robot-vacuum-side-brush-cleaning-feng-shui/,True,4,zh,Blog,UNKNOWN (supplied aggregate only),KEEP_INDEXABLE,current HTTP/robots eligibility; quality and search indexing separate
roomfeng.win,https://roomfeng.win/zh/blog/living-room-robot-vacuum-side-wheel-cleaning-feng-shui/,200,True,,,https://roomfeng.win/zh/blog/living-room-robot-vacuum-side-wheel-cleaning-feng-shui/,True,4,zh,Blog,UNKNOWN (supplied aggregate only),KEEP_INDEXABLE,current HTTP/robots eligibility; quality and search indexing separate
roomfeng.win,https://roomfeng.win/zh/blog/living-room-rocking-chair-feng-shui/,200,True,,,https://roomfeng.win/zh/blog/living-room-rocking-chair-feng-shui/,True,4,zh,Blog,UNKNOWN (supplied aggregate only),KEEP_INDEXABLE,current HTTP/robots eligibility; quality and search indexing separate
roomfeng.win,https://roomfeng.win/zh/blog/living-room-room-divider-feng-shui/,200,True,,,https://roomfeng.win/zh/blog/living-room-room-divider-feng-shui/,True,8,zh,Blog,UNKNOWN (supplied aggregate only),KEEP_INDEXABLE,current HTTP/robots eligibility; quality and search indexing separate
roomfeng.win,https://roomfeng.win/zh/blog/living-room-rug-cleaning-feng-shui/,200,True,,,https://roomfeng.win/zh/blog/living-room-rug-cleaning-feng-shui/,True,10,zh,Blog,UNKNOWN (supplied aggregate only),KEEP_INDEXABLE,current HTTP/robots eligibility; quality and search indexing separate
roomfeng.win,https://roomfeng.win/zh/blog/living-room-rug-dust-cleaning-feng-shui/,200,True,,,https://roomfeng.win/zh/blog/living-room-rug-dust-cleaning-feng-shui/,True,6,zh,Blog,UNKNOWN (supplied aggregate only),KEEP_INDEXABLE,current HTTP/robots eligibility; quality and search indexing separate
roomfeng.win,https://roomfeng.win/zh/blog/living-room-rug-edge-cleaning-feng-shui/,200,True,,,https://roomfeng.win/zh/blog/living-room-rug-edge-cleaning-feng-shui/,True,3,zh,Blog,UNKNOWN (supplied aggregate only),KEEP_INDEXABLE,current HTTP/robots eligibility; quality and search indexing separate
roomfeng.win,https://roomfeng.win/zh/blog/living-room-rug-feng-shui/,200,True,,,https://roomfeng.win/zh/blog/living-room-rug-feng-shui/,True,13,zh,Blog,UNKNOWN (supplied aggregate only),KEEP_INDEXABLE,current HTTP/robots eligibility; quality and search indexing separate
roomfeng.win,https://roomfeng.win/zh/blog/living-room-sewing-machine-feng-shui/,200,True,,,https://roomfeng.win/zh/blog/living-room-sewing-machine-feng-shui/,True,6,zh,Blog,UNKNOWN (supplied aggregate only),KEEP_INDEXABLE,current HTTP/robots eligibility; quality and search indexing separate
roomfeng.win,https://roomfeng.win/zh/blog/living-room-side-table-bottom-cleaning-feng-shui/,200,True,,,https://roomfeng.win/zh/blog/living-room-side-table-bottom-cleaning-feng-shui/,True,3,zh,Blog,UNKNOWN (supplied aggregate only),KEEP_INDEXABLE,current HTTP/robots eligibility; quality and search indexing separate
roomfeng.win,https://roomfeng.win/zh/blog/living-room-side-table-cleaning-feng-shui/,200,True,,,https://roomfeng.win/zh/blog/living-room-side-table-cleaning-feng-shui/,True,5,zh,Blog,UNKNOWN (supplied aggregate only),KEEP_INDEXABLE,current HTTP/robots eligibility; quality and search indexing separate
roomfeng.win,https://roomfeng.win/zh/blog/living-room-side-table-feng-shui/,200,True,,,https://roomfeng.win/zh/blog/living-room-side-table-feng-shui/,True,7,zh,Blog,UNKNOWN (supplied aggregate only),KEEP_INDEXABLE,current HTTP/robots eligibility; quality and search indexing separate
roomfeng.win,https://roomfeng.win/zh/blog/living-room-sideboard-cleaning-feng-shui/,200,True,,,https://roomfeng.win/zh/blog/living-room-sideboard-cleaning-feng-shui/,True,5,zh,Blog,UNKNOWN (supplied aggregate only),KEEP_INDEXABLE,current HTTP/robots eligibility; quality and search indexing separate
roomfeng.win,https://roomfeng.win/zh/blog/living-room-sideboard-drawer-cleaning-feng-shui/,200,True,,,https://roomfeng.win/zh/blog/living-room-sideboard-drawer-cleaning-feng-shui/,True,3,zh,Blog,UNKNOWN (supplied aggregate only),KEEP_INDEXABLE,current HTTP/robots eligibility; quality and search indexing separate
roomfeng.win,https://roomfeng.win/zh/blog/living-room-smart-plug-feng-shui/,200,True,,,https://roomfeng.win/zh/blog/living-room-smart-plug-feng-shui/,True,8,zh,Blog,UNKNOWN (supplied aggregate only),KEEP_INDEXABLE,current HTTP/robots eligibility; quality and search indexing separate
roomfeng.win,https://roomfeng.win/zh/blog/living-room-smart-speaker-cleaning-feng-shui/,200,True,,,https://roomfeng.win/zh/blog/living-room-smart-speaker-cleaning-feng-shui/,True,5,zh,Blog,UNKNOWN (supplied aggregate only),KEEP_INDEXABLE,current HTTP/robots eligibility; quality and search indexing separate
roomfeng.win,https://roomfeng.win/zh/blog/living-room-sofa-armrest-cleaning-feng-shui/,200,True,,,https://roomfeng.win/zh/blog/living-room-sofa-armrest-cleaning-feng-shui/,True,6,zh,Blog,UNKNOWN (supplied aggregate only),KEEP_INDEXABLE,current HTTP/robots eligibility; quality and search indexing separate
roomfeng.win,https://roomfeng.win/zh/blog/living-room-sofa-cleaning-feng-shui/,200,True,,,https://roomfeng.win/zh/blog/living-room-sofa-cleaning-feng-shui/,True,10,zh,Blog,UNKNOWN (supplied aggregate only),KEEP_INDEXABLE,current HTTP/robots eligibility; quality and search indexing separate
roomfeng.win,https://roomfeng.win/zh/blog/living-room-sofa-cushion-cleaning-feng-shui/,200,True,,,https://roomfeng.win/zh/blog/living-room-sofa-cushion-cleaning-feng-shui/,True,4,zh,Blog,UNKNOWN (supplied aggregate only),KEEP_INDEXABLE,current HTTP/robots eligibility; quality and search indexing separate
roomfeng.win,https://roomfeng.win/zh/blog/living-room-sofa-cushion-zipper-cleaning-feng-shui/,200,True,,,https://roomfeng.win/zh/blog/living-room-sofa-cushion-zipper-cleaning-feng-shui/,True,3,zh,Blog,UNKNOWN (supplied aggregate only),KEEP_INDEXABLE,current HTTP/robots eligibility; quality and search indexing separate
roomfeng.win,https://roomfeng.win/zh/blog/living-room-sofa-leg-cleaning-feng-shui/,200,True,,,https://roomfeng.win/zh/blog/living-room-sofa-leg-cleaning-feng-shui/,True,9,zh,Blog,UNKNOWN (supplied aggregate only),KEEP_INDEXABLE,current HTTP/robots eligibility; quality and search indexing separate
roomfeng.win,https://roomfeng.win/zh/blog/living-room-sofa-seat-bottom-cleaning-feng-shui/,200,True,,,https://roomfeng.win/zh/blog/living-room-sofa-seat-bottom-cleaning-feng-shui/,True,4,zh,Blog,UNKNOWN (supplied aggregate only),KEEP_INDEXABLE,current HTTP/robots eligibility; quality and search indexing separate
roomfeng.win,https://roomfeng.win/zh/blog/living-room-sofa-seat-seam-cleaning-feng-shui/,200,True,,,https://roomfeng.win/zh/blog/living-room-sofa-seat-seam-cleaning-feng-shui/,True,5,zh,Blog,UNKNOWN (supplied aggregate only),KEEP_INDEXABLE,current HTTP/robots eligibility; quality and search indexing separate
roomfeng.win,https://roomfeng.win/zh/blog/living-room-sofa-under-cushion-cleaning-feng-shui/,200,True,,,https://roomfeng.win/zh/blog/living-room-sofa-under-cushion-cleaning-feng-shui/,True,7,zh,Blog,UNKNOWN (supplied aggregate only),KEEP_INDEXABLE,current HTTP/robots eligibility; quality and search indexing separate
roomfeng.win,https://roomfeng.win/zh/blog/living-room-sofa-walkway-clearance-feng-shui/,200,True,,,https://roomfeng.win/zh/blog/living-room-sofa-walkway-clearance-feng-shui/,True,3,zh,Blog,UNKNOWN (supplied aggregate only),KEEP_INDEXABLE,current HTTP/robots eligibility; quality and search indexing separate
roomfeng.win,https://roomfeng.win/zh/blog/living-room-speaker-cable-cleaning-feng-shui/,200,True,,,https://roomfeng.win/zh/blog/living-room-speaker-cable-cleaning-feng-shui/,True,3,zh,Blog,UNKNOWN (supplied aggregate only),KEEP_INDEXABLE,current HTTP/robots eligibility; quality and search indexing separate
roomfeng.win,https://roomfeng.win/zh/blog/living-room-speaker-grille-cleaning-feng-shui/,200,True,,,https://roomfeng.win/zh/blog/living-room-speaker-grille-cleaning-feng-shui/,True,5,zh,Blog,UNKNOWN (supplied aggregate only),KEEP_INDEXABLE,current HTTP/robots eligibility; quality and search indexing separate
roomfeng.win,https://roomfeng.win/zh/blog/living-room-speaker-placement-feng-shui/,200,True,,,https://roomfeng.win/zh/blog/living-room-speaker-placement-feng-shui/,True,9,zh,Blog,UNKNOWN (supplied aggregate only),KEEP_INDEXABLE,current HTTP/robots eligibility; quality and search indexing separate
roomfeng.win,https://roomfeng.win/zh/blog/living-room-speaker-stand-cleaning-feng-shui/,200,True,,,https://roomfeng.win/zh/blog/living-room-speaker-stand-cleaning-feng-shui/,True,4,zh,Blog,UNKNOWN (supplied aggregate only),KEEP_INDEXABLE,current HTTP/robots eligibility; quality and search indexing separate
roomfeng.win,https://roomfeng.win/zh/blog/living-room-toy-storage-feng-shui/,200,True,,,https://roomfeng.win/zh/blog/living-room-toy-storage-feng-shui/,True,7,zh,Blog,UNKNOWN (supplied aggregate only),KEEP_INDEXABLE,current HTTP/robots eligibility; quality and search indexing separate
roomfeng.win,https://roomfeng.win/zh/blog/living-room-tv-cabinet-door-cleaning-feng-shui/,200,True,,,https://roomfeng.win/zh/blog/living-room-tv-cabinet-door-cleaning-feng-shui/,True,4,zh,Blog,UNKNOWN (supplied aggregate only),KEEP_INDEXABLE,current HTTP/robots eligibility; quality and search indexing separate
roomfeng.win,https://roomfeng.win/zh/blog/living-room-tv-cabinet-shelf-cleaning-feng-shui/,200,True,,,https://roomfeng.win/zh/blog/living-room-tv-cabinet-shelf-cleaning-feng-shui/,True,7,zh,Blog,UNKNOWN (supplied aggregate only),KEEP_INDEXABLE,current HTTP/robots eligibility; quality and search indexing separate
roomfeng.win,https://roomfeng.win/zh/blog/living-room-tv-console-back-cable-dust-feng-shui/,200,True,,,https://roomfeng.win/zh/blog/living-room-tv-console-back-cable-dust-feng-shui/,True,11,zh,Blog,UNKNOWN (supplied aggregate only),KEEP_INDEXABLE,current HTTP/robots eligibility; quality and search indexing separate
roomfeng.win,https://roomfeng.win/zh/blog/living-room-tv-console-feng-shui/,200,True,,,https://roomfeng.win/zh/blog/living-room-tv-console-feng-shui/,True,15,zh,Blog,UNKNOWN (supplied aggregate only),KEEP_INDEXABLE,current HTTP/robots eligibility; quality and search indexing separate
roomfeng.win,https://roomfeng.win/zh/blog/living-room-tv-console-leveling-feng-shui/,200,True,,,https://roomfeng.win/zh/blog/living-room-tv-console-leveling-feng-shui/,True,3,zh,Blog,UNKNOWN (supplied aggregate only),KEEP_INDEXABLE,current HTTP/robots eligibility; quality and search indexing separate
roomfeng.win,https://roomfeng.win/zh/blog/living-room-tv-power-cable-cleaning-feng-shui/,200,True,,,https://roomfeng.win/zh/blog/living-room-tv-power-cable-cleaning-feng-shui/,True,4,zh,Blog,UNKNOWN (supplied aggregate only),KEEP_INDEXABLE,current HTTP/robots eligibility; quality and search indexing separate
roomfeng.win,https://roomfeng.win/zh/blog/living-room-tv-remote-cleaning-feng-shui/,200,True,,,https://roomfeng.win/zh/blog/living-room-tv-remote-cleaning-feng-shui/,True,8,zh,Blog,UNKNOWN (supplied aggregate only),KEEP_INDEXABLE,current HTTP/robots eligibility; quality and search indexing separate
roomfeng.win,https://roomfeng.win/zh/blog/living-room-tv-screen-cleaning-feng-shui/,200,True,,,https://roomfeng.win/zh/blog/living-room-tv-screen-cleaning-feng-shui/,True,5,zh,Blog,UNKNOWN (supplied aggregate only),KEEP_INDEXABLE,current HTTP/robots eligibility; quality and search indexing separate
roomfeng.win,https://roomfeng.win/zh/blog/living-room-tv-speaker-grille-dust-cleaning-feng-shui/,200,True,,,https://roomfeng.win/zh/blog/living-room-tv-speaker-grille-dust-cleaning-feng-shui/,True,4,zh,Blog,UNKNOWN (supplied aggregate only),KEEP_INDEXABLE,current HTTP/robots eligibility; quality and search indexing separate
roomfeng.win,https://roomfeng.win/zh/blog/living-room-tv-stand-bottom-cleaning-feng-shui/,200,True,,,https://roomfeng.win/zh/blog/living-room-tv-stand-bottom-cleaning-feng-shui/,True,6,zh,Blog,UNKNOWN (supplied aggregate only),KEEP_INDEXABLE,current HTTP/robots eligibility; quality and search indexing separate
roomfeng.win,https://roomfeng.win/zh/blog/living-room-tv-viewing-distance-feng-shui/,200,True,,,https://roomfeng.win/zh/blog/living-room-tv-viewing-distance-feng-shui/,True,8,zh,Blog,UNKNOWN (supplied aggregate only),KEEP_INDEXABLE,current HTTP/robots eligibility; quality and search indexing separate
roomfeng.win,https://roomfeng.win/zh/blog/living-room-tv-wall-mount-feng-shui/,200,True,,,https://roomfeng.win/zh/blog/living-room-tv-wall-mount-feng-shui/,True,7,zh,Blog,UNKNOWN (supplied aggregate only),KEEP_INDEXABLE,current HTTP/robots eligibility; quality and search indexing separate
roomfeng.win,https://roomfeng.win/zh/blog/living-room-uv-disinfection-lamp-cleaning-feng-shui/,200,True,,,https://roomfeng.win/zh/blog/living-room-uv-disinfection-lamp-cleaning-feng-shui/,True,4,zh,Blog,UNKNOWN (supplied aggregate only),KEEP_INDEXABLE,current HTTP/robots eligibility; quality and search indexing separate
roomfeng.win,https://roomfeng.win/zh/blog/living-room-vase-display-feng-shui/,200,True,,,https://roomfeng.win/zh/blog/living-room-vase-display-feng-shui/,True,4,zh,Blog,UNKNOWN (supplied aggregate only),KEEP_INDEXABLE,current HTTP/robots eligibility; quality and search indexing separate
roomfeng.win,https://roomfeng.win/zh/blog/living-room-wall-art-feng-shui/,200,True,,,https://roomfeng.win/zh/blog/living-room-wall-art-feng-shui/,True,10,zh,Blog,UNKNOWN (supplied aggregate only),KEEP_INDEXABLE,current HTTP/robots eligibility; quality and search indexing separate
roomfeng.win,https://roomfeng.win/zh/blog/living-room-wall-fan-cleaning-feng-shui/,200,True,,,https://roomfeng.win/zh/blog/living-room-wall-fan-cleaning-feng-shui/,True,4,zh,Blog,UNKNOWN (supplied aggregate only),KEEP_INDEXABLE,current HTTP/robots eligibility; quality and search indexing separate
roomfeng.win,https://roomfeng.win/zh/blog/living-room-wall-shelf-cleaning-feng-shui/,200,True,,,https://roomfeng.win/zh/blog/living-room-wall-shelf-cleaning-feng-shui/,True,3,zh,Blog,UNKNOWN (supplied aggregate only),KEEP_INDEXABLE,current HTTP/robots eligibility; quality and search indexing separate
roomfeng.win,https://roomfeng.win/zh/blog/living-room-wifi-router-feng-shui/,200,True,,,https://roomfeng.win/zh/blog/living-room-wifi-router-feng-shui/,True,7,zh,Blog,UNKNOWN (supplied aggregate only),KEEP_INDEXABLE,current HTTP/robots eligibility; quality and search indexing separate
roomfeng.win,https://roomfeng.win/zh/blog/living-room-window-blind-rail-cleaning-feng-shui/,200,True,,,https://roomfeng.win/zh/blog/living-room-window-blind-rail-cleaning-feng-shui/,True,3,zh,Blog,UNKNOWN (supplied aggregate only),KEEP_INDEXABLE,current HTTP/robots eligibility; quality and search indexing separate
roomfeng.win,https://roomfeng.win/zh/blog/living-room-window-cleaning-feng-shui/,200,True,,,https://roomfeng.win/zh/blog/living-room-window-cleaning-feng-shui/,True,13,zh,Blog,UNKNOWN (supplied aggregate only),KEEP_INDEXABLE,current HTTP/robots eligibility; quality and search indexing separate
roomfeng.win,https://roomfeng.win/zh/blog/living-room-window-feng-shui/,200,True,,,https://roomfeng.win/zh/blog/living-room-window-feng-shui/,True,18,zh,Blog,UNKNOWN (supplied aggregate only),KEEP_INDEXABLE,current HTTP/robots eligibility; quality and search indexing separate
roomfeng.win,https://roomfeng.win/zh/blog/living-room-window-film-feng-shui/,200,True,,,https://roomfeng.win/zh/blog/living-room-window-film-feng-shui/,True,7,zh,Blog,UNKNOWN (supplied aggregate only),KEEP_INDEXABLE,current HTTP/robots eligibility; quality and search indexing separate
roomfeng.win,https://roomfeng.win/zh/blog/living-room-window-latch-cleaning-feng-shui/,200,True,,,https://roomfeng.win/zh/blog/living-room-window-latch-cleaning-feng-shui/,True,4,zh,Blog,UNKNOWN (supplied aggregate only),KEEP_INDEXABLE,current HTTP/robots eligibility; quality and search indexing separate
roomfeng.win,https://roomfeng.win/zh/blog/living-room-window-lock-handle-cleaning-feng-shui/,200,True,,,https://roomfeng.win/zh/blog/living-room-window-lock-handle-cleaning-feng-shui/,True,4,zh,Blog,UNKNOWN (supplied aggregate only),KEEP_INDEXABLE,current HTTP/robots eligibility; quality and search indexing separate
roomfeng.win,https://roomfeng.win/zh/blog/living-room-window-screen-cleaning-feng-shui/,200,True,,,https://roomfeng.win/zh/blog/living-room-window-screen-cleaning-feng-shui/,True,5,zh,Blog,UNKNOWN (supplied aggregate only),KEEP_INDEXABLE,current HTTP/robots eligibility; quality and search indexing separate
roomfeng.win,https://roomfeng.win/zh/blog/living-room-window-seat-feng-shui/,200,True,,,https://roomfeng.win/zh/blog/living-room-window-seat-feng-shui/,True,6,zh,Blog,UNKNOWN (supplied aggregate only),KEEP_INDEXABLE,current HTTP/robots eligibility; quality and search indexing separate
roomfeng.win,https://roomfeng.win/zh/blog/living-room-window-track-cleaning-feng-shui/,200,True,,,https://roomfeng.win/zh/blog/living-room-window-track-cleaning-feng-shui/,True,7,zh,Blog,UNKNOWN (supplied aggregate only),KEEP_INDEXABLE,current HTTP/robots eligibility; quality and search indexing separate
roomfeng.win,https://roomfeng.win/zh/blog/makeup-table-bedroom-layout/,200,True,,,https://roomfeng.win/zh/blog/makeup-table-bedroom-layout/,True,6,zh,Blog,UNKNOWN (supplied aggregate only),KEEP_INDEXABLE,current HTTP/robots eligibility; quality and search indexing separate
roomfeng.win,https://roomfeng.win/zh/blog/no-window-bedroom-layout/,200,True,,,https://roomfeng.win/zh/blog/no-window-bedroom-layout/,True,7,zh,Blog,UNKNOWN (supplied aggregate only),KEEP_INDEXABLE,current HTTP/robots eligibility; quality and search indexing separate
roomfeng.win,https://roomfeng.win/zh/blog/ping-size-conversion-guide/,200,True,,,https://roomfeng.win/zh/blog/ping-size-conversion-guide/,True,3,zh,Blog,UNKNOWN (supplied aggregate only),KEEP_INDEXABLE,current HTTP/robots eligibility; quality and search indexing separate
roomfeng.win,https://roomfeng.win/zh/blog/rental-room-feng-shui-fixes/,200,True,,,https://roomfeng.win/zh/blog/rental-room-feng-shui-fixes/,True,14,zh,Blog,UNKNOWN (supplied aggregate only),KEEP_INDEXABLE,current HTTP/robots eligibility; quality and search indexing separate
roomfeng.win,https://roomfeng.win/zh/blog/room-layout-for-newlyweds/,200,True,,,https://roomfeng.win/zh/blog/room-layout-for-newlyweds/,True,4,zh,Blog,UNKNOWN (supplied aggregate only),KEEP_INDEXABLE,current HTTP/robots eligibility; quality and search indexing separate
roomfeng.win,https://roomfeng.win/zh/blog/room-layout-for-parents-baby/,200,True,,,https://roomfeng.win/zh/blog/room-layout-for-parents-baby/,True,5,zh,Blog,UNKNOWN (supplied aggregate only),KEEP_INDEXABLE,current HTTP/robots eligibility; quality and search indexing separate
roomfeng.win,https://roomfeng.win/zh/blog/room-layout-for-students-dorm/,200,True,,,https://roomfeng.win/zh/blog/room-layout-for-students-dorm/,True,4,zh,Blog,UNKNOWN (supplied aggregate only),KEEP_INDEXABLE,current HTTP/robots eligibility; quality and search indexing separate
roomfeng.win,https://roomfeng.win/zh/blog/shared-bedroom-layout/,200,True,,,https://roomfeng.win/zh/blog/shared-bedroom-layout/,True,7,zh,Blog,UNKNOWN (supplied aggregate only),KEEP_INDEXABLE,current HTTP/robots eligibility; quality and search indexing separate
roomfeng.win,https://roomfeng.win/zh/blog/small-5-ping-wardrobe-door-clearance-feng-shui/,200,True,,,https://roomfeng.win/zh/blog/small-5-ping-wardrobe-door-clearance-feng-shui/,True,6,zh,Blog,UNKNOWN (supplied aggregate only),KEEP_INDEXABLE,current HTTP/robots eligibility; quality and search indexing separate
roomfeng.win,https://roomfeng.win/zh/blog/small-room-bed-window-opening-clearance-feng-shui/,200,True,,,https://roomfeng.win/zh/blog/small-room-bed-window-opening-clearance-feng-shui/,True,3,zh,Blog,UNKNOWN (supplied aggregate only),KEEP_INDEXABLE,current HTTP/robots eligibility; quality and search indexing separate
roomfeng.win,https://roomfeng.win/zh/blog/small-room-bedside-storage-turning-clearance-feng-shui/,200,True,,,https://roomfeng.win/zh/blog/small-room-bedside-storage-turning-clearance-feng-shui/,True,6,zh,Blog,UNKNOWN (supplied aggregate only),KEEP_INDEXABLE,current HTTP/robots eligibility; quality and search indexing separate
roomfeng.win,https://roomfeng.win/zh/blog/small-room-desk-chair-turning-clearance-feng-shui/,200,True,,,https://roomfeng.win/zh/blog/small-room-desk-chair-turning-clearance-feng-shui/,True,4,zh,Blog,UNKNOWN (supplied aggregate only),KEEP_INDEXABLE,current HTTP/robots eligibility; quality and search indexing separate
roomfeng.win,https://roomfeng.win/zh/blog/small-room-folding-chair-storage-feng-shui/,200,True,,,https://roomfeng.win/zh/blog/small-room-folding-chair-storage-feng-shui/,True,3,zh,Blog,UNKNOWN (supplied aggregate only),KEEP_INDEXABLE,current HTTP/robots eligibility; quality and search indexing separate
roomfeng.win,https://roomfeng.win/zh/blog/small-room-folding-desk-layout-feng-shui/,200,True,,,https://roomfeng.win/zh/blog/small-room-folding-desk-layout-feng-shui/,True,5,zh,Blog,UNKNOWN (supplied aggregate only),KEEP_INDEXABLE,current HTTP/robots eligibility; quality and search indexing separate
roomfeng.win,https://roomfeng.win/zh/blog/small-room-open-shelf-door-clearance-feng-shui/,200,True,,,https://roomfeng.win/zh/blog/small-room-open-shelf-door-clearance-feng-shui/,True,8,zh,Blog,UNKNOWN (supplied aggregate only),KEEP_INDEXABLE,current HTTP/robots eligibility; quality and search indexing separate
roomfeng.win,https://roomfeng.win/zh/blog/small-room-storage-aisle-turning-clearance-feng-shui/,200,True,,,https://roomfeng.win/zh/blog/small-room-storage-aisle-turning-clearance-feng-shui/,True,16,zh,Blog,UNKNOWN (supplied aggregate only),KEEP_INDEXABLE,current HTTP/robots eligibility; quality and search indexing separate
roomfeng.win,https://roomfeng.win/zh/blog/small-room-storage-bed-opening-clearance-feng-shui/,200,True,,,https://roomfeng.win/zh/blog/small-room-storage-bed-opening-clearance-feng-shui/,True,9,zh,Blog,UNKNOWN (supplied aggregate only),KEEP_INDEXABLE,current HTTP/robots eligibility; quality and search indexing separate
roomfeng.win,https://roomfeng.win/zh/blog/small-room-storage-bedside-drawer-depth-feng-shui/,200,True,,,https://roomfeng.win/zh/blog/small-room-storage-bedside-drawer-depth-feng-shui/,True,5,zh,Blog,UNKNOWN (supplied aggregate only),KEEP_INDEXABLE,current HTTP/robots eligibility; quality and search indexing separate
roomfeng.win,https://roomfeng.win/zh/blog/small-room-storage-bedside-folding-crate-feng-shui/,200,True,,,https://roomfeng.win/zh/blog/small-room-storage-bedside-folding-crate-feng-shui/,True,4,zh,Blog,UNKNOWN (supplied aggregate only),KEEP_INDEXABLE,current HTTP/robots eligibility; quality and search indexing separate
roomfeng.win,https://roomfeng.win/zh/blog/small-room-storage-bedside-folding-stool-feng-shui/,200,True,,,https://roomfeng.win/zh/blog/small-room-storage-bedside-folding-stool-feng-shui/,True,4,zh,Blog,UNKNOWN (supplied aggregate only),KEEP_INDEXABLE,current HTTP/robots eligibility; quality and search indexing separate
roomfeng.win,https://roomfeng.win/zh/blog/small-room-storage-bedside-hanging-pocket-feng-shui/,200,True,,,https://roomfeng.win/zh/blog/small-room-storage-bedside-hanging-pocket-feng-shui/,True,6,zh,Blog,UNKNOWN (supplied aggregate only),KEEP_INDEXABLE,current HTTP/robots eligibility; quality and search indexing separate
roomfeng.win,https://roomfeng.win/zh/blog/small-room-storage-bedside-hook-doorway-feng-shui/,200,True,,,https://roomfeng.win/zh/blog/small-room-storage-bedside-hook-doorway-feng-shui/,True,6,zh,Blog,UNKNOWN (supplied aggregate only),KEEP_INDEXABLE,current HTTP/robots eligibility; quality and search indexing separate
roomfeng.win,https://roomfeng.win/zh/blog/small-room-storage-bedside-label-system-feng-shui/,200,True,,,https://roomfeng.win/zh/blog/small-room-storage-bedside-label-system-feng-shui/,True,8,zh,Blog,UNKNOWN (supplied aggregate only),KEEP_INDEXABLE,current HTTP/robots eligibility; quality and search indexing separate
roomfeng.win,https://roomfeng.win/zh/blog/small-room-storage-bedside-lid-box-feng-shui/,200,True,,,https://roomfeng.win/zh/blog/small-room-storage-bedside-lid-box-feng-shui/,True,8,zh,Blog,UNKNOWN (supplied aggregate only),KEEP_INDEXABLE,current HTTP/robots eligibility; quality and search indexing separate
roomfeng.win,https://roomfeng.win/zh/blog/small-room-storage-bedside-restock-cycle-feng-shui/,200,True,,,https://roomfeng.win/zh/blog/small-room-storage-bedside-restock-cycle-feng-shui/,True,4,zh,Blog,UNKNOWN (supplied aggregate only),KEEP_INDEXABLE,current HTTP/robots eligibility; quality and search indexing separate
roomfeng.win,https://roomfeng.win/zh/blog/small-room-storage-bedside-rolling-cart-clearance-feng-shui/,200,True,,,https://roomfeng.win/zh/blog/small-room-storage-bedside-rolling-cart-clearance-feng-shui/,True,10,zh,Blog,UNKNOWN (supplied aggregate only),KEEP_INDEXABLE,current HTTP/robots eligibility; quality and search indexing separate
roomfeng.win,https://roomfeng.win/zh/blog/small-room-storage-bedside-seasonal-rotation-feng-shui/,200,True,,,https://roomfeng.win/zh/blog/small-room-storage-bedside-seasonal-rotation-feng-shui/,True,4,zh,Blog,UNKNOWN (supplied aggregate only),KEEP_INDEXABLE,current HTTP/robots eligibility; quality and search indexing separate
roomfeng.win,https://roomfeng.win/zh/blog/small-room-storage-bedside-stacked-boxes-feng-shui/,200,True,,,https://roomfeng.win/zh/blog/small-room-storage-bedside-stacked-boxes-feng-shui/,True,7,zh,Blog,UNKNOWN (supplied aggregate only),KEEP_INDEXABLE,current HTTP/robots eligibility; quality and search indexing separate
roomfeng.win,https://roomfeng.win/zh/blog/small-room-storage-bedside-storage-bag-feng-shui/,200,True,,,https://roomfeng.win/zh/blog/small-room-storage-bedside-storage-bag-feng-shui/,True,4,zh,Blog,UNKNOWN (supplied aggregate only),KEEP_INDEXABLE,current HTTP/robots eligibility; quality and search indexing separate
roomfeng.win,https://roomfeng.win/zh/blog/small-room-storage-bedside-transparent-box-feng-shui/,200,True,,,https://roomfeng.win/zh/blog/small-room-storage-bedside-transparent-box-feng-shui/,True,11,zh,Blog,UNKNOWN (supplied aggregate only),KEEP_INDEXABLE,current HTTP/robots eligibility; quality and search indexing separate
roomfeng.win,https://roomfeng.win/zh/blog/small-room-storage-bedside-underbed-drawer-feng-shui/,200,True,,,https://roomfeng.win/zh/blog/small-room-storage-bedside-underbed-drawer-feng-shui/,True,9,zh,Blog,UNKNOWN (supplied aggregate only),KEEP_INDEXABLE,current HTTP/robots eligibility; quality and search indexing separate
roomfeng.win,https://roomfeng.win/zh/blog/small-room-storage-bedside-underbed-label-feng-shui/,200,True,,,https://roomfeng.win/zh/blog/small-room-storage-bedside-underbed-label-feng-shui/,True,3,zh,Blog,UNKNOWN (supplied aggregate only),KEEP_INDEXABLE,current HTTP/robots eligibility; quality and search indexing separate
roomfeng.win,https://roomfeng.win/zh/blog/small-room-storage-bedside-underbed-seasonal-clothes-feng-shui/,200,True,,,https://roomfeng.win/zh/blog/small-room-storage-bedside-underbed-seasonal-clothes-feng-shui/,True,6,zh,Blog,UNKNOWN (supplied aggregate only),KEEP_INDEXABLE,current HTTP/robots eligibility; quality and search indexing separate
roomfeng.win,https://roomfeng.win/zh/blog/small-room-storage-bedside-wall-shelf-feng-shui/,200,True,,,https://roomfeng.win/zh/blog/small-room-storage-bedside-wall-shelf-feng-shui/,True,8,zh,Blog,UNKNOWN (supplied aggregate only),KEEP_INDEXABLE,current HTTP/robots eligibility; quality and search indexing separate
roomfeng.win,https://roomfeng.win/zh/blog/small-room-storage-corner-turning-clearance-feng-shui/,200,True,,,https://roomfeng.win/zh/blog/small-room-storage-corner-turning-clearance-feng-shui/,True,5,zh,Blog,UNKNOWN (supplied aggregate only),KEEP_INDEXABLE,current HTTP/robots eligibility; quality and search indexing separate
roomfeng.win,https://roomfeng.win/zh/blog/small-room-storage-doorway-feng-shui/,200,True,,,https://roomfeng.win/zh/blog/small-room-storage-doorway-feng-shui/,True,17,zh,Blog,UNKNOWN (supplied aggregate only),KEEP_INDEXABLE,current HTTP/robots eligibility; quality and search indexing separate
roomfeng.win,https://roomfeng.win/zh/blog/small-room-vertical-storage-feng-shui/,200,True,,,https://roomfeng.win/zh/blog/small-room-vertical-storage-feng-shui/,True,10,zh,Blog,UNKNOWN (supplied aggregate only),KEEP_INDEXABLE,current HTTP/robots eligibility; quality and search indexing separate
roomfeng.win,https://roomfeng.win/zh/blog/small-room-wardrobe-door-turning-clearance-feng-shui/,200,True,,,https://roomfeng.win/zh/blog/small-room-wardrobe-door-turning-clearance-feng-shui/,True,5,zh,Blog,UNKNOWN (supplied aggregate only),KEEP_INDEXABLE,current HTTP/robots eligibility; quality and search indexing separate
roomfeng.win,https://roomfeng.win/zh/blog/small-room-window-storage-clearance-feng-shui/,200,True,,,https://roomfeng.win/zh/blog/small-room-window-storage-clearance-feng-shui/,True,5,zh,Blog,UNKNOWN (supplied aggregate only),KEEP_INDEXABLE,current HTTP/robots eligibility; quality and search indexing separate
roomfeng.win,https://roomfeng.win/zh/blog/sofa-back-door-window-feng-shui/,200,True,,,https://roomfeng.win/zh/blog/sofa-back-door-window-feng-shui/,True,17,zh,Blog,UNKNOWN (supplied aggregate only),KEEP_INDEXABLE,current HTTP/robots eligibility; quality and search indexing separate
roomfeng.win,https://roomfeng.win/zh/blog/square-bedroom-entrance-bed-desk-zoning-feng-shui/,200,True,,,https://roomfeng.win/zh/blog/square-bedroom-entrance-bed-desk-zoning-feng-shui/,True,7,zh,Blog,UNKNOWN (supplied aggregate only),KEEP_INDEXABLE,current HTTP/robots eligibility; quality and search indexing separate
roomfeng.win,https://roomfeng.win/zh/blog/square-bedroom-layout-bed-foot-clearance-feng-shui/,200,True,,,https://roomfeng.win/zh/blog/square-bedroom-layout-bed-foot-clearance-feng-shui/,True,12,zh,Blog,UNKNOWN (supplied aggregate only),KEEP_INDEXABLE,current HTTP/robots eligibility; quality and search indexing separate
roomfeng.win,https://roomfeng.win/zh/blog/square-bedroom-layout-bed-wardrobe-clearance-feng-shui/,200,True,,,https://roomfeng.win/zh/blog/square-bedroom-layout-bed-wardrobe-clearance-feng-shui/,True,10,zh,Blog,UNKNOWN (supplied aggregate only),KEEP_INDEXABLE,current HTTP/robots eligibility; quality and search indexing separate
roomfeng.win,https://roomfeng.win/zh/blog/square-bedroom-layout-bedside-table-clearance-feng-shui/,200,True,,,https://roomfeng.win/zh/blog/square-bedroom-layout-bedside-table-clearance-feng-shui/,True,3,zh,Blog,UNKNOWN (supplied aggregate only),KEEP_INDEXABLE,current HTTP/robots eligibility; quality and search indexing separate
roomfeng.win,https://roomfeng.win/zh/blog/square-bedroom-layout-center-circulation-feng-shui/,200,True,,,https://roomfeng.win/zh/blog/square-bedroom-layout-center-circulation-feng-shui/,True,18,zh,Blog,UNKNOWN (supplied aggregate only),KEEP_INDEXABLE,current HTTP/robots eligibility; quality and search indexing separate
roomfeng.win,https://roomfeng.win/zh/blog/square-bedroom-layout-closet-corner-feng-shui/,200,True,,,https://roomfeng.win/zh/blog/square-bedroom-layout-closet-corner-feng-shui/,True,6,zh,Blog,UNKNOWN (supplied aggregate only),KEEP_INDEXABLE,current HTTP/robots eligibility; quality and search indexing separate
roomfeng.win,https://roomfeng.win/zh/blog/square-bedroom-layout-corner-shelf-feng-shui/,200,True,,,https://roomfeng.win/zh/blog/square-bedroom-layout-corner-shelf-feng-shui/,True,3,zh,Blog,UNKNOWN (supplied aggregate only),KEEP_INDEXABLE,current HTTP/robots eligibility; quality and search indexing separate
roomfeng.win,https://roomfeng.win/zh/blog/square-bedroom-layout-curtain-bed-gap-feng-shui/,200,True,,,https://roomfeng.win/zh/blog/square-bedroom-layout-curtain-bed-gap-feng-shui/,True,3,zh,Blog,UNKNOWN (supplied aggregate only),KEEP_INDEXABLE,current HTTP/robots eligibility; quality and search indexing separate
roomfeng.win,https://roomfeng.win/zh/blog/square-bedroom-layout-desk-wall-support-feng-shui/,200,True,,,https://roomfeng.win/zh/blog/square-bedroom-layout-desk-wall-support-feng-shui/,True,3,zh,Blog,UNKNOWN (supplied aggregate only),KEEP_INDEXABLE,current HTTP/robots eligibility; quality and search indexing separate
roomfeng.win,https://roomfeng.win/zh/blog/square-bedroom-layout-desk-window-glare-feng-shui/,200,True,,,https://roomfeng.win/zh/blog/square-bedroom-layout-desk-window-glare-feng-shui/,True,7,zh,Blog,UNKNOWN (supplied aggregate only),KEEP_INDEXABLE,current HTTP/robots eligibility; quality and search indexing separate
roomfeng.win,https://roomfeng.win/zh/blog/square-bedroom-layout-doorway-privacy-buffer-feng-shui/,200,True,,,https://roomfeng.win/zh/blog/square-bedroom-layout-doorway-privacy-buffer-feng-shui/,True,6,zh,Blog,UNKNOWN (supplied aggregate only),KEEP_INDEXABLE,current HTTP/robots eligibility; quality and search indexing separate
roomfeng.win,https://roomfeng.win/zh/blog/square-bedroom-layout-entryway-storage-feng-shui/,200,True,,,https://roomfeng.win/zh/blog/square-bedroom-layout-entryway-storage-feng-shui/,True,10,zh,Blog,UNKNOWN (supplied aggregate only),KEEP_INDEXABLE,current HTTP/robots eligibility; quality and search indexing separate
roomfeng.win,https://roomfeng.win/zh/blog/square-bedroom-layout-fan-airflow-feng-shui/,200,True,,,https://roomfeng.win/zh/blog/square-bedroom-layout-fan-airflow-feng-shui/,True,3,zh,Blog,UNKNOWN (supplied aggregate only),KEEP_INDEXABLE,current HTTP/robots eligibility; quality and search indexing separate
roomfeng.win,https://roomfeng.win/zh/blog/square-bedroom-layout-mirror-placement-feng-shui/,200,True,,,https://roomfeng.win/zh/blog/square-bedroom-layout-mirror-placement-feng-shui/,True,3,zh,Blog,UNKNOWN (supplied aggregate only),KEEP_INDEXABLE,current HTTP/robots eligibility; quality and search indexing separate
roomfeng.win,https://roomfeng.win/zh/blog/square-bedroom-layout-night-light-feng-shui/,200,True,,,https://roomfeng.win/zh/blog/square-bedroom-layout-night-light-feng-shui/,True,11,zh,Blog,UNKNOWN (supplied aggregate only),KEEP_INDEXABLE,current HTTP/robots eligibility; quality and search indexing separate
roomfeng.win,https://roomfeng.win/zh/blog/square-bedroom-layout-rental-measurement-feng-shui/,200,True,,,https://roomfeng.win/zh/blog/square-bedroom-layout-rental-measurement-feng-shui/,True,5,zh,Blog,UNKNOWN (supplied aggregate only),KEEP_INDEXABLE,current HTTP/robots eligibility; quality and search indexing separate
roomfeng.win,https://roomfeng.win/zh/blog/square-bedroom-layout-rug-edge-feng-shui/,200,True,,,https://roomfeng.win/zh/blog/square-bedroom-layout-rug-edge-feng-shui/,True,3,zh,Blog,UNKNOWN (supplied aggregate only),KEEP_INDEXABLE,current HTTP/robots eligibility; quality and search indexing separate
roomfeng.win,https://roomfeng.win/zh/blog/square-bedroom-layout-shared-bedroom-zoning-feng-shui/,200,True,,,https://roomfeng.win/zh/blog/square-bedroom-layout-shared-bedroom-zoning-feng-shui/,True,7,zh,Blog,UNKNOWN (supplied aggregate only),KEEP_INDEXABLE,current HTTP/robots eligibility; quality and search indexing separate
roomfeng.win,https://roomfeng.win/zh/blog/square-bedroom-layout-wardrobe-door-opening-feng-shui/,200,True,,,https://roomfeng.win/zh/blog/square-bedroom-layout-wardrobe-door-opening-feng-shui/,True,4,zh,Blog,UNKNOWN (supplied aggregate only),KEEP_INDEXABLE,current HTTP/robots eligibility; quality and search indexing separate
roomfeng.win,https://roomfeng.win/zh/blog/square-bedroom-layout-window-airflow-feng-shui/,200,True,,,https://roomfeng.win/zh/blog/square-bedroom-layout-window-airflow-feng-shui/,True,10,zh,Blog,UNKNOWN (supplied aggregate only),KEEP_INDEXABLE,current HTTP/robots eligibility; quality and search indexing separate
roomfeng.win,https://roomfeng.win/zh/blog/square-bedroom-layout-window-maintenance-feng-shui/,200,True,,,https://roomfeng.win/zh/blog/square-bedroom-layout-window-maintenance-feng-shui/,True,9,zh,Blog,UNKNOWN (supplied aggregate only),KEEP_INDEXABLE,current HTTP/robots eligibility; quality and search indexing separate
roomfeng.win,https://roomfeng.win/zh/blog/stove-facing-door-feng-shui/,200,True,,,https://roomfeng.win/zh/blog/stove-facing-door-feng-shui/,True,12,zh,Blog,UNKNOWN (supplied aggregate only),KEEP_INDEXABLE,current HTTP/robots eligibility; quality and search indexing separate
roomfeng.win,https://roomfeng.win/zh/blog/toilet-door-facing-bed/,200,True,,,https://roomfeng.win/zh/blog/toilet-door-facing-bed/,True,8,zh,Blog,UNKNOWN (supplied aggregate only),KEEP_INDEXABLE,current HTTP/robots eligibility; quality and search indexing separate
roomfeng.win,https://roomfeng.win/zh/blog/toilet-door-facing-living-room-feng-shui/,200,True,,,https://roomfeng.win/zh/blog/toilet-door-facing-living-room-feng-shui/,True,5,zh,Blog,UNKNOWN (supplied aggregate only),KEEP_INDEXABLE,current HTTP/robots eligibility; quality and search indexing separate
roomfeng.win,https://roomfeng.win/zh/blog/tv-facing-bed-feng-shui/,200,True,,,https://roomfeng.win/zh/blog/tv-facing-bed-feng-shui/,True,4,zh,Blog,UNKNOWN (supplied aggregate only),KEEP_INDEXABLE,current HTTP/robots eligibility; quality and search indexing separate
roomfeng.win,https://roomfeng.win/zh/blog/tv-facing-window-living-room-feng-shui/,200,True,,,https://roomfeng.win/zh/blog/tv-facing-window-living-room-feng-shui/,True,8,zh,Blog,UNKNOWN (supplied aggregate only),KEEP_INDEXABLE,current HTTP/robots eligibility; quality and search indexing separate
roomfeng.win,https://roomfeng.win/zh/blog/wardrobe-facing-bed-feng-shui/,200,True,,,https://roomfeng.win/zh/blog/wardrobe-facing-bed-feng-shui/,True,8,zh,Blog,UNKNOWN (supplied aggregate only),KEEP_INDEXABLE,current HTTP/robots eligibility; quality and search indexing separate
roomfeng.win,https://roomfeng.win/zh/blog/west-facing-room-heat/,200,True,,,https://roomfeng.win/zh/blog/west-facing-room-heat/,True,14,zh,Blog,UNKNOWN (supplied aggregate only),KEEP_INDEXABLE,current HTTP/robots eligibility; quality and search indexing separate
roomfeng.win,https://roomfeng.win/zh/mirror-facing-bed-feng-shui/,200,True,,,https://roomfeng.win/zh/mirror-facing-bed-feng-shui/,True,7,zh,Content,UNKNOWN (supplied aggregate only),KEEP_INDEXABLE,current HTTP/robots eligibility; quality and search indexing separate
roomfeng.win,https://roomfeng.win/zh/moving-new-home-os/activate/,200,False,"noindex, follow",,https://roomfeng.win/zh/moving-new-home-os/activate/,False,2,zh,Content,UNKNOWN (supplied aggregate only),NOINDEX,source policy classification required; do not bulk remove
roomfeng.win,https://roomfeng.win/en/moving-new-home-os/activate/,200,False,"noindex, follow",,https://roomfeng.win/en/moving-new-home-os/activate/,False,2,en,Content,UNKNOWN (supplied aggregate only),NOINDEX,source policy classification required; do not bulk remove
roomfeng.win,https://roomfeng.win/en/room-layout-matcher/,200,True,,,https://roomfeng.win/en/room-layout-matcher/,True,2,en,Content,UNKNOWN (supplied aggregate only),KEEP_INDEXABLE,current HTTP/robots eligibility; quality and search indexing separate
roomfeng.win,https://roomfeng.win/en/contractor-margin-guard/,200,True,,,https://roomfeng.win/en/contractor-margin-guard/,True,1,en,Content,UNKNOWN (supplied aggregate only),KEEP_INDEXABLE,current HTTP/robots eligibility; quality and search indexing separate
roomfeng.win,https://roomfeng.win/en/layout-guides/3x3-6m-bedroom-layout/,200,True,,,https://roomfeng.win/en/layout-guides/3x3-6m-bedroom-layout/,True,1,en,Content,UNKNOWN (supplied aggregate only),KEEP_INDEXABLE,current HTTP/robots eligibility; quality and search indexing separate
roomfeng.win,https://roomfeng.win/en/layout-guides/3x3m-bedroom-layout/,200,True,,,https://roomfeng.win/en/layout-guides/3x3m-bedroom-layout/,True,1,en,Content,UNKNOWN (supplied aggregate only),KEEP_INDEXABLE,current HTTP/robots eligibility; quality and search indexing separate
roomfeng.win,https://roomfeng.win/en/layout-guides/narrow-bedroom-layout/,200,True,,,https://roomfeng.win/en/layout-guides/narrow-bedroom-layout/,True,1,en,Content,UNKNOWN (supplied aggregate only),KEEP_INDEXABLE,current HTTP/robots eligibility; quality and search indexing separate
roomfeng.win,https://roomfeng.win/zh/layout-guides/10x10-bedroom-layout/,200,True,,,https://roomfeng.win/zh/layout-guides/10x10-bedroom-layout/,True,1,zh,Content,UNKNOWN (supplied aggregate only),KEEP_INDEXABLE,current HTTP/robots eligibility; quality and search indexing separate
roomfeng.win,https://roomfeng.win/zh/layout-guides/10x12-bedroom-queen-desk/,200,True,,,https://roomfeng.win/zh/layout-guides/10x12-bedroom-queen-desk/,True,6,zh,Content,UNKNOWN (supplied aggregate only),KEEP_INDEXABLE,current HTTP/robots eligibility; quality and search indexing separate
roomfeng.win,https://roomfeng.win/zh/layout-guides/300-sq-ft-studio-layout/,200,True,,,https://roomfeng.win/zh/layout-guides/300-sq-ft-studio-layout/,True,1,zh,Content,UNKNOWN (supplied aggregate only),KEEP_INDEXABLE,current HTTP/robots eligibility; quality and search indexing separate
roomfeng.win,https://roomfeng.win/zh/layout-guides/3x3-6m-bedroom-layout/,200,True,,,https://roomfeng.win/zh/layout-guides/3x3-6m-bedroom-layout/,True,1,zh,Content,UNKNOWN (supplied aggregate only),KEEP_INDEXABLE,current HTTP/robots eligibility; quality and search indexing separate
roomfeng.win,https://roomfeng.win/zh/layout-guides/3x3m-bedroom-layout/,200,True,,,https://roomfeng.win/zh/layout-guides/3x3m-bedroom-layout/,True,1,zh,Content,UNKNOWN (supplied aggregate only),KEEP_INDEXABLE,current HTTP/robots eligibility; quality and search indexing separate
roomfeng.win,https://roomfeng.win/zh/layout-guides/narrow-bedroom-layout/,200,True,,,https://roomfeng.win/zh/layout-guides/narrow-bedroom-layout/,True,1,zh,Content,UNKNOWN (supplied aggregate only),KEEP_INDEXABLE,current HTTP/robots eligibility; quality and search indexing separate
roomfeng.win,https://roomfeng.win/zh/room-layout-matcher/,200,True,,,https://roomfeng.win/zh/room-layout-matcher/,True,8,zh,Content,UNKNOWN (supplied aggregate only),KEEP_INDEXABLE,current HTTP/robots eligibility; quality and search indexing separate
roomfeng.win,https://roomfeng.win/zh/small-space-layout-vault/,200,True,,,https://roomfeng.win/zh/small-space-layout-vault/,True,8,zh,Content,UNKNOWN (supplied aggregate only),KEEP_INDEXABLE,current HTTP/robots eligibility; quality and search indexing separate
